category,original_catalog_key,original_b2_key,size,sha1,ext,source_folder,head_entropy_bits_per_byte,in_nxplel_export_folder,verdict,what_was_tried
B_unreadable_no_twin,_backup_import/CSV/matt salem contacts (2019_08_12 08_00_08 UTC).csv,consignatio/vault/v1/_backup_import/CSV/matt salem contacts (2019_08_12 08_00_08 UTC).csv,59043,a86251aef298bdd23488899c0ba7302c19adcc5b,csv,_backup_import/CSV,7.96,f,confirmed unreadable: extension names a marker format but the head is random bytes,"head 4 KiB read (b2 ranged GET) -> no format marker, not text, entropy 7.96; twin search by same file name + same size: 0 other hash(es) probed, 0 intact, 0 not readable in B2; other-size copies of the name in the catalog: 0 (find_other_version would propose these for review; none is a same-size twin); no repair engine exists for this type"
B_unreadable_no_twin,_backup_import/Takeout/My Activity/Gemini Apps/2023-03_2023-06_processed-7b472e878afc860f.csv,consignatio/vault/v1/_backup_import/Takeout/My Activity/Gemini Apps/2023-03_2023-06_processed-7b472e878afc860f.csv,206313,072a1dc71b3d4fbce0f8d8eb1cb828842b74352a,csv,_backup_import/Takeout/My Activity/Gemini Apps,7.947,f,confirmed unreadable: extension names a marker format but the head is random bytes,"head 4 KiB read (b2 ranged GET) -> no format marker, not text, entropy 7.947; twin search by same file name + same size: 1 other hash(es) probed, 0 intact, 1 not readable in B2; other-size copies of the name in the catalog: 0 (find_other_version would propose these for review; none is a same-size twin); no repair engine exists for this type"
B_unreadable_no_twin,_backup_import/Takeout/My Activity/Gemini Apps/2023-09_2023-12_processed-7b472e878afc860f.csv,consignatio/vault/v1/_backup_import/Takeout/My Activity/Gemini Apps/2023-09_2023-12_processed-7b472e878afc860f.csv,643605,1c8346c1da0022edfbc324aae0ddba0e37b112ae,csv,_backup_import/Takeout/My Activity/Gemini Apps,7.948,f,confirmed unreadable: extension names a marker format but the head is random bytes,"head 4 KiB read (b2 ranged GET) -> no format marker, not text, entropy 7.948; twin search by same file name + same size: 1 other hash(es) probed, 0 intact, 1 not readable in B2; other-size copies of the name in the catalog: 0 (find_other_version would propose these for review; none is a same-size twin); no repair engine exists for this type"
B_unreadable_no_twin,_backup_import/Takeout/My Activity/Gemini Apps/timeline_chunk_2024-Q2_process_pr-bf6b4b716cc5fb29.csv,consignatio/vault/v1/_backup_import/Takeout/My Activity/Gemini Apps/timeline_chunk_2024-Q2_process_pr-bf6b4b716cc5fb29.csv,1595654,9f3de17c35158650a0707d88ab3576ba4252b5e6,csv,_backup_import/Takeout/My Activity/Gemini Apps,7.955,f,confirmed unreadable: extension names a marker format but the head is random bytes,"head 4 KiB read (b2 ranged GET) -> no format marker, not text, entropy 7.955; twin search by same file name + same size: 0 other hash(es) probed, 0 intact, 0 not readable in B2; other-size copies of the name in the catalog: 0 (find_other_version would propose these for review; none is a same-size twin); no repair engine exists for this type"
B_unreadable_no_twin,Contacts.csv,consignatio/vault/v1/Contacts.csv,14762,430091a4435c3567ed3f4532e14151f5756eb1e7,csv,Contacts.csv,7.951,f,confirmed unreadable: extension names a marker format but the head is random bytes,"head 4 KiB read (b2 ranged GET) -> no format marker, not text, entropy 7.951; twin search by same file name + same size: 0 other hash(es) probed, 0 intact, 0 not readable in B2; other-size copies of the name in the catalog: 0 (find_other_version would propose these for review; none is a same-size twin); no repair engine exists for this type"
B_unreadable_no_twin,contacts-matt.salemnet@gmail.com-10-5.csv,consignatio/vault/v1/contacts-matt.salemnet@gmail.com-10-5.csv,59043,edc72459aadff54e394d24fea5f8a35fc0489b41,csv,contacts-matt.salemnet@gmail.com-10-5.csv,7.953,f,confirmed unreadable: extension names a marker format but the head is random bytes,"head 4 KiB read (b2 ranged GET) -> no format marker, not text, entropy 7.953; twin search by same file name + same size: 0 other hash(es) probed, 0 intact, 0 not readable in B2; other-size copies of the name in the catalog: 0 (find_other_version would propose these for review; none is a same-size twin); no repair engine exists for this type"
B_unreadable_no_twin,moved/court/fb/New Folder/Takeout/My Activity/Gemini Apps/f5b581df (2)-48208823a0619bed.csv,consignatio/vault/v1/moved/court/fb/New Folder/Takeout/My Activity/Gemini Apps/f5b581df (2)-48208823a0619bed.csv,7213398,10f6c7d33947248fb7a661641eb593504121175f,csv,moved/court/fb/New Folder/Takeout/My Activity/Gemini Apps,7.924,f,confirmed unreadable: extension names a marker format but the head is random bytes,"head 4 KiB read (b2 ranged GET) -> no format marker, not text, entropy 7.924; twin search by same file name + same size: 1 other hash(es) probed, 0 intact, 0 not readable in B2; other-size copies of the name in the catalog: 0 (find_other_version would propose these for review; none is a same-size twin); no repair engine exists for this type"
B_unreadable_no_twin,_backup_import/CSV/experian report 2-14 (2019_08_12 08_00_08 UTC)(1).docx,consignatio/vault/v1/_backup_import/CSV/experian report 2-14 (2019_08_12 08_00_08 UTC)(1).docx,55465,da76e9c135152c3dc78561e47b5c1a783deb27df,docx,_backup_import/CSV,7.955,f,confirmed unreadable: extension names a marker format but the head is random bytes,"head 4 KiB read (b2 ranged GET) -> no format marker, not text, entropy 7.955; twin search by same file name + same size: 0 other hash(es) probed, 0 intact, 0 not readable in B2; other-size copies of the name in the catalog: 0 (find_other_version would propose these for review; none is a same-size twin); no repair engine exists for this type"
B_unreadable_no_twin,_backup_import/CSV/experian report 2-14 (2019_08_12 08_00_08 UTC).docx,consignatio/vault/v1/_backup_import/CSV/experian report 2-14 (2019_08_12 08_00_08 UTC).docx,55465,55ed3ee2802e91c255cdfcbee1d650ed029c6f01,docx,_backup_import/CSV,7.957,f,confirmed unreadable: extension names a marker format but the head is random bytes,"head 4 KiB read (b2 ranged GET) -> no format marker, not text, entropy 7.957; twin search by same file name + same size: 0 other hash(es) probed, 0 intact, 0 not readable in B2; other-size copies of the name in the catalog: 0 (find_other_version would propose these for review; none is a same-size twin); no repair engine exists for this type"
B_unreadable_no_twin,Documents/f48686184.docx,consignatio/vault/v1/Documents/f48686184.docx,3194880,30a7034952d53f8a681e7daebf15af3b61e6d532,docx,Documents,7.95,f,confirmed unreadable: extension names a marker format but the head is random bytes,"head 4 KiB read (b2 ranged GET) -> no format marker, not text, entropy 7.95; twin search by same file name + same size: 1 other hash(es) probed, 0 intact, 0 not readable in B2; other-size copies of the name in the catalog: 0 (find_other_version would propose these for review; none is a same-size twin); no repair engine exists for this type"
B_unreadable_no_twin,experian report 2-14.docx,consignatio/vault/v1/experian report 2-14.docx,55465,9778db09eeb49e3fc438059e9c6b85a8b8b36d01,docx,experian report 2-14.docx,7.954,f,confirmed unreadable: extension names a marker format but the head is random bytes,"head 4 KiB read (b2 ranged GET) -> no format marker, not text, entropy 7.954; twin search by same file name + same size: 0 other hash(es) probed, 0 intact, 0 not readable in B2; other-size copies of the name in the catalog: 0 (find_other_version would propose these for review; none is a same-size twin); no repair engine exists for this type"
B_unreadable_no_twin,moved/court/fb/files/facebook-potentiallycursed85-2025-08-18-FbdI23EK/your_facebook_activity/messages/inbox/amdgeneraldiscussion_1475777842546415/gifs/271444206_477618370666070_7394033211642274538_n_1137951170294057.gif,consignatio/vault/v1/moved/court/fb/files/facebook-potentiallycursed85-2025-08-18-FbdI23EK/your_facebook_activity/messages/inbox/amdgeneraldiscussion_1475777842546415/gifs/271444206_477618370666070_7394033211642274538_n_1137951170294057.gif,10098973,bdbb6ebe9bacf1155a12cf66532314134bbcc188,gif,moved/court/fb/files/facebook-potentiallycursed85-2025-08-18-FbdI23EK/your_facebook_activity/messages/inbox/amdgeneraldiscussion_1475777842546415/gifs,7.949,f,confirmed unreadable: extension names a marker format but the head is random bytes,"head 4 KiB read (b2 ranged GET) -> no format marker, not text, entropy 7.949; twin search by same file name + same size: 1 other hash(es) probed, 0 intact, 1 not readable in B2; other-size copies of the name in the catalog: 0 (find_other_version would propose these for review; none is a same-size twin); no repair engine exists for this type"
B_unreadable_no_twin,moved/court/fb/files/facebook-potentiallycursed85-2025-08-18-FbdI23EK/your_facebook_activity/messages/inbox/amdgeneraldiscussion_1475777842546415/gifs/271444206_477618370666070_7394033211642274538_n_463990695347261.gif,consignatio/vault/v1/moved/court/fb/files/facebook-potentiallycursed85-2025-08-18-FbdI23EK/your_facebook_activity/messages/inbox/amdgeneraldiscussion_1475777842546415/gifs/271444206_477618370666070_7394033211642274538_n_463990695347261.gif,10098973,b516eb35cd0a143f6ef20f929fcba1464d2fe012,gif,moved/court/fb/files/facebook-potentiallycursed85-2025-08-18-FbdI23EK/your_facebook_activity/messages/inbox/amdgeneraldiscussion_1475777842546415/gifs,7.957,f,confirmed unreadable: extension names a marker format but the head is random bytes,"head 4 KiB read (b2 ranged GET) -> no format marker, not text, entropy 7.957; twin search by same file name + same size: 0 other hash(es) probed, 0 intact, 0 not readable in B2; other-size copies of the name in the catalog: 0 (find_other_version would propose these for review; none is a same-size twin); no repair engine exists for this type"
B_unreadable_no_twin,moved/court/fb/files/facebook-potentiallycursed85-2025-08-18-VviC620S/your_facebook_activity/messages/inbox/amdbuildersadminteamdiscussion_2341774025880192/gifs/53614307_408366429956873_8511976297012920320_n_3549099415206045.gif,consignatio/vault/v1/moved/court/fb/files/facebook-potentiallycursed85-2025-08-18-VviC620S/your_facebook_activity/messages/inbox/amdbuildersadminteamdiscussion_2341774025880192/gifs/53614307_408366429956873_8511976297012920320_n_3549099415206045.gif,925104,c58ec144d47c88d1dc91badd615673d58b381b1e,gif,moved/court/fb/files/facebook-potentiallycursed85-2025-08-18-VviC620S/your_facebook_activity/messages/inbox/amdbuildersadminteamdiscussion_2341774025880192/gifs,7.942,f,confirmed unreadable: extension names a marker format but the head is random bytes,"head 4 KiB read (b2 ranged GET) -> no format marker, not text, entropy 7.942; twin search by same file name + same size: 1 other hash(es) probed, 0 intact, 1 not readable in B2; other-size copies of the name in the catalog: 0 (find_other_version would propose these for review; none is a same-size twin); no repair engine exists for this type"
B_unreadable_no_twin,moved/court/fb/files/facebook-potentiallycursed85-2025-08-18-VviC620S/your_facebook_activity/messages/inbox/amdbuildersadminteamdiscussion_2341774025880192/gifs/84537956_2659232700812304_6260631393378762752_n_2904740976426895.gif,consignatio/vault/v1/moved/court/fb/files/facebook-potentiallycursed85-2025-08-18-VviC620S/your_facebook_activity/messages/inbox/amdbuildersadminteamdiscussion_2341774025880192/gifs/84537956_2659232700812304_6260631393378762752_n_2904740976426895.gif,1164313,0423ecbfa2031dc5e81a966c14ed6f344825ec17,gif,moved/court/fb/files/facebook-potentiallycursed85-2025-08-18-VviC620S/your_facebook_activity/messages/inbox/amdbuildersadminteamdiscussion_2341774025880192/gifs,7.833,f,confirmed unreadable: extension names a marker format but the head is random bytes,"head 4 KiB read (b2 ranged GET) -> no format marker, not text, entropy 7.833; twin search by same file name + same size: 1 other hash(es) probed, 0 intact, 1 not readable in B2; other-size copies of the name in the catalog: 0 (find_other_version would propose these for review; none is a same-size twin); no repair engine exists for this type"
B_unreadable_no_twin,moved/court/fb/files/messages (1)/inbox/amdbuildersadminteamdiscussion_2341774025880192/gifs/365415189_1610806066072109_5437730485836094670_n_720452370178860.gif,consignatio/vault/v1/moved/court/fb/files/messages (1)/inbox/amdbuildersadminteamdiscussion_2341774025880192/gifs/365415189_1610806066072109_5437730485836094670_n_720452370178860.gif,1001023,983f11df820892ee0e2aa3d020474c24bb551872,gif,moved/court/fb/files/messages (1)/inbox/amdbuildersadminteamdiscussion_2341774025880192/gifs,7.951,f,confirmed unreadable: extension names a marker format but the head is random bytes,"head 4 KiB read (b2 ranged GET) -> no format marker, not text, entropy 7.951; twin search by same file name + same size: 1 other hash(es) probed, 0 intact, 1 not readable in B2; other-size copies of the name in the catalog: 0 (find_other_version would propose these for review; none is a same-size twin); no repair engine exists for this type"
B_unreadable_no_twin,moved/court/fb/files/messages (1)/inbox/amdbuildersadminteamdiscussion_2341774025880192/gifs/366325613_196793763377010_874511205184926732_n_438864772441367.gif,consignatio/vault/v1/moved/court/fb/files/messages (1)/inbox/amdbuildersadminteamdiscussion_2341774025880192/gifs/366325613_196793763377010_874511205184926732_n_438864772441367.gif,1312926,01345bb809c79779efacefe8fa9a4aa5a08237de,gif,moved/court/fb/files/messages (1)/inbox/amdbuildersadminteamdiscussion_2341774025880192/gifs,7.953,f,confirmed unreadable: extension names a marker format but the head is random bytes,"head 4 KiB read (b2 ranged GET) -> no format marker, not text, entropy 7.953; twin search by same file name + same size: 1 other hash(es) probed, 0 intact, 1 not readable in B2; other-size copies of the name in the catalog: 0 (find_other_version would propose these for review; none is a same-size twin); no repair engine exists for this type"
B_unreadable_no_twin,moved/court/fb/files/messages (1)/inbox/amdbuildersadminteamdiscussion_2341774025880192/gifs/372922270_6605977532830525_9068721867185751031_n_1153187832535397.gif,consignatio/vault/v1/moved/court/fb/files/messages (1)/inbox/amdbuildersadminteamdiscussion_2341774025880192/gifs/372922270_6605977532830525_9068721867185751031_n_1153187832535397.gif,750204,05660aa8cabc21eacd0bf6445c09cbfc3510a4c5,gif,moved/court/fb/files/messages (1)/inbox/amdbuildersadminteamdiscussion_2341774025880192/gifs,7.95,f,confirmed unreadable: extension names a marker format but the head is random bytes,"head 4 KiB read (b2 ranged GET) -> no format marker, not text, entropy 7.95; twin search by same file name + same size: 1 other hash(es) probed, 0 intact, 1 not readable in B2; other-size copies of the name in the catalog: 0 (find_other_version would propose these for review; none is a same-size twin); no repair engine exists for this type"
B_unreadable_no_twin,moved/court/fb/files/messages (1)/inbox/amdbuildersadminteamdiscussion_2341774025880192/gifs/448547690_1367635943915406_2093093519594366453_n_525648336693391.gif,consignatio/vault/v1/moved/court/fb/files/messages (1)/inbox/amdbuildersadminteamdiscussion_2341774025880192/gifs/448547690_1367635943915406_2093093519594366453_n_525648336693391.gif,3044932,f17fda40c844f9812fd0e4244295aaaa30383e4c,gif,moved/court/fb/files/messages (1)/inbox/amdbuildersadminteamdiscussion_2341774025880192/gifs,7.957,f,confirmed unreadable: extension names a marker format but the head is random bytes,"head 4 KiB read (b2 ranged GET) -> no format marker, not text, entropy 7.957; twin search by same file name + same size: 1 other hash(es) probed, 0 intact, 1 not readable in B2; other-size copies of the name in the catalog: 0 (find_other_version would propose these for review; none is a same-size twin); no repair engine exists for this type"
B_unreadable_no_twin,moved/court/fb/files/messages (1)/inbox/amdbuildersadminteamdiscussion_2341774025880192/gifs/467102958_925402009472772_6000050953091752986_n_577300755293880.gif,consignatio/vault/v1/moved/court/fb/files/messages (1)/inbox/amdbuildersadminteamdiscussion_2341774025880192/gifs/467102958_925402009472772_6000050953091752986_n_577300755293880.gif,4181377,9ddabfee770c7d526ed652b07b42d87b6fdfafb6,gif,moved/court/fb/files/messages (1)/inbox/amdbuildersadminteamdiscussion_2341774025880192/gifs,7.958,f,confirmed unreadable: extension names a marker format but the head is random bytes,"head 4 KiB read (b2 ranged GET) -> no format marker, not text, entropy 7.958; twin search by same file name + same size: 1 other hash(es) probed, 0 intact, 1 not readable in B2; other-size copies of the name in the catalog: 0 (find_other_version would propose these for review; none is a same-size twin); no repair engine exists for this type"
B_unreadable_no_twin,moved/court/fb/messages (2)/e2ee_cutover/beccamortenson_10210201658650235/gifs/23552999_1907154462935206_6895284039100399616_n_2206950762910985.gif,consignatio/vault/v1/moved/court/fb/messages (2)/e2ee_cutover/beccamortenson_10210201658650235/gifs/23552999_1907154462935206_6895284039100399616_n_2206950762910985.gif,156945,83b3d4dc9e5e02ead660f3d48b3152c585b70afe,gif,moved/court/fb/messages (2)/e2ee_cutover/beccamortenson_10210201658650235/gifs,7.953,f,confirmed unreadable: extension names a marker format but the head is random bytes,"head 4 KiB read (b2 ranged GET) -> no format marker, not text, entropy 7.953; twin search by same file name + same size: 1 other hash(es) probed, 0 intact, 1 not readable in B2; other-size copies of the name in the catalog: 0 (find_other_version would propose these for review; none is a same-size twin); no repair engine exists for this type"
B_unreadable_no_twin,moved/court/fb/messages (2)/inbox/amdbuildersadminteamdiscussion_2341774025880192/gifs/469432930_1064271752046501_3964401536454038388_n_1294304945407990.gif,consignatio/vault/v1/moved/court/fb/messages (2)/inbox/amdbuildersadminteamdiscussion_2341774025880192/gifs/469432930_1064271752046501_3964401536454038388_n_1294304945407990.gif,976597,b2b51579691a5cbcb389b59a493a7408b2eaf329,gif,moved/court/fb/messages (2)/inbox/amdbuildersadminteamdiscussion_2341774025880192/gifs,7.932,f,confirmed unreadable: extension names a marker format but the head is random bytes,"head 4 KiB read (b2 ranged GET) -> no format marker, not text, entropy 7.932; twin search by same file name + same size: 1 other hash(es) probed, 0 intact, 1 not readable in B2; other-size copies of the name in the catalog: 0 (find_other_version would propose these for review; none is a same-size twin); no repair engine exists for this type"
B_unreadable_no_twin,moved/court/fb/New Folder/katrinakinzel_1614217831996100/gifs/20859745_1445096485559745_4979004261670060032_n_280648139474805.gif,consignatio/vault/v1/moved/court/fb/New Folder/katrinakinzel_1614217831996100/gifs/20859745_1445096485559745_4979004261670060032_n_280648139474805.gif,2125424,9d5e7624a60cdb6ba946ded4bc949e879c7c7584,gif,moved/court/fb/New Folder/katrinakinzel_1614217831996100/gifs,7.957,f,confirmed unreadable: extension names a marker format but the head is random bytes,"head 4 KiB read (b2 ranged GET) -> no format marker, not text, entropy 7.957; twin search by same file name + same size: 2 other hash(es) probed, 0 intact, 1 not readable in B2; other-size copies of the name in the catalog: 0 (find_other_version would propose these for review; none is a same-size twin); no repair engine exists for this type"
B_unreadable_no_twin,moved/court/fb/New Folder/katrinakinzel_1614217831996100/gifs/31921400_1647270435393734_6119943078104006656_n_2070373603274422.gif,consignatio/vault/v1/moved/court/fb/New Folder/katrinakinzel_1614217831996100/gifs/31921400_1647270435393734_6119943078104006656_n_2070373603274422.gif,3569248,94fe0e3fe26fa2659b7ec0db90bb536417ccd794,gif,moved/court/fb/New Folder/katrinakinzel_1614217831996100/gifs,7.951,f,confirmed unreadable: extension names a marker format but the head is random bytes,"head 4 KiB read (b2 ranged GET) -> no format marker, not text, entropy 7.951; twin search by same file name + same size: 1 other hash(es) probed, 0 intact, 1 not readable in B2; other-size copies of the name in the catalog: 0 (find_other_version would propose these for review; none is a same-size twin); no repair engine exists for this type"
B_unreadable_no_twin,moved/court/fb/New Folder/katrinakinzel_1614217831996100/gifs/31981082_2090049747691600_7600807257273532416_n_851229381931508.gif,consignatio/vault/v1/moved/court/fb/New Folder/katrinakinzel_1614217831996100/gifs/31981082_2090049747691600_7600807257273532416_n_851229381931508.gif,998867,c73cccc7646cb16fe73e139c17f7c52ba9cb1229,gif,moved/court/fb/New Folder/katrinakinzel_1614217831996100/gifs,7.946,f,confirmed unreadable: extension names a marker format but the head is random bytes,"head 4 KiB read (b2 ranged GET) -> no format marker, not text, entropy 7.946; twin search by same file name + same size: 1 other hash(es) probed, 0 intact, 1 not readable in B2; other-size copies of the name in the catalog: 0 (find_other_version would propose these for review; none is a same-size twin); no repair engine exists for this type"
B_unreadable_no_twin,moved/court/fb/New Folder/katrinakinzel_1614217831996100/gifs/338614036_3417259121892635_6360898760470752941_n_202326559184795.gif,consignatio/vault/v1/moved/court/fb/New Folder/katrinakinzel_1614217831996100/gifs/338614036_3417259121892635_6360898760470752941_n_202326559184795.gif,1267328,b4768e35401085fda1d4c00575a18ba8706e7c3b,gif,moved/court/fb/New Folder/katrinakinzel_1614217831996100/gifs,7.952,f,confirmed unreadable: extension names a marker format but the head is random bytes,"head 4 KiB read (b2 ranged GET) -> no format marker, not text, entropy 7.952; twin search by same file name + same size: 2 other hash(es) probed, 0 intact, 1 not readable in B2; other-size copies of the name in the catalog: 0 (find_other_version would propose these for review; none is a same-size twin); no repair engine exists for this type"
B_unreadable_no_twin,moved/court/fb/your_facebook_activity/messages/e2ee_cutover/joycesalemlee_866173013467256/gifs/15402321_980304685434223_5867209605926354944_n_1292767050855552.gif,consignatio/vault/v1/moved/court/fb/your_facebook_activity/messages/e2ee_cutover/joycesalemlee_866173013467256/gifs/15402321_980304685434223_5867209605926354944_n_1292767050855552.gif,1250189,250184b359a616c1f16e3793bf5c45d489abb472,gif,moved/court/fb/your_facebook_activity/messages/e2ee_cutover/joycesalemlee_866173013467256/gifs,7.946,f,confirmed unreadable: extension names a marker format but the head is random bytes,"head 4 KiB read (b2 ranged GET) -> no format marker, not text, entropy 7.946; twin search by same file name + same size: 1 other hash(es) probed, 0 intact, 1 not readable in B2; other-size copies of the name in the catalog: 0 (find_other_version would propose these for review; none is a same-size twin); no repair engine exists for this type"
B_unreadable_no_twin,moved/court/fb/your_facebook_activity/messages/e2ee_cutover/joycesalemlee_866173013467256/gifs/20859790_10155397187045813_4693668019165986816_n_1341653875966869.gif,consignatio/vault/v1/moved/court/fb/your_facebook_activity/messages/e2ee_cutover/joycesalemlee_866173013467256/gifs/20859790_10155397187045813_4693668019165986816_n_1341653875966869.gif,1887291,42a710054e56e9d1a9e24b68f001bc6fddce8958,gif,moved/court/fb/your_facebook_activity/messages/e2ee_cutover/joycesalemlee_866173013467256/gifs,7.905,f,confirmed unreadable: extension names a marker format but the head is random bytes,"head 4 KiB read (b2 ranged GET) -> no format marker, not text, entropy 7.905; twin search by same file name + same size: 1 other hash(es) probed, 0 intact, 1 not readable in B2; other-size copies of the name in the catalog: 0 (find_other_version would propose these for review; none is a same-size twin); no repair engine exists for this type"
B_unreadable_no_twin,moved/court/fb/your_facebook_activity/messages/e2ee_cutover/joycesalemlee_866173013467256/gifs/20952557_269497256878194_2417883875444260864_n_1292766910855566.gif,consignatio/vault/v1/moved/court/fb/your_facebook_activity/messages/e2ee_cutover/joycesalemlee_866173013467256/gifs/20952557_269497256878194_2417883875444260864_n_1292766910855566.gif,518509,59186fd6e2f4a6b6eda070a32498d1d34b5bdff7,gif,moved/court/fb/your_facebook_activity/messages/e2ee_cutover/joycesalemlee_866173013467256/gifs,7.933,f,confirmed unreadable: extension names a marker format but the head is random bytes,"head 4 KiB read (b2 ranged GET) -> no format marker, not text, entropy 7.933; twin search by same file name + same size: 1 other hash(es) probed, 0 intact, 1 not readable in B2; other-size copies of the name in the catalog: 0 (find_other_version would propose these for review; none is a same-size twin); no repair engine exists for this type"
B_unreadable_no_twin,moved/court/fb/your_facebook_activity/messages/e2ee_cutover/joycesalemlee_866173013467256/gifs/20952897_10155256338564221_272908896367017984_n_1325919690873621.gif,consignatio/vault/v1/moved/court/fb/your_facebook_activity/messages/e2ee_cutover/joycesalemlee_866173013467256/gifs/20952897_10155256338564221_272908896367017984_n_1325919690873621.gif,1114920,928d52379904296f22041619355e0ccda1b78e2c,gif,moved/court/fb/your_facebook_activity/messages/e2ee_cutover/joycesalemlee_866173013467256/gifs,7.926,f,confirmed unreadable: extension names a marker format but the head is random bytes,"head 4 KiB read (b2 ranged GET) -> no format marker, not text, entropy 7.926; twin search by same file name + same size: 1 other hash(es) probed, 0 intact, 1 not readable in B2; other-size copies of the name in the catalog: 0 (find_other_version would propose these for review; none is a same-size twin); no repair engine exists for this type"
B_unreadable_no_twin,moved/court/fb/your_facebook_activity/messages/e2ee_cutover/joycesalemlee_866173013467256/gifs/21297105_10210229074860392_326051437253492736_n_1328554517276805.gif,consignatio/vault/v1/moved/court/fb/your_facebook_activity/messages/e2ee_cutover/joycesalemlee_866173013467256/gifs/21297105_10210229074860392_326051437253492736_n_1328554517276805.gif,1803897,9a1adf70fc2a3c537ebde39e74428509a76760ce,gif,moved/court/fb/your_facebook_activity/messages/e2ee_cutover/joycesalemlee_866173013467256/gifs,7.934,f,confirmed unreadable: extension names a marker format but the head is random bytes,"head 4 KiB read (b2 ranged GET) -> no format marker, not text, entropy 7.934; twin search by same file name + same size: 1 other hash(es) probed, 0 intact, 1 not readable in B2; other-size copies of the name in the catalog: 0 (find_other_version would propose these for review; none is a same-size twin); no repair engine exists for this type"
B_unreadable_no_twin,moved/court/fb/your_facebook_activity/messages/inbox/katrinakinzel_1614217831996100/gifs/20859745_1445096485559745_4979004261670060032_n_280648139474805.gif,consignatio/vault/v1/moved/court/fb/your_facebook_activity/messages/inbox/katrinakinzel_1614217831996100/gifs/20859745_1445096485559745_4979004261670060032_n_280648139474805.gif,2125424,7d97decdfb8931fe2a19934e21681bf8aab15dd6,gif,moved/court/fb/your_facebook_activity/messages/inbox/katrinakinzel_1614217831996100/gifs,7.884,f,confirmed unreadable: extension names a marker format but the head is random bytes,"head 4 KiB read (b2 ranged GET) -> no format marker, not text, entropy 7.884; twin search by same file name + same size: 2 other hash(es) probed, 0 intact, 1 not readable in B2; other-size copies of the name in the catalog: 0 (find_other_version would propose these for review; none is a same-size twin); no repair engine exists for this type"
B_unreadable_no_twin,moved/court/fb/your_facebook_activity/messages/inbox/katrinakinzel_1614217831996100/gifs/338614036_3417259121892635_6360898760470752941_n_202326559184795.gif,consignatio/vault/v1/moved/court/fb/your_facebook_activity/messages/inbox/katrinakinzel_1614217831996100/gifs/338614036_3417259121892635_6360898760470752941_n_202326559184795.gif,1267328,d2055a9e918f97d2ee812b4eb5a18fe9e8535d2f,gif,moved/court/fb/your_facebook_activity/messages/inbox/katrinakinzel_1614217831996100/gifs,7.91,f,confirmed unreadable: extension names a marker format but the head is random bytes,"head 4 KiB read (b2 ranged GET) -> no format marker, not text, entropy 7.91; twin search by same file name + same size: 2 other hash(es) probed, 0 intact, 1 not readable in B2; other-size copies of the name in the catalog: 0 (find_other_version would propose these for review; none is a same-size twin); no repair engine exists for this type"
B_unreadable_no_twin,recup_dir.97/f49469504.gz,consignatio/vault/v1/recup_dir.97/f49469504.gz,417792,c96d5340285aa48fc16d5386dcce6846060141d0,gz,recup_dir.97,7.903,f,confirmed unreadable: extension names a marker format but the head is random bytes,"head 4 KiB read (b2 ranged GET) -> no format marker, not text, entropy 7.903; twin search by same file name + same size: 1 other hash(es) probed, 0 intact, 1 not readable in B2; other-size copies of the name in the catalog: 0 (find_other_version would propose these for review; none is a same-size twin); no repair engine exists for this type"
B_unreadable_no_twin,recup_dir.97/f49515024.gz,consignatio/vault/v1/recup_dir.97/f49515024.gz,700416,b185ac065e38ec1e239a9a6b04311c86705c5b03,gz,recup_dir.97,7.947,f,confirmed unreadable: extension names a marker format but the head is random bytes,"head 4 KiB read (b2 ranged GET) -> no format marker, not text, entropy 7.947; twin search by same file name + same size: 1 other hash(es) probed, 0 intact, 1 not readable in B2; other-size copies of the name in the catalog: 0 (find_other_version would propose these for review; none is a same-size twin); no repair engine exists for this type"
B_unreadable_no_twin,recup_dir.97/f49615600.gz,consignatio/vault/v1/recup_dir.97/f49615600.gz,237568,591182b614f87e5a25a0bcce8d4155ed23d22d87,gz,recup_dir.97,7.845,f,confirmed unreadable: extension names a marker format but the head is random bytes,"head 4 KiB read (b2 ranged GET) -> no format marker, not text, entropy 7.845; twin search by same file name + same size: 1 other hash(es) probed, 0 intact, 1 not readable in B2; other-size copies of the name in the catalog: 0 (find_other_version would propose these for review; none is a same-size twin); no repair engine exists for this type"
B_unreadable_no_twin,recup_dir.97/f49676032.gz,consignatio/vault/v1/recup_dir.97/f49676032.gz,528384,0b6c86f4700d68e7a48c48444a8fa52b33ffc4c4,gz,recup_dir.97,7.942,f,confirmed unreadable: extension names a marker format but the head is random bytes,"head 4 KiB read (b2 ranged GET) -> no format marker, not text, entropy 7.942; twin search by same file name + same size: 1 other hash(es) probed, 0 intact, 1 not readable in B2; other-size copies of the name in the catalog: 0 (find_other_version would propose these for review; none is a same-size twin); no repair engine exists for this type"
B_unreadable_no_twin,Backup/f48703464.heic,consignatio/vault/v1/Backup/f48703464.heic,1372160,326bf3d302e2e531983a215ff76c49efbe7435f0,heic,Backup,7.93,f,confirmed unreadable: extension names a marker format but the head is random bytes,"head 4 KiB read (b2 ranged GET) -> no format marker, not text, entropy 7.93; twin search by same file name + same size: 1 other hash(es) probed, 0 intact, 0 not readable in B2; other-size copies of the name in the catalog: 1 (find_other_version would propose these for review; none is a same-size twin); no repair engine exists for this type"
B_unreadable_no_twin,Documents/f48661400.heic,consignatio/vault/v1/Documents/f48661400.heic,2572288,b871762f33477cd4e93644ca12303a50ffe64708,heic,Documents,7.84,f,confirmed unreadable: extension names a marker format but the head is random bytes,"head 4 KiB read (b2 ranged GET) -> no format marker, not text, entropy 7.84; twin search by same file name + same size: 1 other hash(es) probed, 0 intact, 0 not readable in B2; other-size copies of the name in the catalog: 1 (find_other_version would propose these for review; none is a same-size twin); no repair engine exists for this type"
B_unreadable_no_twin,Documents/f48672240.heic,consignatio/vault/v1/Documents/f48672240.heic,1421312,58648fa8a2ab915d81615da68094ab3a5e6c608c,heic,Documents,7.954,f,confirmed unreadable: extension names a marker format but the head is random bytes,"head 4 KiB read (b2 ranged GET) -> no format marker, not text, entropy 7.954; twin search by same file name + same size: 1 other hash(es) probed, 0 intact, 0 not readable in B2; other-size copies of the name in the catalog: 1 (find_other_version would propose these for review; none is a same-size twin); no repair engine exists for this type"
B_unreadable_no_twin,Documents/f48692800.heic,consignatio/vault/v1/Documents/f48692800.heic,2326528,d28e39d8dd99fc23bf8d7e9274bc537f594c49bc,heic,Documents,7.882,f,confirmed unreadable: extension names a marker format but the head is random bytes,"head 4 KiB read (b2 ranged GET) -> no format marker, not text, entropy 7.882; twin search by same file name + same size: 1 other hash(es) probed, 0 intact, 0 not readable in B2; other-size copies of the name in the catalog: 1 (find_other_version would propose these for review; none is a same-size twin); no repair engine exists for this type"
B_unreadable_no_twin,Documents/f48700640.heic,consignatio/vault/v1/Documents/f48700640.heic,716800,2384b6057eb2da73887b4edd5387c33275a84737,heic,Documents,7.862,f,confirmed unreadable: extension names a marker format but the head is random bytes,"head 4 KiB read (b2 ranged GET) -> no format marker, not text, entropy 7.862; twin search by same file name + same size: 1 other hash(es) probed, 0 intact, 0 not readable in B2; other-size copies of the name in the catalog: 1 (find_other_version would propose these for review; none is a same-size twin); no repair engine exists for this type"
B_unreadable_no_twin,Documents/f48709984.heic,consignatio/vault/v1/Documents/f48709984.heic,880640,e4672a738734e2e8fb8fc357e6cc48dd5471cacc,heic,Documents,7.897,f,confirmed unreadable: extension names a marker format but the head is random bytes,"head 4 KiB read (b2 ranged GET) -> no format marker, not text, entropy 7.897; twin search by same file name + same size: 1 other hash(es) probed, 0 intact, 0 not readable in B2; other-size copies of the name in the catalog: 1 (find_other_version would propose these for review; none is a same-size twin); no repair engine exists for this type"
B_unreadable_no_twin,moved/court/fb/New Folder/Takeout/Google Photos/screens/IMG_0269.HEIC,consignatio/vault/v1/moved/court/fb/New Folder/Takeout/Google Photos/screens/IMG_0269.HEIC,1758095,86a2d4fa3abd2d47c11700daf0c29cc194d9db4e,heic,moved/court/fb/New Folder/Takeout/Google Photos/screens,7.955,f,confirmed unreadable: extension names a marker format but the head is random bytes,"head 4 KiB read (b2 ranged GET) -> no format marker, not text, entropy 7.955; twin search by same file name + same size: 0 other hash(es) probed, 0 intact, 0 not readable in B2; other-size copies of the name in the catalog: 2 (find_other_version would propose these for review; none is a same-size twin); no repair engine exists for this type"
B_unreadable_no_twin,moved/court/fb/New Folder/Takeout/Google Photos/screens/IMG_0273.HEIC,consignatio/vault/v1/moved/court/fb/New Folder/Takeout/Google Photos/screens/IMG_0273.HEIC,2554883,ec078b558ef05fc62c4a433d9c309e889010114a,heic,moved/court/fb/New Folder/Takeout/Google Photos/screens,7.948,f,confirmed unreadable: extension names a marker format but the head is random bytes,"head 4 KiB read (b2 ranged GET) -> no format marker, not text, entropy 7.948; twin search by same file name + same size: 0 other hash(es) probed, 0 intact, 0 not readable in B2; other-size copies of the name in the catalog: 1 (find_other_version would propose these for review; none is a same-size twin); no repair engine exists for this type"
B_unreadable_no_twin,moved/court/fb/New Folder/Takeout/Google Photos/screens/IMG_0275.HEIC,consignatio/vault/v1/moved/court/fb/New Folder/Takeout/Google Photos/screens/IMG_0275.HEIC,2700969,3d379ff3bd625f41151714586d9801bb4fa996ac,heic,moved/court/fb/New Folder/Takeout/Google Photos/screens,7.959,f,confirmed unreadable: extension names a marker format but the head is random bytes,"head 4 KiB read (b2 ranged GET) -> no format marker, not text, entropy 7.959; twin search by same file name + same size: 0 other hash(es) probed, 0 intact, 0 not readable in B2; other-size copies of the name in the catalog: 1 (find_other_version would propose these for review; none is a same-size twin); no repair engine exists for this type"
B_unreadable_no_twin,moved/court/fb/New Folder/Takeout/Google Photos/screens/IMG_1195(1).HEIC,consignatio/vault/v1/moved/court/fb/New Folder/Takeout/Google Photos/screens/IMG_1195(1).HEIC,1233961,5942d54b08cdcb6a68131a37fe3e134394ec4e1d,heic,moved/court/fb/New Folder/Takeout/Google Photos/screens,7.952,f,confirmed unreadable: extension names a marker format but the head is random bytes,"head 4 KiB read (b2 ranged GET) -> no format marker, not text, entropy 7.952; twin search by same file name + same size: 1 other hash(es) probed, 0 intact, 1 not readable in B2; other-size copies of the name in the catalog: 0 (find_other_version would propose these for review; none is a same-size twin); no repair engine exists for this type"
B_unreadable_no_twin,moved/court/fb/New Folder/Takeout/Google Photos/screens/IMG_1199.HEIC,consignatio/vault/v1/moved/court/fb/New Folder/Takeout/Google Photos/screens/IMG_1199.HEIC,3512423,5575dbcc3b72ddac9296efb3c2fe015d56bd033b,heic,moved/court/fb/New Folder/Takeout/Google Photos/screens,7.95,f,confirmed unreadable: extension names a marker format but the head is random bytes,"head 4 KiB read (b2 ranged GET) -> no format marker, not text, entropy 7.95; twin search by same file name + same size: 1 other hash(es) probed, 0 intact, 1 not readable in B2; other-size copies of the name in the catalog: 1 (find_other_version would propose these for review; none is a same-size twin); no repair engine exists for this type"
B_unreadable_no_twin,moved/court/fb/New Folder/Takeout/Google Photos/screens/IMG_1204(1).HEIC,consignatio/vault/v1/moved/court/fb/New Folder/Takeout/Google Photos/screens/IMG_1204(1).HEIC,1276453,5038a72e8328f3b860e4d3623751bf04806f75c9,heic,moved/court/fb/New Folder/Takeout/Google Photos/screens,7.961,f,confirmed unreadable: extension names a marker format but the head is random bytes,"head 4 KiB read (b2 ranged GET) -> no format marker, not text, entropy 7.961; twin search by same file name + same size: 1 other hash(es) probed, 0 intact, 1 not readable in B2; other-size copies of the name in the catalog: 0 (find_other_version would propose these for review; none is a same-size twin); no repair engine exists for this type"
B_unreadable_no_twin,moved/court/fb/New Folder/Takeout/Google Photos/screens/IMG_7191.HEIC,consignatio/vault/v1/moved/court/fb/New Folder/Takeout/Google Photos/screens/IMG_7191.HEIC,1120058,5507fb052954f5f9292a30081a875ead617185ee,heic,moved/court/fb/New Folder/Takeout/Google Photos/screens,7.95,f,confirmed unreadable: extension names a marker format but the head is random bytes,"head 4 KiB read (b2 ranged GET) -> no format marker, not text, entropy 7.95; twin search by same file name + same size: 1 other hash(es) probed, 0 intact, 1 not readable in B2; other-size copies of the name in the catalog: 1 (find_other_version would propose these for review; none is a same-size twin); no repair engine exists for this type"
B_unreadable_no_twin,moved/court/fb/New Folder/Takeout/Google Photos/screens/IMG_7193.HEIC,consignatio/vault/v1/moved/court/fb/New Folder/Takeout/Google Photos/screens/IMG_7193.HEIC,1052714,e9267dfeace15926dcb34613b64673f396ef44cf,heic,moved/court/fb/New Folder/Takeout/Google Photos/screens,7.953,f,confirmed unreadable: extension names a marker format but the head is random bytes,"head 4 KiB read (b2 ranged GET) -> no format marker, not text, entropy 7.953; twin search by same file name + same size: 1 other hash(es) probed, 0 intact, 1 not readable in B2; other-size copies of the name in the catalog: 1 (find_other_version would propose these for review; none is a same-size twin); no repair engine exists for this type"
B_unreadable_no_twin,moved/court/fb/New Folder/Takeout/Google Photos/screens/IMG_7202.HEIC,consignatio/vault/v1/moved/court/fb/New Folder/Takeout/Google Photos/screens/IMG_7202.HEIC,791418,062a7ea3b0a1b61e325b94e1625e7149f69e4a2a,heic,moved/court/fb/New Folder/Takeout/Google Photos/screens,7.951,f,confirmed unreadable: extension names a marker format but the head is random bytes,"head 4 KiB read (b2 ranged GET) -> no format marker, not text, entropy 7.951; twin search by same file name + same size: 1 other hash(es) probed, 0 intact, 1 not readable in B2; other-size copies of the name in the catalog: 1 (find_other_version would propose these for review; none is a same-size twin); no repair engine exists for this type"
B_unreadable_no_twin,moved/court/fb/New Folder/Takeout/Google Photos/screens/IMG_7206.HEIC,consignatio/vault/v1/moved/court/fb/New Folder/Takeout/Google Photos/screens/IMG_7206.HEIC,696916,a1e7dff9c4a2d8c4e72d425b585ab37f85512816,heic,moved/court/fb/New Folder/Takeout/Google Photos/screens,7.957,f,confirmed unreadable: extension names a marker format but the head is random bytes,"head 4 KiB read (b2 ranged GET) -> no format marker, not text, entropy 7.957; twin search by same file name + same size: 1 other hash(es) probed, 0 intact, 1 not readable in B2; other-size copies of the name in the catalog: 1 (find_other_version would propose these for review; none is a same-size twin); no repair engine exists for this type"
B_unreadable_no_twin,moved/court/fb/New Folder/Takeout/Google Photos/screens/IMG_7209.HEIC,consignatio/vault/v1/moved/court/fb/New Folder/Takeout/Google Photos/screens/IMG_7209.HEIC,714063,189ad924c8019e12be97045b52bc4e530747c13b,heic,moved/court/fb/New Folder/Takeout/Google Photos/screens,7.951,f,confirmed unreadable: extension names a marker format but the head is random bytes,"head 4 KiB read (b2 ranged GET) -> no format marker, not text, entropy 7.951; twin search by same file name + same size: 1 other hash(es) probed, 0 intact, 1 not readable in B2; other-size copies of the name in the catalog: 1 (find_other_version would propose these for review; none is a same-size twin); no repair engine exists for this type"
B_unreadable_no_twin,moved/court/fb/New Folder/Takeout/Google Photos/screens/IMG_7211.HEIC,consignatio/vault/v1/moved/court/fb/New Folder/Takeout/Google Photos/screens/IMG_7211.HEIC,1194998,54e5e601d7e29ee6f1bf713fa8fc7ef0c57c1336,heic,moved/court/fb/New Folder/Takeout/Google Photos/screens,7.96,f,confirmed unreadable: extension names a marker format but the head is random bytes,"head 4 KiB read (b2 ranged GET) -> no format marker, not text, entropy 7.96; twin search by same file name + same size: 1 other hash(es) probed, 0 intact, 1 not readable in B2; other-size copies of the name in the catalog: 1 (find_other_version would propose these for review; none is a same-size twin); no repair engine exists for this type"
B_unreadable_no_twin,moved/court/fb/New Folder/Takeout/Google Photos/screens/IMG_7216.HEIC,consignatio/vault/v1/moved/court/fb/New Folder/Takeout/Google Photos/screens/IMG_7216.HEIC,842813,70f6351a17c6d430b8bd529c413a19705217a0f0,heic,moved/court/fb/New Folder/Takeout/Google Photos/screens,7.95,f,confirmed unreadable: extension names a marker format but the head is random bytes,"head 4 KiB read (b2 ranged GET) -> no format marker, not text, entropy 7.95; twin search by same file name + same size: 1 other hash(es) probed, 0 intact, 1 not readable in B2; other-size copies of the name in the catalog: 1 (find_other_version would propose these for review; none is a same-size twin); no repair engine exists for this type"
B_unreadable_no_twin,moved/court/fb/New Folder/Takeout/Google Photos/screens/IMG_7217.HEIC,consignatio/vault/v1/moved/court/fb/New Folder/Takeout/Google Photos/screens/IMG_7217.HEIC,532908,650bd0761f04d8cb398293e437eb9e9a93a98d49,heic,moved/court/fb/New Folder/Takeout/Google Photos/screens,7.954,f,confirmed unreadable: extension names a marker format but the head is random bytes,"head 4 KiB read (b2 ranged GET) -> no format marker, not text, entropy 7.954; twin search by same file name + same size: 1 other hash(es) probed, 0 intact, 1 not readable in B2; other-size copies of the name in the catalog: 1 (find_other_version would propose these for review; none is a same-size twin); no repair engine exists for this type"
B_unreadable_no_twin,moved/court/fb/New Folder/Takeout/Google Photos/screens/IMG_7218.HEIC,consignatio/vault/v1/moved/court/fb/New Folder/Takeout/Google Photos/screens/IMG_7218.HEIC,1281416,b383bf3eabb2a530840a684adcef58180c6c0ac7,heic,moved/court/fb/New Folder/Takeout/Google Photos/screens,7.953,f,confirmed unreadable: extension names a marker format but the head is random bytes,"head 4 KiB read (b2 ranged GET) -> no format marker, not text, entropy 7.953; twin search by same file name + same size: 1 other hash(es) probed, 0 intact, 1 not readable in B2; other-size copies of the name in the catalog: 1 (find_other_version would propose these for review; none is a same-size twin); no repair engine exists for this type"
B_unreadable_no_twin,moved/court/fb/New Folder/Takeout/Google Photos/screens/IMG_7220(1).HEIC,consignatio/vault/v1/moved/court/fb/New Folder/Takeout/Google Photos/screens/IMG_7220(1).HEIC,1279654,f9bd7fd9833b468a99ce6492964a9ae5dcf447d9,heic,moved/court/fb/New Folder/Takeout/Google Photos/screens,7.956,f,confirmed unreadable: extension names a marker format but the head is random bytes,"head 4 KiB read (b2 ranged GET) -> no format marker, not text, entropy 7.956; twin search by same file name + same size: 1 other hash(es) probed, 0 intact, 1 not readable in B2; other-size copies of the name in the catalog: 0 (find_other_version would propose these for review; none is a same-size twin); no repair engine exists for this type"
B_unreadable_no_twin,moved/court/fb/New Folder/Takeout/Google Photos/screens/IMG_7221(1).HEIC,consignatio/vault/v1/moved/court/fb/New Folder/Takeout/Google Photos/screens/IMG_7221(1).HEIC,1259073,a4b7cde9e05345f6e407cfe12ab3828490627f01,heic,moved/court/fb/New Folder/Takeout/Google Photos/screens,7.959,f,confirmed unreadable: extension names a marker format but the head is random bytes,"head 4 KiB read (b2 ranged GET) -> no format marker, not text, entropy 7.959; twin search by same file name + same size: 1 other hash(es) probed, 0 intact, 1 not readable in B2; other-size copies of the name in the catalog: 0 (find_other_version would propose these for review; none is a same-size twin); no repair engine exists for this type"
B_unreadable_no_twin,moved/court/fb/New Folder/Takeout/Google Photos/screens/IMG_7223(1).HEIC,consignatio/vault/v1/moved/court/fb/New Folder/Takeout/Google Photos/screens/IMG_7223(1).HEIC,1239385,94d05112706c32b572dda5bdbe563e5b1ed6e146,heic,moved/court/fb/New Folder/Takeout/Google Photos/screens,7.962,f,confirmed unreadable: extension names a marker format but the head is random bytes,"head 4 KiB read (b2 ranged GET) -> no format marker, not text, entropy 7.962; twin search by same file name + same size: 1 other hash(es) probed, 0 intact, 1 not readable in B2; other-size copies of the name in the catalog: 0 (find_other_version would propose these for review; none is a same-size twin); no repair engine exists for this type"
B_unreadable_no_twin,recup_dir.96/f48672240.heic,consignatio/vault/v1/recup_dir.96/f48672240.heic,1421312,3d2ad1c6f12c0543f9195e59edccd281d691f94e,heic,recup_dir.96,7.901,f,confirmed unreadable: extension names a marker format but the head is random bytes,"head 4 KiB read (b2 ranged GET) -> no format marker, not text, entropy 7.901; twin search by same file name + same size: 1 other hash(es) probed, 0 intact, 0 not readable in B2; other-size copies of the name in the catalog: 1 (find_other_version would propose these for review; none is a same-size twin); no repair engine exists for this type"
B_unreadable_no_twin,recup_dir.96/f48677624.heic,consignatio/vault/v1/recup_dir.96/f48677624.heic,1843200,5d31e82705c26d8d906a73a0623fbed5f92dc712,heic,recup_dir.96,7.943,f,confirmed unreadable: extension names a marker format but the head is random bytes,"head 4 KiB read (b2 ranged GET) -> no format marker, not text, entropy 7.943; twin search by same file name + same size: 1 other hash(es) probed, 0 intact, 0 not readable in B2; other-size copies of the name in the catalog: 1 (find_other_version would propose these for review; none is a same-size twin); no repair engine exists for this type"
B_unreadable_no_twin,recup_dir.96/f48698288.heic,consignatio/vault/v1/recup_dir.96/f48698288.heic,1200128,d0a23b05d6eee6f873a774b0f19d96be290b523d,heic,recup_dir.96,7.951,f,confirmed unreadable: extension names a marker format but the head is random bytes,"head 4 KiB read (b2 ranged GET) -> no format marker, not text, entropy 7.951; twin search by same file name + same size: 1 other hash(es) probed, 0 intact, 0 not readable in B2; other-size copies of the name in the catalog: 1 (find_other_version would propose these for review; none is a same-size twin); no repair engine exists for this type"
B_unreadable_no_twin,_backup_import/Takeout/My Activity/Gemini Apps/timeline_visualizer-767d3a8d9463ff2f.html,consignatio/vault/v1/_backup_import/Takeout/My Activity/Gemini Apps/timeline_visualizer-767d3a8d9463ff2f.html,10065143,a40c07c55bbade9987770eaac4b402747d6f4d5e,html,_backup_import/Takeout/My Activity/Gemini Apps,7.931,f,confirmed unreadable: extension names a marker format but the head is random bytes,"head 4 KiB read (b2 ranged GET) -> no format marker, not text, entropy 7.931; twin search by same file name + same size: 1 other hash(es) probed, 0 intact, 1 not readable in B2; other-size copies of the name in the catalog: 0 (find_other_version would propose these for review; none is a same-size twin); HTML repair (lxml recover via repair.write-derived) only turns scrambled bytes into noise (tested on 3 such files 2026-10-02), not a fix"
B_unreadable_no_twin,_backup_import/Takeout/My Activity/Search/MyActivity.html,consignatio/vault/v1/_backup_import/Takeout/My Activity/Search/MyActivity.html,6389921,b53f1254c849b19736b27d33c8d3b35c9d92831f,html,_backup_import/Takeout/My Activity/Search,7.916,f,confirmed unreadable: extension names a marker format but the head is random bytes,"head 4 KiB read (b2 ranged GET) -> no format marker, not text, entropy 7.916; twin search by same file name + same size: 2 other hash(es) probed, 0 intact, 1 not readable in B2; other-size copies of the name in the catalog: 166 (find_other_version would propose these for review; none is a same-size twin); HTML repair (lxml recover via repair.write-derived) only turns scrambled bytes into noise (tested on 3 such files 2026-10-02), not a fix"
B_unreadable_no_twin,_backup_import/Takeout/Voice/Calls/+16502651193 - Voicemail - 2024-12-02T04_25_17Z.html,consignatio/vault/v1/_backup_import/Takeout/Voice/Calls/+16502651193 - Voicemail - 2024-12-02T04_25_17Z.html,10739,74815d63328e5151f5a1637e22144e3912943122,html,_backup_import/Takeout/Voice/Calls,7.96,f,confirmed unreadable: extension names a marker format but the head is random bytes,"head 4 KiB read (b2 ranged GET) -> no format marker, not text, entropy 7.96; twin search by same file name + same size: 1 other hash(es) probed, 0 intact, 1 not readable in B2; other-size copies of the name in the catalog: 0 (find_other_version would propose these for review; none is a same-size twin); HTML repair (lxml recover via repair.write-derived) only turns scrambled bytes into noise (tested on 3 such files 2026-10-02), not a fix"
B_unreadable_no_twin,_backup_import/Takeout/Voice/Calls/+16502651193 - Voicemail - 2024-12-02T05_38_39Z.html,consignatio/vault/v1/_backup_import/Takeout/Voice/Calls/+16502651193 - Voicemail - 2024-12-02T05_38_39Z.html,10739,f3e9ee6a69ce2838c10b27f9bb053d2595e4d88d,html,_backup_import/Takeout/Voice/Calls,7.951,f,confirmed unreadable: extension names a marker format but the head is random bytes,"head 4 KiB read (b2 ranged GET) -> no format marker, not text, entropy 7.951; twin search by same file name + same size: 1 other hash(es) probed, 0 intact, 1 not readable in B2; other-size copies of the name in the catalog: 0 (find_other_version would propose these for review; none is a same-size twin); HTML repair (lxml recover via repair.write-derived) only turns scrambled bytes into noise (tested on 3 such files 2026-10-02), not a fix"
B_unreadable_no_twin,_backup_import/Takeout/Voice/Calls/+18102689630 - Text - 2024-12-02T04_26_49Z.html,consignatio/vault/v1/_backup_import/Takeout/Voice/Calls/+18102689630 - Text - 2024-12-02T04_26_49Z.html,13760,52381ac06dcf99f379225bf13b5f0af49330c99a,html,_backup_import/Takeout/Voice/Calls,7.951,f,confirmed unreadable: extension names a marker format but the head is random bytes,"head 4 KiB read (b2 ranged GET) -> no format marker, not text, entropy 7.951; twin search by same file name + same size: 1 other hash(es) probed, 0 intact, 1 not readable in B2; other-size copies of the name in the catalog: 0 (find_other_version would propose these for review; none is a same-size twin); HTML repair (lxml recover via repair.write-derived) only turns scrambled bytes into noise (tested on 3 such files 2026-10-02), not a fix"
B_unreadable_no_twin,_backup_import/Takeout/Voice/Calls/+18102689630 - Text - 2024-12-02T07_48_34Z.html,consignatio/vault/v1/_backup_import/Takeout/Voice/Calls/+18102689630 - Text - 2024-12-02T07_48_34Z.html,2226,0e926b1128a347f01b4148904a7313b45ca714cf,html,_backup_import/Takeout/Voice/Calls,7.915,f,confirmed unreadable: extension names a marker format but the head is random bytes,"head 4 KiB read (b2 ranged GET) -> no format marker, not text, entropy 7.915; twin search by same file name + same size: 1 other hash(es) probed, 0 intact, 1 not readable in B2; other-size copies of the name in the catalog: 0 (find_other_version would propose these for review; none is a same-size twin); HTML repair (lxml recover via repair.write-derived) only turns scrambled bytes into noise (tested on 3 such files 2026-10-02), not a fix"
B_unreadable_no_twin,_backup_import/Takeout/Voice/Calls/+18103533592 - Text - 2025-02-19T07_57_12Z.html,consignatio/vault/v1/_backup_import/Takeout/Voice/Calls/+18103533592 - Text - 2025-02-19T07_57_12Z.html,4018,19bf073b0baed680313bfed40efe661a2f42337f,html,_backup_import/Takeout/Voice/Calls,7.956,f,confirmed unreadable: extension names a marker format but the head is random bytes,"head 4 KiB read (b2 ranged GET) -> no format marker, not text, entropy 7.956; twin search by same file name + same size: 1 other hash(es) probed, 0 intact, 1 not readable in B2; other-size copies of the name in the catalog: 0 (find_other_version would propose these for review; none is a same-size twin); HTML repair (lxml recover via repair.write-derived) only turns scrambled bytes into noise (tested on 3 such files 2026-10-02), not a fix"
B_unreadable_no_twin,_backup_import/Takeout/Voice/Calls/+18103533592 - Text - 2025-02-25T01_42_29Z.html,consignatio/vault/v1/_backup_import/Takeout/Voice/Calls/+18103533592 - Text - 2025-02-25T01_42_29Z.html,2357,9e944bbaacca55e78f5ba0878059e587e7f504ff,html,_backup_import/Takeout/Voice/Calls,7.916,f,confirmed unreadable: extension names a marker format but the head is random bytes,"head 4 KiB read (b2 ranged GET) -> no format marker, not text, entropy 7.916; twin search by same file name + same size: 1 other hash(es) probed, 0 intact, 1 not readable in B2; other-size copies of the name in the catalog: 0 (find_other_version would propose these for review; none is a same-size twin); HTML repair (lxml recover via repair.write-derived) only turns scrambled bytes into noise (tested on 3 such files 2026-10-02), not a fix"
B_unreadable_no_twin,_backup_import/Takeout/Voice/Calls/+18104296417 - Text - 2025-02-19T19_09_05Z.html,consignatio/vault/v1/_backup_import/Takeout/Voice/Calls/+18104296417 - Text - 2025-02-19T19_09_05Z.html,9724,dff7be3fc72be0959e061932da57e95016f00fee,html,_backup_import/Takeout/Voice/Calls,7.959,f,confirmed unreadable: extension names a marker format but the head is random bytes,"head 4 KiB read (b2 ranged GET) -> no format marker, not text, entropy 7.959; twin search by same file name + same size: 1 other hash(es) probed, 0 intact, 1 not readable in B2; other-size copies of the name in the catalog: 0 (find_other_version would propose these for review; none is a same-size twin); HTML repair (lxml recover via repair.write-derived) only turns scrambled bytes into noise (tested on 3 such files 2026-10-02), not a fix"
B_unreadable_no_twin,_backup_import/Takeout/Voice/Calls/+18105165453 - Text - 2024-12-03T21_57_30Z.html,consignatio/vault/v1/_backup_import/Takeout/Voice/Calls/+18105165453 - Text - 2024-12-03T21_57_30Z.html,6493,3c0c3c5849b5b08f33a3e77e1c72c0debe54d036,html,_backup_import/Takeout/Voice/Calls,7.96,f,confirmed unreadable: extension names a marker format but the head is random bytes,"head 4 KiB read (b2 ranged GET) -> no format marker, not text, entropy 7.96; twin search by same file name + same size: 1 other hash(es) probed, 0 intact, 1 not readable in B2; other-size copies of the name in the catalog: 0 (find_other_version would propose these for review; none is a same-size twin); HTML repair (lxml recover via repair.write-derived) only turns scrambled bytes into noise (tested on 3 such files 2026-10-02), not a fix"
B_unreadable_no_twin,moved/court/fb/facebook-potentiallycursed85-2025-08-18-NXPlelIY/apps_and_websites_off_of_facebook/permissions_you_have_granted_to_apps.html,consignatio/vault/v1/moved/court/fb/facebook-potentiallycursed85-2025-08-18-NXPlelIY/apps_and_websites_off_of_facebook/permissions_you_have_granted_to_apps.html,13302,a15cff8237f368a937a2fb52c2e4ae8e25f3af45,html,moved/court/fb/facebook-potentiallycursed85-2025-08-18-NXPlelIY/apps_and_websites_off_of_facebook,7.953,t,confirmed unreadable: extension names a marker format but the head is random bytes,"head 4 KiB read (b2 ranged GET) -> no format marker, not text, entropy 7.953; twin search by same file name + same size: 1 other hash(es) probed, 0 intact, 1 not readable in B2; other-size copies of the name in the catalog: 0 (find_other_version would propose these for review; none is a same-size twin); HTML repair (lxml recover via repair.write-derived) only turns scrambled bytes into noise (tested on 3 such files 2026-10-02), not a fix"
B_unreadable_no_twin,moved/court/fb/facebook-potentiallycursed85-2025-08-18-NXPlelIY/apps_and_websites_off_of_facebook/your_activity_off_meta_technologies/105.html,consignatio/vault/v1/moved/court/fb/facebook-potentiallycursed85-2025-08-18-NXPlelIY/apps_and_websites_off_of_facebook/your_activity_off_meta_technologies/105.html,17339,5957acc6ff88ee1a35e8223b77699e3a0c4845fb,html,moved/court/fb/facebook-potentiallycursed85-2025-08-18-NXPlelIY/apps_and_websites_off_of_facebook/your_activity_off_meta_technologies,7.951,t,confirmed unreadable: extension names a marker format but the head is random bytes,"head 4 KiB read (b2 ranged GET) -> no format marker, not text, entropy 7.951; twin search by same file name + same size: 1 other hash(es) probed, 0 intact, 1 not readable in B2; other-size copies of the name in the catalog: 0 (find_other_version would propose these for review; none is a same-size twin); HTML repair (lxml recover via repair.write-derived) only turns scrambled bytes into noise (tested on 3 such files 2026-10-02), not a fix"
B_unreadable_no_twin,moved/court/fb/facebook-potentiallycursed85-2025-08-18-NXPlelIY/apps_and_websites_off_of_facebook/your_activity_off_meta_technologies/106.html,consignatio/vault/v1/moved/court/fb/facebook-potentiallycursed85-2025-08-18-NXPlelIY/apps_and_websites_off_of_facebook/your_activity_off_meta_technologies/106.html,16635,7ff960126895e54d09326c6b6e5a37acfb0bb8fd,html,moved/court/fb/facebook-potentiallycursed85-2025-08-18-NXPlelIY/apps_and_websites_off_of_facebook/your_activity_off_meta_technologies,7.955,t,confirmed unreadable: extension names a marker format but the head is random bytes,"head 4 KiB read (b2 ranged GET) -> no format marker, not text, entropy 7.955; twin search by same file name + same size: 1 other hash(es) probed, 0 intact, 1 not readable in B2; other-size copies of the name in the catalog: 0 (find_other_version would propose these for review; none is a same-size twin); HTML repair (lxml recover via repair.write-derived) only turns scrambled bytes into noise (tested on 3 such files 2026-10-02), not a fix"
B_unreadable_no_twin,moved/court/fb/facebook-potentiallycursed85-2025-08-18-NXPlelIY/apps_and_websites_off_of_facebook/your_activity_off_meta_technologies/108.html,consignatio/vault/v1/moved/court/fb/facebook-potentiallycursed85-2025-08-18-NXPlelIY/apps_and_websites_off_of_facebook/your_activity_off_meta_technologies/108.html,18692,bd9853cafe0274205534965f58de5dfbec99ed21,html,moved/court/fb/facebook-potentiallycursed85-2025-08-18-NXPlelIY/apps_and_websites_off_of_facebook/your_activity_off_meta_technologies,7.961,t,confirmed unreadable: extension names a marker format but the head is random bytes,"head 4 KiB read (b2 ranged GET) -> no format marker, not text, entropy 7.961; twin search by same file name + same size: 1 other hash(es) probed, 0 intact, 1 not readable in B2; other-size copies of the name in the catalog: 0 (find_other_version would propose these for review; none is a same-size twin); HTML repair (lxml recover via repair.write-derived) only turns scrambled bytes into noise (tested on 3 such files 2026-10-02), not a fix"
B_unreadable_no_twin,moved/court/fb/facebook-potentiallycursed85-2025-08-18-NXPlelIY/apps_and_websites_off_of_facebook/your_activity_off_meta_technologies/110.html,consignatio/vault/v1/moved/court/fb/facebook-potentiallycursed85-2025-08-18-NXPlelIY/apps_and_websites_off_of_facebook/your_activity_off_meta_technologies/110.html,16293,8ace6550a1af0553aa31fef931b3bb0fe1c7df6e,html,moved/court/fb/facebook-potentiallycursed85-2025-08-18-NXPlelIY/apps_and_websites_off_of_facebook/your_activity_off_meta_technologies,7.949,t,confirmed unreadable: extension names a marker format but the head is random bytes,"head 4 KiB read (b2 ranged GET) -> no format marker, not text, entropy 7.949; twin search by same file name + same size: 1 other hash(es) probed, 0 intact, 1 not readable in B2; other-size copies of the name in the catalog: 0 (find_other_version would propose these for review; none is a same-size twin); HTML repair (lxml recover via repair.write-derived) only turns scrambled bytes into noise (tested on 3 such files 2026-10-02), not a fix"
B_unreadable_no_twin,moved/court/fb/facebook-potentiallycursed85-2025-08-18-NXPlelIY/apps_and_websites_off_of_facebook/your_activity_off_meta_technologies/113.html,consignatio/vault/v1/moved/court/fb/facebook-potentiallycursed85-2025-08-18-NXPlelIY/apps_and_websites_off_of_facebook/your_activity_off_meta_technologies/113.html,16293,b4442b0f85545da743a6b5ffc00a2c5e420ba330,html,moved/court/fb/facebook-potentiallycursed85-2025-08-18-NXPlelIY/apps_and_websites_off_of_facebook/your_activity_off_meta_technologies,7.95,t,confirmed unreadable: extension names a marker format but the head is random bytes,"head 4 KiB read (b2 ranged GET) -> no format marker, not text, entropy 7.95; twin search by same file name + same size: 1 other hash(es) probed, 0 intact, 1 not readable in B2; other-size copies of the name in the catalog: 0 (find_other_version would propose these for review; none is a same-size twin); HTML repair (lxml recover via repair.write-derived) only turns scrambled bytes into noise (tested on 3 such files 2026-10-02), not a fix"
B_unreadable_no_twin,moved/court/fb/facebook-potentiallycursed85-2025-08-18-NXPlelIY/apps_and_websites_off_of_facebook/your_activity_off_meta_technologies/124.html,consignatio/vault/v1/moved/court/fb/facebook-potentiallycursed85-2025-08-18-NXPlelIY/apps_and_websites_off_of_facebook/your_activity_off_meta_technologies/124.html,16291,89537f5d55442c92e064a80b163797ddfb9ecac9,html,moved/court/fb/facebook-potentiallycursed85-2025-08-18-NXPlelIY/apps_and_websites_off_of_facebook/your_activity_off_meta_technologies,7.96,t,confirmed unreadable: extension names a marker format but the head is random bytes,"head 4 KiB read (b2 ranged GET) -> no format marker, not text, entropy 7.96; twin search by same file name + same size: 1 other hash(es) probed, 0 intact, 1 not readable in B2; other-size copies of the name in the catalog: 0 (find_other_version would propose these for review; none is a same-size twin); HTML repair (lxml recover via repair.write-derived) only turns scrambled bytes into noise (tested on 3 such files 2026-10-02), not a fix"
B_unreadable_no_twin,moved/court/fb/facebook-potentiallycursed85-2025-08-18-NXPlelIY/apps_and_websites_off_of_facebook/your_activity_off_meta_technologies/127.html,consignatio/vault/v1/moved/court/fb/facebook-potentiallycursed85-2025-08-18-NXPlelIY/apps_and_websites_off_of_facebook/your_activity_off_meta_technologies/127.html,16641,93b9f9a3e68c6d3094b3490c35ae2a17b404b24f,html,moved/court/fb/facebook-potentiallycursed85-2025-08-18-NXPlelIY/apps_and_websites_off_of_facebook/your_activity_off_meta_technologies,7.945,t,confirmed unreadable: extension names a marker format but the head is random bytes,"head 4 KiB read (b2 ranged GET) -> no format marker, not text, entropy 7.945; twin search by same file name + same size: 1 other hash(es) probed, 0 intact, 1 not readable in B2; other-size copies of the name in the catalog: 0 (find_other_version would propose these for review; none is a same-size twin); HTML repair (lxml recover via repair.write-derived) only turns scrambled bytes into noise (tested on 3 such files 2026-10-02), not a fix"
B_unreadable_no_twin,moved/court/fb/facebook-potentiallycursed85-2025-08-18-NXPlelIY/apps_and_websites_off_of_facebook/your_activity_off_meta_technologies/129.html,consignatio/vault/v1/moved/court/fb/facebook-potentiallycursed85-2025-08-18-NXPlelIY/apps_and_websites_off_of_facebook/your_activity_off_meta_technologies/129.html,16314,542cc5fde484703c2211a217930f3e6c7731e6fa,html,moved/court/fb/facebook-potentiallycursed85-2025-08-18-NXPlelIY/apps_and_websites_off_of_facebook/your_activity_off_meta_technologies,7.954,t,confirmed unreadable: extension names a marker format but the head is random bytes,"head 4 KiB read (b2 ranged GET) -> no format marker, not text, entropy 7.954; twin search by same file name + same size: 1 other hash(es) probed, 0 intact, 1 not readable in B2; other-size copies of the name in the catalog: 0 (find_other_version would propose these for review; none is a same-size twin); HTML repair (lxml recover via repair.write-derived) only turns scrambled bytes into noise (tested on 3 such files 2026-10-02), not a fix"
B_unreadable_no_twin,moved/court/fb/facebook-potentiallycursed85-2025-08-18-NXPlelIY/apps_and_websites_off_of_facebook/your_activity_off_meta_technologies/131.html,consignatio/vault/v1/moved/court/fb/facebook-potentiallycursed85-2025-08-18-NXPlelIY/apps_and_websites_off_of_facebook/your_activity_off_meta_technologies/131.html,16292,051972e3596cc76f72f7d4ec172a1855ba681d6a,html,moved/court/fb/facebook-potentiallycursed85-2025-08-18-NXPlelIY/apps_and_websites_off_of_facebook/your_activity_off_meta_technologies,7.948,t,confirmed unreadable: extension names a marker format but the head is random bytes,"head 4 KiB read (b2 ranged GET) -> no format marker, not text, entropy 7.948; twin search by same file name + same size: 1 other hash(es) probed, 0 intact, 1 not readable in B2; other-size copies of the name in the catalog: 0 (find_other_version would propose these for review; none is a same-size twin); HTML repair (lxml recover via repair.write-derived) only turns scrambled bytes into noise (tested on 3 such files 2026-10-02), not a fix"
B_unreadable_no_twin,moved/court/fb/facebook-potentiallycursed85-2025-08-18-NXPlelIY/apps_and_websites_off_of_facebook/your_activity_off_meta_technologies/132.html,consignatio/vault/v1/moved/court/fb/facebook-potentiallycursed85-2025-08-18-NXPlelIY/apps_and_websites_off_of_facebook/your_activity_off_meta_technologies/132.html,16980,4a6b1e6ce2d0b901fcba7fe5bdc410c79e3a656b,html,moved/court/fb/facebook-potentiallycursed85-2025-08-18-NXPlelIY/apps_and_websites_off_of_facebook/your_activity_off_meta_technologies,7.955,t,confirmed unreadable: extension names a marker format but the head is random bytes,"head 4 KiB read (b2 ranged GET) -> no format marker, not text, entropy 7.955; twin search by same file name + same size: 1 other hash(es) probed, 0 intact, 1 not readable in B2; other-size copies of the name in the catalog: 0 (find_other_version would propose these for review; none is a same-size twin); HTML repair (lxml recover via repair.write-derived) only turns scrambled bytes into noise (tested on 3 such files 2026-10-02), not a fix"
B_unreadable_no_twin,moved/court/fb/facebook-potentiallycursed85-2025-08-18-NXPlelIY/apps_and_websites_off_of_facebook/your_activity_off_meta_technologies/142.html,consignatio/vault/v1/moved/court/fb/facebook-potentiallycursed85-2025-08-18-NXPlelIY/apps_and_websites_off_of_facebook/your_activity_off_meta_technologies/142.html,16971,5abe4cdc818b95ab80db2de7fa79424d9be3e439,html,moved/court/fb/facebook-potentiallycursed85-2025-08-18-NXPlelIY/apps_and_websites_off_of_facebook/your_activity_off_meta_technologies,7.954,t,confirmed unreadable: extension names a marker format but the head is random bytes,"head 4 KiB read (b2 ranged GET) -> no format marker, not text, entropy 7.954; twin search by same file name + same size: 1 other hash(es) probed, 0 intact, 1 not readable in B2; other-size copies of the name in the catalog: 0 (find_other_version would propose these for review; none is a same-size twin); HTML repair (lxml recover via repair.write-derived) only turns scrambled bytes into noise (tested on 3 such files 2026-10-02), not a fix"
B_unreadable_no_twin,moved/court/fb/facebook-potentiallycursed85-2025-08-18-NXPlelIY/apps_and_websites_off_of_facebook/your_activity_off_meta_technologies/154.html,consignatio/vault/v1/moved/court/fb/facebook-potentiallycursed85-2025-08-18-NXPlelIY/apps_and_websites_off_of_facebook/your_activity_off_meta_technologies/154.html,16291,824b3d40088071739b1fdf5308530e1d1f31e25d,html,moved/court/fb/facebook-potentiallycursed85-2025-08-18-NXPlelIY/apps_and_websites_off_of_facebook/your_activity_off_meta_technologies,7.95,t,confirmed unreadable: extension names a marker format but the head is random bytes,"head 4 KiB read (b2 ranged GET) -> no format marker, not text, entropy 7.95; twin search by same file name + same size: 1 other hash(es) probed, 0 intact, 1 not readable in B2; other-size copies of the name in the catalog: 0 (find_other_version would propose these for review; none is a same-size twin); HTML repair (lxml recover via repair.write-derived) only turns scrambled bytes into noise (tested on 3 such files 2026-10-02), not a fix"
B_unreadable_no_twin,moved/court/fb/facebook-potentiallycursed85-2025-08-18-NXPlelIY/apps_and_websites_off_of_facebook/your_activity_off_meta_technologies/160.html,consignatio/vault/v1/moved/court/fb/facebook-potentiallycursed85-2025-08-18-NXPlelIY/apps_and_websites_off_of_facebook/your_activity_off_meta_technologies/160.html,16285,00a5a22cff18156de0be8f0b92b6e0fa522d1f14,html,moved/court/fb/facebook-potentiallycursed85-2025-08-18-NXPlelIY/apps_and_websites_off_of_facebook/your_activity_off_meta_technologies,7.953,t,confirmed unreadable: extension names a marker format but the head is random bytes,"head 4 KiB read (b2 ranged GET) -> no format marker, not text, entropy 7.953; twin search by same file name + same size: 1 other hash(es) probed, 0 intact, 1 not readable in B2; other-size copies of the name in the catalog: 0 (find_other_version would propose these for review; none is a same-size twin); HTML repair (lxml recover via repair.write-derived) only turns scrambled bytes into noise (tested on 3 such files 2026-10-02), not a fix"
B_unreadable_no_twin,moved/court/fb/facebook-potentiallycursed85-2025-08-18-NXPlelIY/apps_and_websites_off_of_facebook/your_activity_off_meta_technologies/256.html,consignatio/vault/v1/moved/court/fb/facebook-potentiallycursed85-2025-08-18-NXPlelIY/apps_and_websites_off_of_facebook/your_activity_off_meta_technologies/256.html,16631,a669d39a27aed1c176f013695476a7876bf5cef2,html,moved/court/fb/facebook-potentiallycursed85-2025-08-18-NXPlelIY/apps_and_websites_off_of_facebook/your_activity_off_meta_technologies,7.95,t,confirmed unreadable: extension names a marker format but the head is random bytes,"head 4 KiB read (b2 ranged GET) -> no format marker, not text, entropy 7.95; twin search by same file name + same size: 1 other hash(es) probed, 0 intact, 1 not readable in B2; other-size copies of the name in the catalog: 0 (find_other_version would propose these for review; none is a same-size twin); HTML repair (lxml recover via repair.write-derived) only turns scrambled bytes into noise (tested on 3 such files 2026-10-02), not a fix"
B_unreadable_no_twin,moved/court/fb/facebook-potentiallycursed85-2025-08-18-NXPlelIY/apps_and_websites_off_of_facebook/your_activity_off_meta_technologies/258.html,consignatio/vault/v1/moved/court/fb/facebook-potentiallycursed85-2025-08-18-NXPlelIY/apps_and_websites_off_of_facebook/your_activity_off_meta_technologies/258.html,16634,215dbcb5f83fbde5348edfc2e92947dfe40472a7,html,moved/court/fb/facebook-potentiallycursed85-2025-08-18-NXPlelIY/apps_and_websites_off_of_facebook/your_activity_off_meta_technologies,7.949,t,confirmed unreadable: extension names a marker format but the head is random bytes,"head 4 KiB read (b2 ranged GET) -> no format marker, not text, entropy 7.949; twin search by same file name + same size: 1 other hash(es) probed, 0 intact, 1 not readable in B2; other-size copies of the name in the catalog: 0 (find_other_version would propose these for review; none is a same-size twin); HTML repair (lxml recover via repair.write-derived) only turns scrambled bytes into noise (tested on 3 such files 2026-10-02), not a fix"
B_unreadable_no_twin,moved/court/fb/facebook-potentiallycursed85-2025-08-18-NXPlelIY/apps_and_websites_off_of_facebook/your_activity_off_meta_technologies/262.html,consignatio/vault/v1/moved/court/fb/facebook-potentiallycursed85-2025-08-18-NXPlelIY/apps_and_websites_off_of_facebook/your_activity_off_meta_technologies/262.html,16293,a44b438bd3b3a79c117a23ba073c97a23ea5966b,html,moved/court/fb/facebook-potentiallycursed85-2025-08-18-NXPlelIY/apps_and_websites_off_of_facebook/your_activity_off_meta_technologies,7.949,t,confirmed unreadable: extension names a marker format but the head is random bytes,"head 4 KiB read (b2 ranged GET) -> no format marker, not text, entropy 7.949; twin search by same file name + same size: 1 other hash(es) probed, 0 intact, 1 not readable in B2; other-size copies of the name in the catalog: 0 (find_other_version would propose these for review; none is a same-size twin); HTML repair (lxml recover via repair.write-derived) only turns scrambled bytes into noise (tested on 3 such files 2026-10-02), not a fix"
B_unreadable_no_twin,moved/court/fb/facebook-potentiallycursed85-2025-08-18-NXPlelIY/apps_and_websites_off_of_facebook/your_activity_off_meta_technologies/26.html,consignatio/vault/v1/moved/court/fb/facebook-potentiallycursed85-2025-08-18-NXPlelIY/apps_and_websites_off_of_facebook/your_activity_off_meta_technologies/26.html,16292,20133b557c21c505dfcd5ac8207df4dd091f9b98,html,moved/court/fb/facebook-potentiallycursed85-2025-08-18-NXPlelIY/apps_and_websites_off_of_facebook/your_activity_off_meta_technologies,7.951,t,confirmed unreadable: extension names a marker format but the head is random bytes,"head 4 KiB read (b2 ranged GET) -> no format marker, not text, entropy 7.951; twin search by same file name + same size: 1 other hash(es) probed, 0 intact, 1 not readable in B2; other-size copies of the name in the catalog: 0 (find_other_version would propose these for review; none is a same-size twin); HTML repair (lxml recover via repair.write-derived) only turns scrambled bytes into noise (tested on 3 such files 2026-10-02), not a fix"
B_unreadable_no_twin,moved/court/fb/facebook-potentiallycursed85-2025-08-18-NXPlelIY/apps_and_websites_off_of_facebook/your_activity_off_meta_technologies/274.html,consignatio/vault/v1/moved/court/fb/facebook-potentiallycursed85-2025-08-18-NXPlelIY/apps_and_websites_off_of_facebook/your_activity_off_meta_technologies/274.html,16286,854b0aa06185911916461b46379294738f052030,html,moved/court/fb/facebook-potentiallycursed85-2025-08-18-NXPlelIY/apps_and_websites_off_of_facebook/your_activity_off_meta_technologies,7.961,t,confirmed unreadable: extension names a marker format but the head is random bytes,"head 4 KiB read (b2 ranged GET) -> no format marker, not text, entropy 7.961; twin search by same file name + same size: 1 other hash(es) probed, 0 intact, 1 not readable in B2; other-size copies of the name in the catalog: 0 (find_other_version would propose these for review; none is a same-size twin); HTML repair (lxml recover via repair.write-derived) only turns scrambled bytes into noise (tested on 3 such files 2026-10-02), not a fix"
B_unreadable_no_twin,moved/court/fb/facebook-potentiallycursed85-2025-08-18-NXPlelIY/apps_and_websites_off_of_facebook/your_activity_off_meta_technologies/281.html,consignatio/vault/v1/moved/court/fb/facebook-potentiallycursed85-2025-08-18-NXPlelIY/apps_and_websites_off_of_facebook/your_activity_off_meta_technologies/281.html,16299,cdf3cd2b9e39824d720ee4945a39384ed7b20116,html,moved/court/fb/facebook-potentiallycursed85-2025-08-18-NXPlelIY/apps_and_websites_off_of_facebook/your_activity_off_meta_technologies,7.957,t,confirmed unreadable: extension names a marker format but the head is random bytes,"head 4 KiB read (b2 ranged GET) -> no format marker, not text, entropy 7.957; twin search by same file name + same size: 1 other hash(es) probed, 0 intact, 1 not readable in B2; other-size copies of the name in the catalog: 0 (find_other_version would propose these for review; none is a same-size twin); HTML repair (lxml recover via repair.write-derived) only turns scrambled bytes into noise (tested on 3 such files 2026-10-02), not a fix"
B_unreadable_no_twin,moved/court/fb/facebook-potentiallycursed85-2025-08-18-NXPlelIY/apps_and_websites_off_of_facebook/your_activity_off_meta_technologies/282.html,consignatio/vault/v1/moved/court/fb/facebook-potentiallycursed85-2025-08-18-NXPlelIY/apps_and_websites_off_of_facebook/your_activity_off_meta_technologies/282.html,16639,8ee832c27c3dc880f0cf84f4c49401c35c1bc970,html,moved/court/fb/facebook-potentiallycursed85-2025-08-18-NXPlelIY/apps_and_websites_off_of_facebook/your_activity_off_meta_technologies,7.964,t,confirmed unreadable: extension names a marker format but the head is random bytes,"head 4 KiB read (b2 ranged GET) -> no format marker, not text, entropy 7.964; twin search by same file name + same size: 1 other hash(es) probed, 0 intact, 1 not readable in B2; other-size copies of the name in the catalog: 0 (find_other_version would propose these for review; none is a same-size twin); HTML repair (lxml recover via repair.write-derived) only turns scrambled bytes into noise (tested on 3 such files 2026-10-02), not a fix"
B_unreadable_no_twin,moved/court/fb/facebook-potentiallycursed85-2025-08-18-NXPlelIY/apps_and_websites_off_of_facebook/your_activity_off_meta_technologies/28.html,consignatio/vault/v1/moved/court/fb/facebook-potentiallycursed85-2025-08-18-NXPlelIY/apps_and_websites_off_of_facebook/your_activity_off_meta_technologies/28.html,19046,0a133e50b6067ec057692f0506848544339f78db,html,moved/court/fb/facebook-potentiallycursed85-2025-08-18-NXPlelIY/apps_and_websites_off_of_facebook/your_activity_off_meta_technologies,7.953,t,confirmed unreadable: extension names a marker format but the head is random bytes,"head 4 KiB read (b2 ranged GET) -> no format marker, not text, entropy 7.953; twin search by same file name + same size: 1 other hash(es) probed, 0 intact, 1 not readable in B2; other-size copies of the name in the catalog: 0 (find_other_version would propose these for review; none is a same-size twin); HTML repair (lxml recover via repair.write-derived) only turns scrambled bytes into noise (tested on 3 such files 2026-10-02), not a fix"
B_unreadable_no_twin,moved/court/fb/facebook-potentiallycursed85-2025-08-18-NXPlelIY/apps_and_websites_off_of_facebook/your_activity_off_meta_technologies/297.html,consignatio/vault/v1/moved/court/fb/facebook-potentiallycursed85-2025-08-18-NXPlelIY/apps_and_websites_off_of_facebook/your_activity_off_meta_technologies/297.html,16302,8a84c186674d9dedd2dfb8755862299b74b77c44,html,moved/court/fb/facebook-potentiallycursed85-2025-08-18-NXPlelIY/apps_and_websites_off_of_facebook/your_activity_off_meta_technologies,7.952,t,confirmed unreadable: extension names a marker format but the head is random bytes,"head 4 KiB read (b2 ranged GET) -> no format marker, not text, entropy 7.952; twin search by same file name + same size: 1 other hash(es) probed, 0 intact, 1 not readable in B2; other-size copies of the name in the catalog: 0 (find_other_version would propose these for review; none is a same-size twin); HTML repair (lxml recover via repair.write-derived) only turns scrambled bytes into noise (tested on 3 such files 2026-10-02), not a fix"
B_unreadable_no_twin,moved/court/fb/facebook-potentiallycursed85-2025-08-18-NXPlelIY/apps_and_websites_off_of_facebook/your_activity_off_meta_technologies/299.html,consignatio/vault/v1/moved/court/fb/facebook-potentiallycursed85-2025-08-18-NXPlelIY/apps_and_websites_off_of_facebook/your_activity_off_meta_technologies/299.html,16313,5bbbf377f7c2b0ed7798e9d2cdfcc3193d0b3f90,html,moved/court/fb/facebook-potentiallycursed85-2025-08-18-NXPlelIY/apps_and_websites_off_of_facebook/your_activity_off_meta_technologies,7.955,t,confirmed unreadable: extension names a marker format but the head is random bytes,"head 4 KiB read (b2 ranged GET) -> no format marker, not text, entropy 7.955; twin search by same file name + same size: 1 other hash(es) probed, 0 intact, 1 not readable in B2; other-size copies of the name in the catalog: 0 (find_other_version would propose these for review; none is a same-size twin); HTML repair (lxml recover via repair.write-derived) only turns scrambled bytes into noise (tested on 3 such files 2026-10-02), not a fix"
B_unreadable_no_twin,moved/court/fb/facebook-potentiallycursed85-2025-08-18-NXPlelIY/apps_and_websites_off_of_facebook/your_activity_off_meta_technologies/301.html,consignatio/vault/v1/moved/court/fb/facebook-potentiallycursed85-2025-08-18-NXPlelIY/apps_and_websites_off_of_facebook/your_activity_off_meta_technologies/301.html,16651,24e9e7d1536613b72c87b8a6f9515f0955e57372,html,moved/court/fb/facebook-potentiallycursed85-2025-08-18-NXPlelIY/apps_and_websites_off_of_facebook/your_activity_off_meta_technologies,7.952,t,confirmed unreadable: extension names a marker format but the head is random bytes,"head 4 KiB read (b2 ranged GET) -> no format marker, not text, entropy 7.952; twin search by same file name + same size: 1 other hash(es) probed, 0 intact, 1 not readable in B2; other-size copies of the name in the catalog: 0 (find_other_version would propose these for review; none is a same-size twin); HTML repair (lxml recover via repair.write-derived) only turns scrambled bytes into noise (tested on 3 such files 2026-10-02), not a fix"
B_unreadable_no_twin,moved/court/fb/facebook-potentiallycursed85-2025-08-18-NXPlelIY/apps_and_websites_off_of_facebook/your_activity_off_meta_technologies/30.html,consignatio/vault/v1/moved/court/fb/facebook-potentiallycursed85-2025-08-18-NXPlelIY/apps_and_websites_off_of_facebook/your_activity_off_meta_technologies/30.html,16293,9b4982beedf675d91519d322d90517ff73f87e21,html,moved/court/fb/facebook-potentiallycursed85-2025-08-18-NXPlelIY/apps_and_websites_off_of_facebook/your_activity_off_meta_technologies,7.956,t,confirmed unreadable: extension names a marker format but the head is random bytes,"head 4 KiB read (b2 ranged GET) -> no format marker, not text, entropy 7.956; twin search by same file name + same size: 1 other hash(es) probed, 0 intact, 1 not readable in B2; other-size copies of the name in the catalog: 0 (find_other_version would propose these for review; none is a same-size twin); HTML repair (lxml recover via repair.write-derived) only turns scrambled bytes into noise (tested on 3 such files 2026-10-02), not a fix"
B_unreadable_no_twin,moved/court/fb/facebook-potentiallycursed85-2025-08-18-NXPlelIY/apps_and_websites_off_of_facebook/your_activity_off_meta_technologies/317.html,consignatio/vault/v1/moved/court/fb/facebook-potentiallycursed85-2025-08-18-NXPlelIY/apps_and_websites_off_of_facebook/your_activity_off_meta_technologies/317.html,16307,e488ef00cf7fa7016aa6af5e2025259f2110b56b,html,moved/court/fb/facebook-potentiallycursed85-2025-08-18-NXPlelIY/apps_and_websites_off_of_facebook/your_activity_off_meta_technologies,7.956,t,confirmed unreadable: extension names a marker format but the head is random bytes,"head 4 KiB read (b2 ranged GET) -> no format marker, not text, entropy 7.956; twin search by same file name + same size: 1 other hash(es) probed, 0 intact, 1 not readable in B2; other-size copies of the name in the catalog: 0 (find_other_version would propose these for review; none is a same-size twin); HTML repair (lxml recover via repair.write-derived) only turns scrambled bytes into noise (tested on 3 such files 2026-10-02), not a fix"
B_unreadable_no_twin,moved/court/fb/facebook-potentiallycursed85-2025-08-18-NXPlelIY/apps_and_websites_off_of_facebook/your_activity_off_meta_technologies/319.html,consignatio/vault/v1/moved/court/fb/facebook-potentiallycursed85-2025-08-18-NXPlelIY/apps_and_websites_off_of_facebook/your_activity_off_meta_technologies/319.html,16655,b00fef2c0aa266e6bbb7acf338aace5f5452b056,html,moved/court/fb/facebook-potentiallycursed85-2025-08-18-NXPlelIY/apps_and_websites_off_of_facebook/your_activity_off_meta_technologies,7.96,t,confirmed unreadable: extension names a marker format but the head is random bytes,"head 4 KiB read (b2 ranged GET) -> no format marker, not text, entropy 7.96; twin search by same file name + same size: 1 other hash(es) probed, 0 intact, 1 not readable in B2; other-size copies of the name in the catalog: 0 (find_other_version would propose these for review; none is a same-size twin); HTML repair (lxml recover via repair.write-derived) only turns scrambled bytes into noise (tested on 3 such files 2026-10-02), not a fix"
B_unreadable_no_twin,moved/court/fb/facebook-potentiallycursed85-2025-08-18-NXPlelIY/apps_and_websites_off_of_facebook/your_activity_off_meta_technologies/323.html,consignatio/vault/v1/moved/court/fb/facebook-potentiallycursed85-2025-08-18-NXPlelIY/apps_and_websites_off_of_facebook/your_activity_off_meta_technologies/323.html,16306,be6d355ef1690a20427f0545fe98d73075438758,html,moved/court/fb/facebook-potentiallycursed85-2025-08-18-NXPlelIY/apps_and_websites_off_of_facebook/your_activity_off_meta_technologies,7.952,t,confirmed unreadable: extension names a marker format but the head is random bytes,"head 4 KiB read (b2 ranged GET) -> no format marker, not text, entropy 7.952; twin search by same file name + same size: 1 other hash(es) probed, 0 intact, 1 not readable in B2; other-size copies of the name in the catalog: 0 (find_other_version would propose these for review; none is a same-size twin); HTML repair (lxml recover via repair.write-derived) only turns scrambled bytes into noise (tested on 3 such files 2026-10-02), not a fix"
B_unreadable_no_twin,moved/court/fb/facebook-potentiallycursed85-2025-08-18-NXPlelIY/apps_and_websites_off_of_facebook/your_activity_off_meta_technologies/33.html,consignatio/vault/v1/moved/court/fb/facebook-potentiallycursed85-2025-08-18-NXPlelIY/apps_and_websites_off_of_facebook/your_activity_off_meta_technologies/33.html,16295,314f52d7d7f385261c573670c9f68d63f2c7dc42,html,moved/court/fb/facebook-potentiallycursed85-2025-08-18-NXPlelIY/apps_and_websites_off_of_facebook/your_activity_off_meta_technologies,7.953,t,confirmed unreadable: extension names a marker format but the head is random bytes,"head 4 KiB read (b2 ranged GET) -> no format marker, not text, entropy 7.953; twin search by same file name + same size: 1 other hash(es) probed, 0 intact, 1 not readable in B2; other-size copies of the name in the catalog: 0 (find_other_version would propose these for review; none is a same-size twin); HTML repair (lxml recover via repair.write-derived) only turns scrambled bytes into noise (tested on 3 such files 2026-10-02), not a fix"
B_unreadable_no_twin,moved/court/fb/facebook-potentiallycursed85-2025-08-18-NXPlelIY/apps_and_websites_off_of_facebook/your_activity_off_meta_technologies/40.html,consignatio/vault/v1/moved/court/fb/facebook-potentiallycursed85-2025-08-18-NXPlelIY/apps_and_websites_off_of_facebook/your_activity_off_meta_technologies/40.html,16294,b22af8a7289755cdda6c24699c97df82aa00e621,html,moved/court/fb/facebook-potentiallycursed85-2025-08-18-NXPlelIY/apps_and_websites_off_of_facebook/your_activity_off_meta_technologies,7.955,t,confirmed unreadable: extension names a marker format but the head is random bytes,"head 4 KiB read (b2 ranged GET) -> no format marker, not text, entropy 7.955; twin search by same file name + same size: 1 other hash(es) probed, 0 intact, 1 not readable in B2; other-size copies of the name in the catalog: 0 (find_other_version would propose these for review; none is a same-size twin); HTML repair (lxml recover via repair.write-derived) only turns scrambled bytes into noise (tested on 3 such files 2026-10-02), not a fix"
B_unreadable_no_twin,moved/court/fb/facebook-potentiallycursed85-2025-08-18-NXPlelIY/apps_and_websites_off_of_facebook/your_activity_off_meta_technologies/56.html,consignatio/vault/v1/moved/court/fb/facebook-potentiallycursed85-2025-08-18-NXPlelIY/apps_and_websites_off_of_facebook/your_activity_off_meta_technologies/56.html,17323,3da31fe1dd03c0b72727e3c2cf8da7b314026846,html,moved/court/fb/facebook-potentiallycursed85-2025-08-18-NXPlelIY/apps_and_websites_off_of_facebook/your_activity_off_meta_technologies,7.956,t,confirmed unreadable: extension names a marker format but the head is random bytes,"head 4 KiB read (b2 ranged GET) -> no format marker, not text, entropy 7.956; twin search by same file name + same size: 1 other hash(es) probed, 0 intact, 1 not readable in B2; other-size copies of the name in the catalog: 0 (find_other_version would propose these for review; none is a same-size twin); HTML repair (lxml recover via repair.write-derived) only turns scrambled bytes into noise (tested on 3 such files 2026-10-02), not a fix"
B_unreadable_no_twin,moved/court/fb/facebook-potentiallycursed85-2025-08-18-NXPlelIY/apps_and_websites_off_of_facebook/your_activity_off_meta_technologies/58.html,consignatio/vault/v1/moved/court/fb/facebook-potentiallycursed85-2025-08-18-NXPlelIY/apps_and_websites_off_of_facebook/your_activity_off_meta_technologies/58.html,16634,e77fbefeac4858b354427e4c90cc36b6b5a1794d,html,moved/court/fb/facebook-potentiallycursed85-2025-08-18-NXPlelIY/apps_and_websites_off_of_facebook/your_activity_off_meta_technologies,7.955,t,confirmed unreadable: extension names a marker format but the head is random bytes,"head 4 KiB read (b2 ranged GET) -> no format marker, not text, entropy 7.955; twin search by same file name + same size: 1 other hash(es) probed, 0 intact, 1 not readable in B2; other-size copies of the name in the catalog: 0 (find_other_version would propose these for review; none is a same-size twin); HTML repair (lxml recover via repair.write-derived) only turns scrambled bytes into noise (tested on 3 such files 2026-10-02), not a fix"
B_unreadable_no_twin,moved/court/fb/facebook-potentiallycursed85-2025-08-18-NXPlelIY/apps_and_websites_off_of_facebook/your_activity_off_meta_technologies/62.html,consignatio/vault/v1/moved/court/fb/facebook-potentiallycursed85-2025-08-18-NXPlelIY/apps_and_websites_off_of_facebook/your_activity_off_meta_technologies/62.html,18348,c3f549489009efc8024a52d85817de5817b093a8,html,moved/court/fb/facebook-potentiallycursed85-2025-08-18-NXPlelIY/apps_and_websites_off_of_facebook/your_activity_off_meta_technologies,7.953,t,confirmed unreadable: extension names a marker format but the head is random bytes,"head 4 KiB read (b2 ranged GET) -> no format marker, not text, entropy 7.953; twin search by same file name + same size: 1 other hash(es) probed, 0 intact, 1 not readable in B2; other-size copies of the name in the catalog: 0 (find_other_version would propose these for review; none is a same-size twin); HTML repair (lxml recover via repair.write-derived) only turns scrambled bytes into noise (tested on 3 such files 2026-10-02), not a fix"
B_unreadable_no_twin,moved/court/fb/facebook-potentiallycursed85-2025-08-18-NXPlelIY/apps_and_websites_off_of_facebook/your_activity_off_meta_technologies/74.html,consignatio/vault/v1/moved/court/fb/facebook-potentiallycursed85-2025-08-18-NXPlelIY/apps_and_websites_off_of_facebook/your_activity_off_meta_technologies/74.html,24919,a8148a68d1b72d40eeab829fa3f18f8f384d2216,html,moved/court/fb/facebook-potentiallycursed85-2025-08-18-NXPlelIY/apps_and_websites_off_of_facebook/your_activity_off_meta_technologies,7.959,t,confirmed unreadable: extension names a marker format but the head is random bytes,"head 4 KiB read (b2 ranged GET) -> no format marker, not text, entropy 7.959; twin search by same file name + same size: 1 other hash(es) probed, 0 intact, 1 not readable in B2; other-size copies of the name in the catalog: 0 (find_other_version would propose these for review; none is a same-size twin); HTML repair (lxml recover via repair.write-derived) only turns scrambled bytes into noise (tested on 3 such files 2026-10-02), not a fix"
B_unreadable_no_twin,moved/court/fb/facebook-potentiallycursed85-2025-08-18-NXPlelIY/apps_and_websites_off_of_facebook/your_activity_off_meta_technologies/81.html,consignatio/vault/v1/moved/court/fb/facebook-potentiallycursed85-2025-08-18-NXPlelIY/apps_and_websites_off_of_facebook/your_activity_off_meta_technologies/81.html,16312,f9e7976130df5da871c2b74b0d2ce45b49481681,html,moved/court/fb/facebook-potentiallycursed85-2025-08-18-NXPlelIY/apps_and_websites_off_of_facebook/your_activity_off_meta_technologies,7.961,t,confirmed unreadable: extension names a marker format but the head is random bytes,"head 4 KiB read (b2 ranged GET) -> no format marker, not text, entropy 7.961; twin search by same file name + same size: 1 other hash(es) probed, 0 intact, 1 not readable in B2; other-size copies of the name in the catalog: 0 (find_other_version would propose these for review; none is a same-size twin); HTML repair (lxml recover via repair.write-derived) only turns scrambled bytes into noise (tested on 3 such files 2026-10-02), not a fix"
B_unreadable_no_twin,moved/court/fb/facebook-potentiallycursed85-2025-08-18-NXPlelIY/apps_and_websites_off_of_facebook/your_activity_off_meta_technologies/97.html,consignatio/vault/v1/moved/court/fb/facebook-potentiallycursed85-2025-08-18-NXPlelIY/apps_and_websites_off_of_facebook/your_activity_off_meta_technologies/97.html,16982,7b8c7cbd3dd785d4897af1f67872b1bc46cfac59,html,moved/court/fb/facebook-potentiallycursed85-2025-08-18-NXPlelIY/apps_and_websites_off_of_facebook/your_activity_off_meta_technologies,7.947,t,confirmed unreadable: extension names a marker format but the head is random bytes,"head 4 KiB read (b2 ranged GET) -> no format marker, not text, entropy 7.947; twin search by same file name + same size: 1 other hash(es) probed, 0 intact, 1 not readable in B2; other-size copies of the name in the catalog: 0 (find_other_version would propose these for review; none is a same-size twin); HTML repair (lxml recover via repair.write-derived) only turns scrambled bytes into noise (tested on 3 such files 2026-10-02), not a fix"
B_unreadable_no_twin,moved/court/fb/facebook-potentiallycursed85-2025-08-18-NXPlelIY/apps_and_websites_off_of_facebook/your_activity_off_meta_technologies/99.html,consignatio/vault/v1/moved/court/fb/facebook-potentiallycursed85-2025-08-18-NXPlelIY/apps_and_websites_off_of_facebook/your_activity_off_meta_technologies/99.html,17327,417e8239d4c489d22c7e57532ac3244d62725089,html,moved/court/fb/facebook-potentiallycursed85-2025-08-18-NXPlelIY/apps_and_websites_off_of_facebook/your_activity_off_meta_technologies,7.948,t,confirmed unreadable: extension names a marker format but the head is random bytes,"head 4 KiB read (b2 ranged GET) -> no format marker, not text, entropy 7.948; twin search by same file name + same size: 1 other hash(es) probed, 0 intact, 1 not readable in B2; other-size copies of the name in the catalog: 0 (find_other_version would propose these for review; none is a same-size twin); HTML repair (lxml recover via repair.write-derived) only turns scrambled bytes into noise (tested on 3 such files 2026-10-02), not a fix"
B_unreadable_no_twin,moved/court/fb/facebook-potentiallycursed85-2025-08-18-NXPlelIY/apps_and_websites_off_of_facebook/your_activity_off_meta_technologies/afterpay_2631653680405193_1847862512137890_afterpay.html,consignatio/vault/v1/moved/court/fb/facebook-potentiallycursed85-2025-08-18-NXPlelIY/apps_and_websites_off_of_facebook/your_activity_off_meta_technologies/afterpay_2631653680405193_1847862512137890_afterpay.html,15273,15dcb2524964f4a678d9791f5b6f9da392572dcf,html,moved/court/fb/facebook-potentiallycursed85-2025-08-18-NXPlelIY/apps_and_websites_off_of_facebook/your_activity_off_meta_technologies,7.96,t,confirmed unreadable: extension names a marker format but the head is random bytes,"head 4 KiB read (b2 ranged GET) -> no format marker, not text, entropy 7.96; twin search by same file name + same size: 1 other hash(es) probed, 0 intact, 1 not readable in B2; other-size copies of the name in the catalog: 0 (find_other_version would propose these for review; none is a same-size twin); HTML repair (lxml recover via repair.write-derived) only turns scrambled bytes into noise (tested on 3 such files 2026-10-02), not a fix"
B_unreadable_no_twin,moved/court/fb/facebook-potentiallycursed85-2025-08-18-NXPlelIY/apps_and_websites_off_of_facebook/your_activity_off_meta_technologies/anthropic_2631653680405193_440738538310258_anthropic.html,consignatio/vault/v1/moved/court/fb/facebook-potentiallycursed85-2025-08-18-NXPlelIY/apps_and_websites_off_of_facebook/your_activity_off_meta_technologies/anthropic_2631653680405193_440738538310258_anthropic.html,13504,7f9d8c2141148a6d5e92c6b3a2024385bc56fffa,html,moved/court/fb/facebook-potentiallycursed85-2025-08-18-NXPlelIY/apps_and_websites_off_of_facebook/your_activity_off_meta_technologies,7.954,t,confirmed unreadable: extension names a marker format but the head is random bytes,"head 4 KiB read (b2 ranged GET) -> no format marker, not text, entropy 7.954; twin search by same file name + same size: 1 other hash(es) probed, 0 intact, 1 not readable in B2; other-size copies of the name in the catalog: 0 (find_other_version would propose these for review; none is a same-size twin); HTML repair (lxml recover via repair.write-derived) only turns scrambled bytes into noise (tested on 3 such files 2026-10-02), not a fix"
B_unreadable_no_twin,moved/court/fb/facebook-potentiallycursed85-2025-08-18-NXPlelIY/apps_and_websites_off_of_facebook/your_activity_off_meta_technologies/betterment_2631653680405193_10152494902287284_betterment.html,consignatio/vault/v1/moved/court/fb/facebook-potentiallycursed85-2025-08-18-NXPlelIY/apps_and_websites_off_of_facebook/your_activity_off_meta_technologies/betterment_2631653680405193_10152494902287284_betterment.html,13522,9bfa887329956ccecd9e4a9e30857819430a9706,html,moved/court/fb/facebook-potentiallycursed85-2025-08-18-NXPlelIY/apps_and_websites_off_of_facebook/your_activity_off_meta_technologies,7.948,t,confirmed unreadable: extension names a marker format but the head is random bytes,"head 4 KiB read (b2 ranged GET) -> no format marker, not text, entropy 7.948; twin search by same file name + same size: 1 other hash(es) probed, 0 intact, 1 not readable in B2; other-size copies of the name in the catalog: 0 (find_other_version would propose these for review; none is a same-size twin); HTML repair (lxml recover via repair.write-derived) only turns scrambled bytes into noise (tested on 3 such files 2026-10-02), not a fix"
B_unreadable_no_twin,moved/court/fb/facebook-potentiallycursed85-2025-08-18-NXPlelIY/apps_and_websites_off_of_facebook/your_activity_off_meta_technologies/bluedot.io_2631653680405193_2208986649127041_bluedot.io.html,consignatio/vault/v1/moved/court/fb/facebook-potentiallycursed85-2025-08-18-NXPlelIY/apps_and_websites_off_of_facebook/your_activity_off_meta_technologies/bluedot.io_2631653680405193_2208986649127041_bluedot.io.html,13509,0d8fbd462a905e45c923c6a87bfec64aac1cdeab,html,moved/court/fb/facebook-potentiallycursed85-2025-08-18-NXPlelIY/apps_and_websites_off_of_facebook/your_activity_off_meta_technologies,7.956,t,confirmed unreadable: extension names a marker format but the head is random bytes,"head 4 KiB read (b2 ranged GET) -> no format marker, not text, entropy 7.956; twin search by same file name + same size: 1 other hash(es) probed, 0 intact, 1 not readable in B2; other-size copies of the name in the catalog: 0 (find_other_version would propose these for review; none is a same-size twin); HTML repair (lxml recover via repair.write-derived) only turns scrambled bytes into noise (tested on 3 such files 2026-10-02), not a fix"
B_unreadable_no_twin,moved/court/fb/facebook-potentiallycursed85-2025-08-18-NXPlelIY/apps_and_websites_off_of_facebook/your_activity_off_meta_technologies/cushionai_2631653680405193_355948868207239_cushionai.html,consignatio/vault/v1/moved/court/fb/facebook-potentiallycursed85-2025-08-18-NXPlelIY/apps_and_websites_off_of_facebook/your_activity_off_meta_technologies/cushionai_2631653680405193_355948868207239_cushionai.html,19664,a38dcf6b27dcf0b0a7c53eca2e4abf828775b5f7,html,moved/court/fb/facebook-potentiallycursed85-2025-08-18-NXPlelIY/apps_and_websites_off_of_facebook/your_activity_off_meta_technologies,7.947,t,confirmed unreadable: extension names a marker format but the head is random bytes,"head 4 KiB read (b2 ranged GET) -> no format marker, not text, entropy 7.947; twin search by same file name + same size: 1 other hash(es) probed, 0 intact, 1 not readable in B2; other-size copies of the name in the catalog: 0 (find_other_version would propose these for review; none is a same-size twin); HTML repair (lxml recover via repair.write-derived) only turns scrambled bytes into noise (tested on 3 such files 2026-10-02), not a fix"
B_unreadable_no_twin,moved/court/fb/facebook-potentiallycursed85-2025-08-18-NXPlelIY/apps_and_websites_off_of_facebook/your_activity_off_meta_technologies/doctorsim.com_2631653680405193_1742030702488212_doctorsim.com.html,consignatio/vault/v1/moved/court/fb/facebook-potentiallycursed85-2025-08-18-NXPlelIY/apps_and_websites_off_of_facebook/your_activity_off_meta_technologies/doctorsim.com_2631653680405193_1742030702488212_doctorsim.com.html,13513,7064c52947dcabdd1e86fd5c6e9bfefe41084170,html,moved/court/fb/facebook-potentiallycursed85-2025-08-18-NXPlelIY/apps_and_websites_off_of_facebook/your_activity_off_meta_technologies,7.956,t,confirmed unreadable: extension names a marker format but the head is random bytes,"head 4 KiB read (b2 ranged GET) -> no format marker, not text, entropy 7.956; twin search by same file name + same size: 1 other hash(es) probed, 0 intact, 1 not readable in B2; other-size copies of the name in the catalog: 0 (find_other_version would propose these for review; none is a same-size twin); HTML repair (lxml recover via repair.write-derived) only turns scrambled bytes into noise (tested on 3 such files 2026-10-02), not a fix"
B_unreadable_no_twin,moved/court/fb/facebook-potentiallycursed85-2025-08-18-NXPlelIY/apps_and_websites_off_of_facebook/your_activity_off_meta_technologies/freeprints_2631653680405193_381879551922470_freeprints.html,consignatio/vault/v1/moved/court/fb/facebook-potentiallycursed85-2025-08-18-NXPlelIY/apps_and_websites_off_of_facebook/your_activity_off_meta_technologies/freeprints_2631653680405193_381879551922470_freeprints.html,13947,679bbee494cb2eb63401b99ef89fa14708a8f9fa,html,moved/court/fb/facebook-potentiallycursed85-2025-08-18-NXPlelIY/apps_and_websites_off_of_facebook/your_activity_off_meta_technologies,7.953,t,confirmed unreadable: extension names a marker format but the head is random bytes,"head 4 KiB read (b2 ranged GET) -> no format marker, not text, entropy 7.953; twin search by same file name + same size: 1 other hash(es) probed, 0 intact, 1 not readable in B2; other-size copies of the name in the catalog: 0 (find_other_version would propose these for review; none is a same-size twin); HTML repair (lxml recover via repair.write-derived) only turns scrambled bytes into noise (tested on 3 such files 2026-10-02), not a fix"
B_unreadable_no_twin,moved/court/fb/facebook-potentiallycursed85-2025-08-18-NXPlelIY/apps_and_websites_off_of_facebook/your_activity_off_meta_technologies.html,consignatio/vault/v1/moved/court/fb/facebook-potentiallycursed85-2025-08-18-NXPlelIY/apps_and_websites_off_of_facebook/your_activity_off_meta_technologies.html,129869,e9b3af79d1279c118182ec50887630bc6e36ee32,html,moved/court/fb/facebook-potentiallycursed85-2025-08-18-NXPlelIY/apps_and_websites_off_of_facebook,7.952,t,confirmed unreadable: extension names a marker format but the head is random bytes,"head 4 KiB read (b2 ranged GET) -> no format marker, not text, entropy 7.952; twin search by same file name + same size: 1 other hash(es) probed, 0 intact, 1 not readable in B2; other-size copies of the name in the catalog: 0 (find_other_version would propose these for review; none is a same-size twin); HTML repair (lxml recover via repair.write-derived) only turns scrambled bytes into noise (tested on 3 such files 2026-10-02), not a fix"
B_unreadable_no_twin,moved/court/fb/facebook-potentiallycursed85-2025-08-18-NXPlelIY/apps_and_websites_off_of_facebook/your_activity_off_meta_technologies/l2-data.com_2631653680405193_3911263278903949_l2-data.com.html,consignatio/vault/v1/moved/court/fb/facebook-potentiallycursed85-2025-08-18-NXPlelIY/apps_and_websites_off_of_facebook/your_activity_off_meta_technologies/l2-data.com_2631653680405193_3911263278903949_l2-data.com.html,13514,80112f53e1cb9e3e7e855c2bef2c092d99fa4c90,html,moved/court/fb/facebook-potentiallycursed85-2025-08-18-NXPlelIY/apps_and_websites_off_of_facebook/your_activity_off_meta_technologies,7.96,t,confirmed unreadable: extension names a marker format but the head is random bytes,"head 4 KiB read (b2 ranged GET) -> no format marker, not text, entropy 7.96; twin search by same file name + same size: 1 other hash(es) probed, 0 intact, 1 not readable in B2; other-size copies of the name in the catalog: 0 (find_other_version would propose these for review; none is a same-size twin); HTML repair (lxml recover via repair.write-derived) only turns scrambled bytes into noise (tested on 3 such files 2026-10-02), not a fix"
B_unreadable_no_twin,moved/court/fb/facebook-potentiallycursed85-2025-08-18-NXPlelIY/apps_and_websites_off_of_facebook/your_activity_off_meta_technologies/microsoft.com_2631653680405193_1720899537920841_microsoft.com.html,consignatio/vault/v1/moved/court/fb/facebook-potentiallycursed85-2025-08-18-NXPlelIY/apps_and_websites_off_of_facebook/your_activity_off_meta_technologies/microsoft.com_2631653680405193_1720899537920841_microsoft.com.html,17960,4e83dbe75f9b3ee58e944ca9a2746d725580acb8,html,moved/court/fb/facebook-potentiallycursed85-2025-08-18-NXPlelIY/apps_and_websites_off_of_facebook/your_activity_off_meta_technologies,7.957,t,confirmed unreadable: extension names a marker format but the head is random bytes,"head 4 KiB read (b2 ranged GET) -> no format marker, not text, entropy 7.957; twin search by same file name + same size: 1 other hash(es) probed, 0 intact, 1 not readable in B2; other-size copies of the name in the catalog: 0 (find_other_version would propose these for review; none is a same-size twin); HTML repair (lxml recover via repair.write-derived) only turns scrambled bytes into noise (tested on 3 such files 2026-10-02), not a fix"
B_unreadable_no_twin,moved/court/fb/facebook-potentiallycursed85-2025-08-18-NXPlelIY/apps_and_websites_off_of_facebook/your_activity_off_meta_technologies/n8n.io_2631653680405193_2301281229920116_n8n.io.html,consignatio/vault/v1/moved/court/fb/facebook-potentiallycursed85-2025-08-18-NXPlelIY/apps_and_websites_off_of_facebook/your_activity_off_meta_technologies/n8n.io_2631653680405193_2301281229920116_n8n.io.html,17499,c941fcdcc1e35e0c86f0aed4e27eb2d9a6a66278,html,moved/court/fb/facebook-potentiallycursed85-2025-08-18-NXPlelIY/apps_and_websites_off_of_facebook/your_activity_off_meta_technologies,7.95,t,confirmed unreadable: extension names a marker format but the head is random bytes,"head 4 KiB read (b2 ranged GET) -> no format marker, not text, entropy 7.95; twin search by same file name + same size: 1 other hash(es) probed, 0 intact, 1 not readable in B2; other-size copies of the name in the catalog: 0 (find_other_version would propose these for review; none is a same-size twin); HTML repair (lxml recover via repair.write-derived) only turns scrambled bytes into noise (tested on 3 such files 2026-10-02), not a fix"
B_unreadable_no_twin,moved/court/fb/facebook-potentiallycursed85-2025-08-18-NXPlelIY/apps_and_websites_off_of_facebook/your_activity_off_meta_technologies/#news_2631653680405193_27131258916519471_#news.html,consignatio/vault/v1/moved/court/fb/facebook-potentiallycursed85-2025-08-18-NXPlelIY/apps_and_websites_off_of_facebook/your_activity_off_meta_technologies/#news_2631653680405193_27131258916519471_#news.html,16169,865248a3cca8fd107137db88f494a0a62819e475,html,moved/court/fb/facebook-potentiallycursed85-2025-08-18-NXPlelIY/apps_and_websites_off_of_facebook/your_activity_off_meta_technologies,7.956,t,confirmed unreadable: extension names a marker format but the head is random bytes,"head 4 KiB read (b2 ranged GET) -> no format marker, not text, entropy 7.956; twin search by same file name + same size: 1 other hash(es) probed, 0 intact, 1 not readable in B2; other-size copies of the name in the catalog: 0 (find_other_version would propose these for review; none is a same-size twin); HTML repair (lxml recover via repair.write-derived) only turns scrambled bytes into noise (tested on 3 such files 2026-10-02), not a fix"
B_unreadable_no_twin,moved/court/fb/facebook-potentiallycursed85-2025-08-18-NXPlelIY/apps_and_websites_off_of_facebook/your_activity_off_meta_technologies/quickbase.com_2631653680405193_1850710898302809_quickbase.com.html,consignatio/vault/v1/moved/court/fb/facebook-potentiallycursed85-2025-08-18-NXPlelIY/apps_and_websites_off_of_facebook/your_activity_off_meta_technologies/quickbase.com_2631653680405193_1850710898302809_quickbase.com.html,13518,2b66d4573867ef0eba6bc739a2ae91ada8a5a478,html,moved/court/fb/facebook-potentiallycursed85-2025-08-18-NXPlelIY/apps_and_websites_off_of_facebook/your_activity_off_meta_technologies,7.959,t,confirmed unreadable: extension names a marker format but the head is random bytes,"head 4 KiB read (b2 ranged GET) -> no format marker, not text, entropy 7.959; twin search by same file name + same size: 1 other hash(es) probed, 0 intact, 1 not readable in B2; other-size copies of the name in the catalog: 0 (find_other_version would propose these for review; none is a same-size twin); HTML repair (lxml recover via repair.write-derived) only turns scrambled bytes into noise (tested on 3 such files 2026-10-02), not a fix"
B_unreadable_no_twin,moved/court/fb/facebook-potentiallycursed85-2025-08-18-NXPlelIY/apps_and_websites_off_of_facebook/your_activity_off_meta_technologies/rent_app_2631653680405193_3087512294877032_rent_app.html,consignatio/vault/v1/moved/court/fb/facebook-potentiallycursed85-2025-08-18-NXPlelIY/apps_and_websites_off_of_facebook/your_activity_off_meta_technologies/rent_app_2631653680405193_3087512294877032_rent_app.html,13500,29bf70d3e1f8e768bc38fa7a0c4753ff1c068e73,html,moved/court/fb/facebook-potentiallycursed85-2025-08-18-NXPlelIY/apps_and_websites_off_of_facebook/your_activity_off_meta_technologies,7.95,t,confirmed unreadable: extension names a marker format but the head is random bytes,"head 4 KiB read (b2 ranged GET) -> no format marker, not text, entropy 7.95; twin search by same file name + same size: 1 other hash(es) probed, 0 intact, 1 not readable in B2; other-size copies of the name in the catalog: 0 (find_other_version would propose these for review; none is a same-size twin); HTML repair (lxml recover via repair.write-derived) only turns scrambled bytes into noise (tested on 3 such files 2026-10-02), not a fix"
B_unreadable_no_twin,moved/court/fb/facebook-potentiallycursed85-2025-08-18-NXPlelIY/apps_and_websites_off_of_facebook/your_activity_off_meta_technologies/t-mobile_usa_2631653680405193_10152689648973895_t-mobile_usa.html,consignatio/vault/v1/moved/court/fb/facebook-potentiallycursed85-2025-08-18-NXPlelIY/apps_and_websites_off_of_facebook/your_activity_off_meta_technologies/t-mobile_usa_2631653680405193_10152689648973895_t-mobile_usa.html,16597,9dde79abc4a33921984c13f50f56183d20ba9ce0,html,moved/court/fb/facebook-potentiallycursed85-2025-08-18-NXPlelIY/apps_and_websites_off_of_facebook/your_activity_off_meta_technologies,7.958,t,confirmed unreadable: extension names a marker format but the head is random bytes,"head 4 KiB read (b2 ranged GET) -> no format marker, not text, entropy 7.958; twin search by same file name + same size: 1 other hash(es) probed, 0 intact, 1 not readable in B2; other-size copies of the name in the catalog: 0 (find_other_version would propose these for review; none is a same-size twin); HTML repair (lxml recover via repair.write-derived) only turns scrambled bytes into noise (tested on 3 such files 2026-10-02), not a fix"
B_unreadable_no_twin,moved/court/fb/facebook-potentiallycursed85-2025-08-18-NXPlelIY/apps_and_websites_off_of_facebook/your_activity_off_meta_technologies/unleash.so_2631653680405193_3952889551430007_unleash.so.html,consignatio/vault/v1/moved/court/fb/facebook-potentiallycursed85-2025-08-18-NXPlelIY/apps_and_websites_off_of_facebook/your_activity_off_meta_technologies/unleash.so_2631653680405193_3952889551430007_unleash.so.html,14846,053c3a1d4bd681dc7614d1a2d1123d93b3320e8d,html,moved/court/fb/facebook-potentiallycursed85-2025-08-18-NXPlelIY/apps_and_websites_off_of_facebook/your_activity_off_meta_technologies,7.952,t,confirmed unreadable: extension names a marker format but the head is random bytes,"head 4 KiB read (b2 ranged GET) -> no format marker, not text, entropy 7.952; twin search by same file name + same size: 1 other hash(es) probed, 0 intact, 1 not readable in B2; other-size copies of the name in the catalog: 0 (find_other_version would propose these for review; none is a same-size twin); HTML repair (lxml recover via repair.write-derived) only turns scrambled bytes into noise (tested on 3 such files 2026-10-02), not a fix"
B_unreadable_no_twin,moved/court/fb/facebook-potentiallycursed85-2025-08-18-NXPlelIY/connections/followers/people_who_followed_you.html,consignatio/vault/v1/moved/court/fb/facebook-potentiallycursed85-2025-08-18-NXPlelIY/connections/followers/people_who_followed_you.html,11856,f2080982b54ead675a0427f6537c521d615e47d1,html,moved/court/fb/facebook-potentiallycursed85-2025-08-18-NXPlelIY/connections/followers,7.955,t,confirmed unreadable: extension names a marker format but the head is random bytes,"head 4 KiB read (b2 ranged GET) -> no format marker, not text, entropy 7.955; twin search by same file name + same size: 1 other hash(es) probed, 0 intact, 1 not readable in B2; other-size copies of the name in the catalog: 0 (find_other_version would propose these for review; none is a same-size twin); HTML repair (lxml recover via repair.write-derived) only turns scrambled bytes into noise (tested on 3 such files 2026-10-02), not a fix"
B_unreadable_no_twin,moved/court/fb/facebook-potentiallycursed85-2025-08-18-NXPlelIY/connections/followers/who_you've_followed.html,consignatio/vault/v1/moved/court/fb/facebook-potentiallycursed85-2025-08-18-NXPlelIY/connections/followers/who_you've_followed.html,45240,8bdd4eb988a5923770cff1a3503f0b3d04118ca6,html,moved/court/fb/facebook-potentiallycursed85-2025-08-18-NXPlelIY/connections/followers,7.96,t,confirmed unreadable: extension names a marker format but the head is random bytes,"head 4 KiB read (b2 ranged GET) -> no format marker, not text, entropy 7.96; twin search by same file name + same size: 1 other hash(es) probed, 0 intact, 1 not readable in B2; other-size copies of the name in the catalog: 2 (find_other_version would propose these for review; none is a same-size twin); HTML repair (lxml recover via repair.write-derived) only turns scrambled bytes into noise (tested on 3 such files 2026-10-02), not a fix"
B_unreadable_no_twin,moved/court/fb/facebook-potentiallycursed85-2025-08-18-NXPlelIY/connections/friends/people_you_may_know.html,consignatio/vault/v1/moved/court/fb/facebook-potentiallycursed85-2025-08-18-NXPlelIY/connections/friends/people_you_may_know.html,22095,ce3cf4b5751924d963097a4d5cb178e3af8e1585,html,moved/court/fb/facebook-potentiallycursed85-2025-08-18-NXPlelIY/connections/friends,7.956,t,confirmed unreadable: extension names a marker format but the head is random bytes,"head 4 KiB read (b2 ranged GET) -> no format marker, not text, entropy 7.956; twin search by same file name + same size: 1 other hash(es) probed, 0 intact, 1 not readable in B2; other-size copies of the name in the catalog: 1 (find_other_version would propose these for review; none is a same-size twin); HTML repair (lxml recover via repair.write-derived) only turns scrambled bytes into noise (tested on 3 such files 2026-10-02), not a fix"
B_unreadable_no_twin,moved/court/fb/facebook-potentiallycursed85-2025-08-18-NXPlelIY/connections/friends/rejected_friend_requests.html,consignatio/vault/v1/moved/court/fb/facebook-potentiallycursed85-2025-08-18-NXPlelIY/connections/friends/rejected_friend_requests.html,16093,3b3570c808e452dc4607fcdd0490fbff2e3e6c5b,html,moved/court/fb/facebook-potentiallycursed85-2025-08-18-NXPlelIY/connections/friends,7.949,t,confirmed unreadable: extension names a marker format but the head is random bytes,"head 4 KiB read (b2 ranged GET) -> no format marker, not text, entropy 7.949; twin search by same file name + same size: 1 other hash(es) probed, 0 intact, 1 not readable in B2; other-size copies of the name in the catalog: 0 (find_other_version would propose these for review; none is a same-size twin); HTML repair (lxml recover via repair.write-derived) only turns scrambled bytes into noise (tested on 3 such files 2026-10-02), not a fix"
B_unreadable_no_twin,moved/court/fb/facebook-potentiallycursed85-2025-08-18-NXPlelIY/connections/friends/removed_friends.html,consignatio/vault/v1/moved/court/fb/facebook-potentiallycursed85-2025-08-18-NXPlelIY/connections/friends/removed_friends.html,20326,edcb200c5c53bc4c28e5686561677a0a2ccc43b9,html,moved/court/fb/facebook-potentiallycursed85-2025-08-18-NXPlelIY/connections/friends,7.957,t,confirmed unreadable: extension names a marker format but the head is random bytes,"head 4 KiB read (b2 ranged GET) -> no format marker, not text, entropy 7.957; twin search by same file name + same size: 1 other hash(es) probed, 0 intact, 1 not readable in B2; other-size copies of the name in the catalog: 0 (find_other_version would propose these for review; none is a same-size twin); HTML repair (lxml recover via repair.write-derived) only turns scrambled bytes into noise (tested on 3 such files 2026-10-02), not a fix"
B_unreadable_no_twin,moved/court/fb/facebook-potentiallycursed85-2025-08-18-NXPlelIY/connections/friends/sent_friend_requests.html,consignatio/vault/v1/moved/court/fb/facebook-potentiallycursed85-2025-08-18-NXPlelIY/connections/friends/sent_friend_requests.html,19080,95fe9677e006858ff09bb05f7bf1c56a78a0d74e,html,moved/court/fb/facebook-potentiallycursed85-2025-08-18-NXPlelIY/connections/friends,7.957,t,confirmed unreadable: extension names a marker format but the head is random bytes,"head 4 KiB read (b2 ranged GET) -> no format marker, not text, entropy 7.957; twin search by same file name + same size: 1 other hash(es) probed, 0 intact, 1 not readable in B2; other-size copies of the name in the catalog: 2 (find_other_version would propose these for review; none is a same-size twin); HTML repair (lxml recover via repair.write-derived) only turns scrambled bytes into noise (tested on 3 such files 2026-10-02), not a fix"
B_unreadable_no_twin,moved/court/fb/facebook-potentiallycursed85-2025-08-18-NXPlelIY/connections/friends/suggested_friends.html,consignatio/vault/v1/moved/court/fb/facebook-potentiallycursed85-2025-08-18-NXPlelIY/connections/friends/suggested_friends.html,24113,cc9f75f7d576e525fb5d340c6f4e83eb4312bb30,html,moved/court/fb/facebook-potentiallycursed85-2025-08-18-NXPlelIY/connections/friends,7.953,t,confirmed unreadable: extension names a marker format but the head is random bytes,"head 4 KiB read (b2 ranged GET) -> no format marker, not text, entropy 7.953; twin search by same file name + same size: 1 other hash(es) probed, 0 intact, 1 not readable in B2; other-size copies of the name in the catalog: 1 (find_other_version would propose these for review; none is a same-size twin); HTML repair (lxml recover via repair.write-derived) only turns scrambled bytes into noise (tested on 3 such files 2026-10-02), not a fix"
B_unreadable_no_twin,moved/court/fb/facebook-potentiallycursed85-2025-08-18-NXPlelIY/connections/friends/your_friends.html,consignatio/vault/v1/moved/court/fb/facebook-potentiallycursed85-2025-08-18-NXPlelIY/connections/friends/your_friends.html,57837,7673a8e3fec34ae700b3c7a3722f60798771e5fe,html,moved/court/fb/facebook-potentiallycursed85-2025-08-18-NXPlelIY/connections/friends,7.952,t,confirmed unreadable: extension names a marker format but the head is random bytes,"head 4 KiB read (b2 ranged GET) -> no format marker, not text, entropy 7.952; twin search by same file name + same size: 1 other hash(es) probed, 0 intact, 1 not readable in B2; other-size copies of the name in the catalog: 1 (find_other_version would propose these for review; none is a same-size twin); HTML repair (lxml recover via repair.write-derived) only turns scrambled bytes into noise (tested on 3 such files 2026-10-02), not a fix"
B_unreadable_no_twin,moved/court/fb/facebook-potentiallycursed85-2025-08-18-NXPlelIY/connections/friends/your_post_audiences.html,consignatio/vault/v1/moved/court/fb/facebook-potentiallycursed85-2025-08-18-NXPlelIY/connections/friends/your_post_audiences.html,15776,347aaa9613e4aa0eb836536abd7b6f69464c6c79,html,moved/court/fb/facebook-potentiallycursed85-2025-08-18-NXPlelIY/connections/friends,7.958,t,confirmed unreadable: extension names a marker format but the head is random bytes,"head 4 KiB read (b2 ranged GET) -> no format marker, not text, entropy 7.958; twin search by same file name + same size: 1 other hash(es) probed, 0 intact, 1 not readable in B2; other-size copies of the name in the catalog: 3 (find_other_version would propose these for review; none is a same-size twin); HTML repair (lxml recover via repair.write-derived) only turns scrambled bytes into noise (tested on 3 such files 2026-10-02), not a fix"
B_unreadable_no_twin,moved/court/fb/facebook-potentiallycursed85-2025-08-18-NXPlelIY/connections/supervision/supervision.html,consignatio/vault/v1/moved/court/fb/facebook-potentiallycursed85-2025-08-18-NXPlelIY/connections/supervision/supervision.html,14686,9b5134b5b6f0ed19eebc0504c8c5d06c277d32c2,html,moved/court/fb/facebook-potentiallycursed85-2025-08-18-NXPlelIY/connections/supervision,7.951,t,confirmed unreadable: extension names a marker format but the head is random bytes,"head 4 KiB read (b2 ranged GET) -> no format marker, not text, entropy 7.951; twin search by same file name + same size: 1 other hash(es) probed, 0 intact, 1 not readable in B2; other-size copies of the name in the catalog: 0 (find_other_version would propose these for review; none is a same-size twin); HTML repair (lxml recover via repair.write-derived) only turns scrambled bytes into noise (tested on 3 such files 2026-10-02), not a fix"
B_unreadable_no_twin,moved/court/fb/facebook-potentiallycursed85-2025-08-18-NXPlelIY/connections/supervision/supervision_on_facebook.html,consignatio/vault/v1/moved/court/fb/facebook-potentiallycursed85-2025-08-18-NXPlelIY/connections/supervision/supervision_on_facebook.html,13144,23847820d0f70d0555493661e4d3674ddfddf64c,html,moved/court/fb/facebook-potentiallycursed85-2025-08-18-NXPlelIY/connections/supervision,7.954,t,confirmed unreadable: extension names a marker format but the head is random bytes,"head 4 KiB read (b2 ranged GET) -> no format marker, not text, entropy 7.954; twin search by same file name + same size: 1 other hash(es) probed, 0 intact, 1 not readable in B2; other-size copies of the name in the catalog: 0 (find_other_version would propose these for review; none is a same-size twin); HTML repair (lxml recover via repair.write-derived) only turns scrambled bytes into noise (tested on 3 such files 2026-10-02), not a fix"
B_unreadable_no_twin,moved/court/fb/facebook-potentiallycursed85-2025-08-18-NXPlelIY/connections/supervision/supervision_on_messenger.html,consignatio/vault/v1/moved/court/fb/facebook-potentiallycursed85-2025-08-18-NXPlelIY/connections/supervision/supervision_on_messenger.html,13146,e3c8cc9ebb4335bff95666fd1df249541073ea9c,html,moved/court/fb/facebook-potentiallycursed85-2025-08-18-NXPlelIY/connections/supervision,7.955,t,confirmed unreadable: extension names a marker format but the head is random bytes,"head 4 KiB read (b2 ranged GET) -> no format marker, not text, entropy 7.955; twin search by same file name + same size: 1 other hash(es) probed, 0 intact, 1 not readable in B2; other-size copies of the name in the catalog: 0 (find_other_version would propose these for review; none is a same-size twin); HTML repair (lxml recover via repair.write-derived) only turns scrambled bytes into noise (tested on 3 such files 2026-10-02), not a fix"
B_unreadable_no_twin,moved/court/fb/facebook-potentiallycursed85-2025-08-18-NXPlelIY/security_and_login_information/account_activity.html,consignatio/vault/v1/moved/court/fb/facebook-potentiallycursed85-2025-08-18-NXPlelIY/security_and_login_information/account_activity.html,1924457,794f04e9839dd4243b7c95577ed8c4ee439061e9,html,moved/court/fb/facebook-potentiallycursed85-2025-08-18-NXPlelIY/security_and_login_information,7.884,t,confirmed unreadable: extension names a marker format but the head is random bytes,"head 4 KiB read (b2 ranged GET) -> no format marker, not text, entropy 7.884; twin search by same file name + same size: 1 other hash(es) probed, 0 intact, 1 not readable in B2; other-size copies of the name in the catalog: 2 (find_other_version would propose these for review; none is a same-size twin); HTML repair (lxml recover via repair.write-derived) only turns scrambled bytes into noise (tested on 3 such files 2026-10-02), not a fix"
B_unreadable_no_twin,moved/court/fb/facebook-potentiallycursed85-2025-08-18-NXPlelIY/your_facebook_activity/messages/archived_threads/6387410474676788/message_1.html,consignatio/vault/v1/moved/court/fb/facebook-potentiallycursed85-2025-08-18-NXPlelIY/your_facebook_activity/messages/archived_threads/6387410474676788/message_1.html,18311,a26d40228dedf0ea5e89862c9903ed6d091c5ec6,html,moved/court/fb/facebook-potentiallycursed85-2025-08-18-NXPlelIY/your_facebook_activity/messages/archived_threads/6387410474676788,7.961,t,confirmed unreadable: extension names a marker format but the head is random bytes,"head 4 KiB read (b2 ranged GET) -> no format marker, not text, entropy 7.961; twin search by same file name + same size: 0 other hash(es) probed, 0 intact, 0 not readable in B2; other-size copies of the name in the catalog: 989 (find_other_version would propose these for review; none is a same-size twin); HTML repair (lxml recover via repair.write-derived) only turns scrambled bytes into noise (tested on 3 such files 2026-10-02), not a fix"
B_unreadable_no_twin,moved/court/fb/facebook-potentiallycursed85-2025-08-18-NXPlelIY/your_facebook_activity/messages/archived_threads/amandabird_9913743012043499/message_1.html,consignatio/vault/v1/moved/court/fb/facebook-potentiallycursed85-2025-08-18-NXPlelIY/your_facebook_activity/messages/archived_threads/amandabird_9913743012043499/message_1.html,13809,ead41fc8c4611c62a7f5666ddc84638d918b98c1,html,moved/court/fb/facebook-potentiallycursed85-2025-08-18-NXPlelIY/your_facebook_activity/messages/archived_threads/amandabird_9913743012043499,7.955,t,confirmed unreadable: extension names a marker format but the head is random bytes,"head 4 KiB read (b2 ranged GET) -> no format marker, not text, entropy 7.955; twin search by same file name + same size: 0 other hash(es) probed, 0 intact, 0 not readable in B2; other-size copies of the name in the catalog: 989 (find_other_version would propose these for review; none is a same-size twin); HTML repair (lxml recover via repair.write-derived) only turns scrambled bytes into noise (tested on 3 such files 2026-10-02), not a fix"
B_unreadable_no_twin,moved/court/fb/facebook-potentiallycursed85-2025-08-18-NXPlelIY/your_facebook_activity/messages/archived_threads/bevarlene_10210907796784307/message_1.html,consignatio/vault/v1/moved/court/fb/facebook-potentiallycursed85-2025-08-18-NXPlelIY/your_facebook_activity/messages/archived_threads/bevarlene_10210907796784307/message_1.html,22213,7a32bbb714d9f94a46422a7f69e7a2f22397e071,html,moved/court/fb/facebook-potentiallycursed85-2025-08-18-NXPlelIY/your_facebook_activity/messages/archived_threads/bevarlene_10210907796784307,7.949,t,confirmed unreadable: extension names a marker format but the head is random bytes,"head 4 KiB read (b2 ranged GET) -> no format marker, not text, entropy 7.949; twin search by same file name + same size: 0 other hash(es) probed, 0 intact, 0 not readable in B2; other-size copies of the name in the catalog: 989 (find_other_version would propose these for review; none is a same-size twin); HTML repair (lxml recover via repair.write-derived) only turns scrambled bytes into noise (tested on 3 such files 2026-10-02), not a fix"
B_unreadable_no_twin,moved/court/fb/facebook-potentiallycursed85-2025-08-18-NXPlelIY/your_facebook_activity/messages/archived_threads/carltamaramarciaand2others_4423857421028675/message_1.html,consignatio/vault/v1/moved/court/fb/facebook-potentiallycursed85-2025-08-18-NXPlelIY/your_facebook_activity/messages/archived_threads/carltamaramarciaand2others_4423857421028675/message_1.html,142313,4576d0b14610a696ec266dd846a8288d8130a8ad,html,moved/court/fb/facebook-potentiallycursed85-2025-08-18-NXPlelIY/your_facebook_activity/messages/archived_threads/carltamaramarciaand2others_4423857421028675,7.928,t,confirmed unreadable: extension names a marker format but the head is random bytes,"head 4 KiB read (b2 ranged GET) -> no format marker, not text, entropy 7.928; twin search by same file name + same size: 0 other hash(es) probed, 0 intact, 0 not readable in B2; other-size copies of the name in the catalog: 989 (find_other_version would propose these for review; none is a same-size twin); HTML repair (lxml recover via repair.write-derived) only turns scrambled bytes into noise (tested on 3 such files 2026-10-02), not a fix"
B_unreadable_no_twin,moved/court/fb/facebook-potentiallycursed85-2025-08-18-NXPlelIY/your_facebook_activity/messages/archived_threads/chair_8030546773696475/message_1.html,consignatio/vault/v1/moved/court/fb/facebook-potentiallycursed85-2025-08-18-NXPlelIY/your_facebook_activity/messages/archived_threads/chair_8030546773696475/message_1.html,19688,0a2299aca58f7fef2a54309b741aa3ed7481b682,html,moved/court/fb/facebook-potentiallycursed85-2025-08-18-NXPlelIY/your_facebook_activity/messages/archived_threads/chair_8030546773696475,7.961,t,confirmed unreadable: extension names a marker format but the head is random bytes,"head 4 KiB read (b2 ranged GET) -> no format marker, not text, entropy 7.961; twin search by same file name + same size: 0 other hash(es) probed, 0 intact, 0 not readable in B2; other-size copies of the name in the catalog: 989 (find_other_version would propose these for review; none is a same-size twin); HTML repair (lxml recover via repair.write-derived) only turns scrambled bytes into noise (tested on 3 such files 2026-10-02), not a fix"
B_unreadable_no_twin,moved/court/fb/facebook-potentiallycursed85-2025-08-18-NXPlelIY/your_facebook_activity/messages/archived_threads/christmas2019_2762862137090327/message_1.html,consignatio/vault/v1/moved/court/fb/facebook-potentiallycursed85-2025-08-18-NXPlelIY/your_facebook_activity/messages/archived_threads/christmas2019_2762862137090327/message_1.html,13220,b59f534c6c657720bbaedab2ad866c1a133937c9,html,moved/court/fb/facebook-potentiallycursed85-2025-08-18-NXPlelIY/your_facebook_activity/messages/archived_threads/christmas2019_2762862137090327,7.954,t,confirmed unreadable: extension names a marker format but the head is random bytes,"head 4 KiB read (b2 ranged GET) -> no format marker, not text, entropy 7.954; twin search by same file name + same size: 0 other hash(es) probed, 0 intact, 0 not readable in B2; other-size copies of the name in the catalog: 989 (find_other_version would propose these for review; none is a same-size twin); HTML repair (lxml recover via repair.write-derived) only turns scrambled bytes into noise (tested on 3 such files 2026-10-02), not a fix"
B_unreadable_no_twin,moved/court/fb/facebook-potentiallycursed85-2025-08-18-NXPlelIY/your_facebook_activity/messages/archived_threads/cjbanks_8560248550726292/message_1.html,consignatio/vault/v1/moved/court/fb/facebook-potentiallycursed85-2025-08-18-NXPlelIY/your_facebook_activity/messages/archived_threads/cjbanks_8560248550726292/message_1.html,12856,326326e4c6f109e390259caeb1493094667efae4,html,moved/court/fb/facebook-potentiallycursed85-2025-08-18-NXPlelIY/your_facebook_activity/messages/archived_threads/cjbanks_8560248550726292,7.948,t,confirmed unreadable: extension names a marker format but the head is random bytes,"head 4 KiB read (b2 ranged GET) -> no format marker, not text, entropy 7.948; twin search by same file name + same size: 0 other hash(es) probed, 0 intact, 0 not readable in B2; other-size copies of the name in the catalog: 989 (find_other_version would propose these for review; none is a same-size twin); HTML repair (lxml recover via repair.write-derived) only turns scrambled bytes into noise (tested on 3 such files 2026-10-02), not a fix"
B_unreadable_no_twin,moved/court/fb/facebook-potentiallycursed85-2025-08-18-NXPlelIY/your_facebook_activity/messages/archived_threads/dylanfrost_1758159017580165/message_1.html,consignatio/vault/v1/moved/court/fb/facebook-potentiallycursed85-2025-08-18-NXPlelIY/your_facebook_activity/messages/archived_threads/dylanfrost_1758159017580165/message_1.html,14263,3643995b953bc8c81f7cdadb19c3601b519faa84,html,moved/court/fb/facebook-potentiallycursed85-2025-08-18-NXPlelIY/your_facebook_activity/messages/archived_threads/dylanfrost_1758159017580165,7.963,t,confirmed unreadable: extension names a marker format but the head is random bytes,"head 4 KiB read (b2 ranged GET) -> no format marker, not text, entropy 7.963; twin search by same file name + same size: 0 other hash(es) probed, 0 intact, 0 not readable in B2; other-size copies of the name in the catalog: 989 (find_other_version would propose these for review; none is a same-size twin); HTML repair (lxml recover via repair.write-derived) only turns scrambled bytes into noise (tested on 3 such files 2026-10-02), not a fix"
B_unreadable_no_twin,moved/court/fb/facebook-potentiallycursed85-2025-08-18-NXPlelIY/your_facebook_activity/messages/archived_threads/imissthegoodoldayswhendummyheadwastheworstinsult_5875185965899244/message_1.html,consignatio/vault/v1/moved/court/fb/facebook-potentiallycursed85-2025-08-18-NXPlelIY/your_facebook_activity/messages/archived_threads/imissthegoodoldayswhendummyheadwastheworstinsult_5875185965899244/message_1.html,13669,621063511fc88c0d7ce9ad8329cdfaeac17f3079,html,moved/court/fb/facebook-potentiallycursed85-2025-08-18-NXPlelIY/your_facebook_activity/messages/archived_threads/imissthegoodoldayswhendummyheadwastheworstinsult_5875185965899244,7.953,t,confirmed unreadable: extension names a marker format but the head is random bytes,"head 4 KiB read (b2 ranged GET) -> no format marker, not text, entropy 7.953; twin search by same file name + same size: 0 other hash(es) probed, 0 intact, 0 not readable in B2; other-size copies of the name in the catalog: 989 (find_other_version would propose these for review; none is a same-size twin); HTML repair (lxml recover via repair.write-derived) only turns scrambled bytes into noise (tested on 3 such files 2026-10-02), not a fix"
B_unreadable_no_twin,moved/court/fb/facebook-potentiallycursed85-2025-08-18-NXPlelIY/your_facebook_activity/messages/archived_threads/jasonnucbox7sgmktecintel11thgenpentiumsilvern60058gb256gbssdwin11pro_25508928752087588/message_1.html,consignatio/vault/v1/moved/court/fb/facebook-potentiallycursed85-2025-08-18-NXPlelIY/your_facebook_activity/messages/archived_threads/jasonnucbox7sgmktecintel11thgenpentiumsilvern60058gb256gbssdwin11pro_25508928752087588/message_1.html,17555,10b397199474cc1e173f5073dfbc370181855f36,html,moved/court/fb/facebook-potentiallycursed85-2025-08-18-NXPlelIY/your_facebook_activity/messages/archived_threads/jasonnucbox7sgmktecintel11thgenpentiumsilvern60058gb256gbssdwin11pro_25508928752087588,7.955,t,confirmed unreadable: extension names a marker format but the head is random bytes,"head 4 KiB read (b2 ranged GET) -> no format marker, not text, entropy 7.955; twin search by same file name + same size: 0 other hash(es) probed, 0 intact, 0 not readable in B2; other-size copies of the name in the catalog: 989 (find_other_version would propose these for review; none is a same-size twin); HTML repair (lxml recover via repair.write-derived) only turns scrambled bytes into noise (tested on 3 such files 2026-10-02), not a fix"
B_unreadable_no_twin,moved/court/fb/facebook-potentiallycursed85-2025-08-18-NXPlelIY/your_facebook_activity/messages/archived_threads/jeraldmichaeljoubran_10154086179704199/message_1.html,consignatio/vault/v1/moved/court/fb/facebook-potentiallycursed85-2025-08-18-NXPlelIY/your_facebook_activity/messages/archived_threads/jeraldmichaeljoubran_10154086179704199/message_1.html,20540,bad64b4a39794e09c9bf8a96e8edda2728c51c0e,html,moved/court/fb/facebook-potentiallycursed85-2025-08-18-NXPlelIY/your_facebook_activity/messages/archived_threads/jeraldmichaeljoubran_10154086179704199,7.956,t,confirmed unreadable: extension names a marker format but the head is random bytes,"head 4 KiB read (b2 ranged GET) -> no format marker, not text, entropy 7.956; twin search by same file name + same size: 1 other hash(es) probed, 0 intact, 1 not readable in B2; other-size copies of the name in the catalog: 988 (find_other_version would propose these for review; none is a same-size twin); HTML repair (lxml recover via repair.write-derived) only turns scrambled bytes into noise (tested on 3 such files 2026-10-02), not a fix"
B_unreadable_no_twin,moved/court/fb/facebook-potentiallycursed85-2025-08-18-NXPlelIY/your_facebook_activity/messages/archived_threads/julieadams_6734402319905490/message_1.html,consignatio/vault/v1/moved/court/fb/facebook-potentiallycursed85-2025-08-18-NXPlelIY/your_facebook_activity/messages/archived_threads/julieadams_6734402319905490/message_1.html,54762,790c6c3931b8f264199b03b9937d65ba70cd8765,html,moved/court/fb/facebook-potentiallycursed85-2025-08-18-NXPlelIY/your_facebook_activity/messages/archived_threads/julieadams_6734402319905490,7.953,t,confirmed unreadable: extension names a marker format but the head is random bytes,"head 4 KiB read (b2 ranged GET) -> no format marker, not text, entropy 7.953; twin search by same file name + same size: 0 other hash(es) probed, 0 intact, 0 not readable in B2; other-size copies of the name in the catalog: 989 (find_other_version would propose these for review; none is a same-size twin); HTML repair (lxml recover via repair.write-derived) only turns scrambled bytes into noise (tested on 3 such files 2026-10-02), not a fix"
B_unreadable_no_twin,moved/court/fb/facebook-potentiallycursed85-2025-08-18-NXPlelIY/your_facebook_activity/messages/archived_threads/malcolmscarchasersthecashforjunkcarsbuyers_6325842357500267/message_1.html,consignatio/vault/v1/moved/court/fb/facebook-potentiallycursed85-2025-08-18-NXPlelIY/your_facebook_activity/messages/archived_threads/malcolmscarchasersthecashforjunkcarsbuyers_6325842357500267/message_1.html,17020,ba8b0f2ad309f14f166efd0c2c29ee425db7cf33,html,moved/court/fb/facebook-potentiallycursed85-2025-08-18-NXPlelIY/your_facebook_activity/messages/archived_threads/malcolmscarchasersthecashforjunkcarsbuyers_6325842357500267,7.957,t,confirmed unreadable: extension names a marker format but the head is random bytes,"head 4 KiB read (b2 ranged GET) -> no format marker, not text, entropy 7.957; twin search by same file name + same size: 0 other hash(es) probed, 0 intact, 0 not readable in B2; other-size copies of the name in the catalog: 989 (find_other_version would propose these for review; none is a same-size twin); HTML repair (lxml recover via repair.write-derived) only turns scrambled bytes into noise (tested on 3 such files 2026-10-02), not a fix"
B_unreadable_no_twin,moved/court/fb/facebook-potentiallycursed85-2025-08-18-NXPlelIY/your_facebook_activity/messages/archived_threads/matt2002mazdamazdaprotege5hatchback4d_7130477103655216/message_1.html,consignatio/vault/v1/moved/court/fb/facebook-potentiallycursed85-2025-08-18-NXPlelIY/your_facebook_activity/messages/archived_threads/matt2002mazdamazdaprotege5hatchback4d_7130477103655216/message_1.html,19453,cc37fbb144dadb9f76f2678ba34e95442d3aeb88,html,moved/court/fb/facebook-potentiallycursed85-2025-08-18-NXPlelIY/your_facebook_activity/messages/archived_threads/matt2002mazdamazdaprotege5hatchback4d_7130477103655216,7.955,t,confirmed unreadable: extension names a marker format but the head is random bytes,"head 4 KiB read (b2 ranged GET) -> no format marker, not text, entropy 7.955; twin search by same file name + same size: 0 other hash(es) probed, 0 intact, 0 not readable in B2; other-size copies of the name in the catalog: 989 (find_other_version would propose these for review; none is a same-size twin); HTML repair (lxml recover via repair.write-derived) only turns scrambled bytes into noise (tested on 3 such files 2026-10-02), not a fix"
B_unreadable_no_twin,moved/court/fb/facebook-potentiallycursed85-2025-08-18-NXPlelIY/your_facebook_activity/messages/archived_threads/matt2003chevrolets10lspickup2d6ft_24805222502458704/message_1.html,consignatio/vault/v1/moved/court/fb/facebook-potentiallycursed85-2025-08-18-NXPlelIY/your_facebook_activity/messages/archived_threads/matt2003chevrolets10lspickup2d6ft_24805222502458704/message_1.html,16023,404e5d238344bc20882a78910fdf5a0476e92ea5,html,moved/court/fb/facebook-potentiallycursed85-2025-08-18-NXPlelIY/your_facebook_activity/messages/archived_threads/matt2003chevrolets10lspickup2d6ft_24805222502458704,7.955,t,confirmed unreadable: extension names a marker format but the head is random bytes,"head 4 KiB read (b2 ranged GET) -> no format marker, not text, entropy 7.955; twin search by same file name + same size: 0 other hash(es) probed, 0 intact, 0 not readable in B2; other-size copies of the name in the catalog: 989 (find_other_version would propose these for review; none is a same-size twin); HTML repair (lxml recover via repair.write-derived) only turns scrambled bytes into noise (tested on 3 such files 2026-10-02), not a fix"
B_unreadable_no_twin,moved/court/fb/facebook-potentiallycursed85-2025-08-18-NXPlelIY/your_facebook_activity/messages/archived_threads/matt2004saab43711arc_7651727571505948/message_1.html,consignatio/vault/v1/moved/court/fb/facebook-potentiallycursed85-2025-08-18-NXPlelIY/your_facebook_activity/messages/archived_threads/matt2004saab43711arc_7651727571505948/message_1.html,18242,ad61f266a3cb346d3189217a894b72a8bd866492,html,moved/court/fb/facebook-potentiallycursed85-2025-08-18-NXPlelIY/your_facebook_activity/messages/archived_threads/matt2004saab43711arc_7651727571505948,7.956,t,confirmed unreadable: extension names a marker format but the head is random bytes,"head 4 KiB read (b2 ranged GET) -> no format marker, not text, entropy 7.956; twin search by same file name + same size: 0 other hash(es) probed, 0 intact, 0 not readable in B2; other-size copies of the name in the catalog: 989 (find_other_version would propose these for review; none is a same-size twin); HTML repair (lxml recover via repair.write-derived) only turns scrambled bytes into noise (tested on 3 such files 2026-10-02), not a fix"
B_unreadable_no_twin,moved/court/fb/facebook-potentiallycursed85-2025-08-18-NXPlelIY/your_facebook_activity/messages/archived_threads/matt2005chevrolettrailblazer_6111993778845551/message_1.html,consignatio/vault/v1/moved/court/fb/facebook-potentiallycursed85-2025-08-18-NXPlelIY/your_facebook_activity/messages/archived_threads/matt2005chevrolettrailblazer_6111993778845551/message_1.html,14834,970b94c96ca8b5e450cf081ea5932de52e5b42d4,html,moved/court/fb/facebook-potentiallycursed85-2025-08-18-NXPlelIY/your_facebook_activity/messages/archived_threads/matt2005chevrolettrailblazer_6111993778845551,7.955,t,confirmed unreadable: extension names a marker format but the head is random bytes,"head 4 KiB read (b2 ranged GET) -> no format marker, not text, entropy 7.955; twin search by same file name + same size: 0 other hash(es) probed, 0 intact, 0 not readable in B2; other-size copies of the name in the catalog: 989 (find_other_version would propose these for review; none is a same-size twin); HTML repair (lxml recover via repair.write-derived) only turns scrambled bytes into noise (tested on 3 such files 2026-10-02), not a fix"
B_unreadable_no_twin,moved/court/fb/facebook-potentiallycursed85-2025-08-18-NXPlelIY/your_facebook_activity/messages/archived_threads/matt2005chevroletuplanderpassengerlsextendedminivan4d_7173734689359850/message_1.html,consignatio/vault/v1/moved/court/fb/facebook-potentiallycursed85-2025-08-18-NXPlelIY/your_facebook_activity/messages/archived_threads/matt2005chevroletuplanderpassengerlsextendedminivan4d_7173734689359850/message_1.html,14341,df34e97314945ee905ea0847f3de42b906ab3d0b,html,moved/court/fb/facebook-potentiallycursed85-2025-08-18-NXPlelIY/your_facebook_activity/messages/archived_threads/matt2005chevroletuplanderpassengerlsextendedminivan4d_7173734689359850,7.955,t,confirmed unreadable: extension names a marker format but the head is random bytes,"head 4 KiB read (b2 ranged GET) -> no format marker, not text, entropy 7.955; twin search by same file name + same size: 0 other hash(es) probed, 0 intact, 0 not readable in B2; other-size copies of the name in the catalog: 989 (find_other_version would propose these for review; none is a same-size twin); HTML repair (lxml recover via repair.write-derived) only turns scrambled bytes into noise (tested on 3 such files 2026-10-02), not a fix"
B_unreadable_no_twin,moved/court/fb/facebook-potentiallycursed85-2025-08-18-NXPlelIY/your_facebook_activity/messages/archived_threads/matt2005hondaaccordex_7309783402398162/message_1.html,consignatio/vault/v1/moved/court/fb/facebook-potentiallycursed85-2025-08-18-NXPlelIY/your_facebook_activity/messages/archived_threads/matt2005hondaaccordex_7309783402398162/message_1.html,15156,70521f429f8c5f926af986a6a21975be134b1f19,html,moved/court/fb/facebook-potentiallycursed85-2025-08-18-NXPlelIY/your_facebook_activity/messages/archived_threads/matt2005hondaaccordex_7309783402398162,7.954,t,confirmed unreadable: extension names a marker format but the head is random bytes,"head 4 KiB read (b2 ranged GET) -> no format marker, not text, entropy 7.954; twin search by same file name + same size: 0 other hash(es) probed, 0 intact, 0 not readable in B2; other-size copies of the name in the catalog: 989 (find_other_version would propose these for review; none is a same-size twin); HTML repair (lxml recover via repair.write-derived) only turns scrambled bytes into noise (tested on 3 such files 2026-10-02), not a fix"
B_unreadable_no_twin,moved/court/fb/facebook-potentiallycursed85-2025-08-18-NXPlelIY/your_facebook_activity/messages/archived_threads/matt2006volkswagenpassat20tsedan4d_7701016433251288/message_1.html,consignatio/vault/v1/moved/court/fb/facebook-potentiallycursed85-2025-08-18-NXPlelIY/your_facebook_activity/messages/archived_threads/matt2006volkswagenpassat20tsedan4d_7701016433251288/message_1.html,21580,e15ae70f302066a627119afa1dcfdc81f1c3b909,html,moved/court/fb/facebook-potentiallycursed85-2025-08-18-NXPlelIY/your_facebook_activity/messages/archived_threads/matt2006volkswagenpassat20tsedan4d_7701016433251288,7.95,t,confirmed unreadable: extension names a marker format but the head is random bytes,"head 4 KiB read (b2 ranged GET) -> no format marker, not text, entropy 7.95; twin search by same file name + same size: 0 other hash(es) probed, 0 intact, 0 not readable in B2; other-size copies of the name in the catalog: 989 (find_other_version would propose these for review; none is a same-size twin); HTML repair (lxml recover via repair.write-derived) only turns scrambled bytes into noise (tested on 3 such files 2026-10-02), not a fix"
B_unreadable_no_twin,moved/court/fb/facebook-potentiallycursed85-2025-08-18-NXPlelIY/your_facebook_activity/messages/archived_threads/matt2006volkswagenpassat20tvalueeditionsedan4d_24696624273319086/message_1.html,consignatio/vault/v1/moved/court/fb/facebook-potentiallycursed85-2025-08-18-NXPlelIY/your_facebook_activity/messages/archived_threads/matt2006volkswagenpassat20tvalueeditionsedan4d_24696624273319086/message_1.html,15296,1912e09a0c0d8e762a843c07b14709ae265ca140,html,moved/court/fb/facebook-potentiallycursed85-2025-08-18-NXPlelIY/your_facebook_activity/messages/archived_threads/matt2006volkswagenpassat20tvalueeditionsedan4d_24696624273319086,7.952,t,confirmed unreadable: extension names a marker format but the head is random bytes,"head 4 KiB read (b2 ranged GET) -> no format marker, not text, entropy 7.952; twin search by same file name + same size: 0 other hash(es) probed, 0 intact, 0 not readable in B2; other-size copies of the name in the catalog: 989 (find_other_version would propose these for review; none is a same-size twin); HTML repair (lxml recover via repair.write-derived) only turns scrambled bytes into noise (tested on 3 such files 2026-10-02), not a fix"
B_unreadable_no_twin,moved/court/fb/facebook-potentiallycursed85-2025-08-18-NXPlelIY/your_facebook_activity/messages/archived_threads/matt2007saab93aero_24971951899117827/message_1.html,consignatio/vault/v1/moved/court/fb/facebook-potentiallycursed85-2025-08-18-NXPlelIY/your_facebook_activity/messages/archived_threads/matt2007saab93aero_24971951899117827/message_1.html,15224,2257b43bc7b93e218c96c3523972652c6ee0fcab,html,moved/court/fb/facebook-potentiallycursed85-2025-08-18-NXPlelIY/your_facebook_activity/messages/archived_threads/matt2007saab93aero_24971951899117827,7.953,t,confirmed unreadable: extension names a marker format but the head is random bytes,"head 4 KiB read (b2 ranged GET) -> no format marker, not text, entropy 7.953; twin search by same file name + same size: 0 other hash(es) probed, 0 intact, 0 not readable in B2; other-size copies of the name in the catalog: 989 (find_other_version would propose these for review; none is a same-size twin); HTML repair (lxml recover via repair.write-derived) only turns scrambled bytes into noise (tested on 3 such files 2026-10-02), not a fix"
B_unreadable_no_twin,moved/court/fb/facebook-potentiallycursed85-2025-08-18-NXPlelIY/your_facebook_activity/messages/archived_threads/matt2008pontiacgrandprixgxpsedan4d_24946868248261265/message_1.html,consignatio/vault/v1/moved/court/fb/facebook-potentiallycursed85-2025-08-18-NXPlelIY/your_facebook_activity/messages/archived_threads/matt2008pontiacgrandprixgxpsedan4d_24946868248261265/message_1.html,14948,c6632858e759ef7c3ed69388536bfb52113d89bd,html,moved/court/fb/facebook-potentiallycursed85-2025-08-18-NXPlelIY/your_facebook_activity/messages/archived_threads/matt2008pontiacgrandprixgxpsedan4d_24946868248261265,7.955,t,confirmed unreadable: extension names a marker format but the head is random bytes,"head 4 KiB read (b2 ranged GET) -> no format marker, not text, entropy 7.955; twin search by same file name + same size: 0 other hash(es) probed, 0 intact, 0 not readable in B2; other-size copies of the name in the catalog: 989 (find_other_version would propose these for review; none is a same-size twin); HTML repair (lxml recover via repair.write-derived) only turns scrambled bytes into noise (tested on 3 such files 2026-10-02), not a fix"
B_unreadable_no_twin,moved/court/fb/facebook-potentiallycursed85-2025-08-18-NXPlelIY/your_facebook_activity/messages/archived_threads/matt2008pontiacgrandprixsedan4d_5677943522254784/message_1.html,consignatio/vault/v1/moved/court/fb/facebook-potentiallycursed85-2025-08-18-NXPlelIY/your_facebook_activity/messages/archived_threads/matt2008pontiacgrandprixsedan4d_5677943522254784/message_1.html,15586,df2ea03135e100ba8324968cd3c30f722118f4a5,html,moved/court/fb/facebook-potentiallycursed85-2025-08-18-NXPlelIY/your_facebook_activity/messages/archived_threads/matt2008pontiacgrandprixsedan4d_5677943522254784,7.944,t,confirmed unreadable: extension names a marker format but the head is random bytes,"head 4 KiB read (b2 ranged GET) -> no format marker, not text, entropy 7.944; twin search by same file name + same size: 0 other hash(es) probed, 0 intact, 0 not readable in B2; other-size copies of the name in the catalog: 989 (find_other_version would propose these for review; none is a same-size twin); HTML repair (lxml recover via repair.write-derived) only turns scrambled bytes into noise (tested on 3 such files 2026-10-02), not a fix"
B_unreadable_no_twin,moved/court/fb/facebook-potentiallycursed85-2025-08-18-NXPlelIY/your_facebook_activity/messages/archived_threads/matt2009chevroletcobaltltcoupe2d_7240963315968754/message_1.html,consignatio/vault/v1/moved/court/fb/facebook-potentiallycursed85-2025-08-18-NXPlelIY/your_facebook_activity/messages/archived_threads/matt2009chevroletcobaltltcoupe2d_7240963315968754/message_1.html,15569,037bbb53ab2449fe1de5099fd88d5f8c308f8425,html,moved/court/fb/facebook-potentiallycursed85-2025-08-18-NXPlelIY/your_facebook_activity/messages/archived_threads/matt2009chevroletcobaltltcoupe2d_7240963315968754,7.957,t,confirmed unreadable: extension names a marker format but the head is random bytes,"head 4 KiB read (b2 ranged GET) -> no format marker, not text, entropy 7.957; twin search by same file name + same size: 0 other hash(es) probed, 0 intact, 0 not readable in B2; other-size copies of the name in the catalog: 989 (find_other_version would propose these for review; none is a same-size twin); HTML repair (lxml recover via repair.write-derived) only turns scrambled bytes into noise (tested on 3 such files 2026-10-02), not a fix"
B_unreadable_no_twin,moved/court/fb/facebook-potentiallycursed85-2025-08-18-NXPlelIY/your_facebook_activity/messages/archived_threads/matt2009chevroletmalibultsedan4d_8854821171226444/message_1.html,consignatio/vault/v1/moved/court/fb/facebook-potentiallycursed85-2025-08-18-NXPlelIY/your_facebook_activity/messages/archived_threads/matt2009chevroletmalibultsedan4d_8854821171226444/message_1.html,24530,feae5a3ff1d2197527a9ae5515b47de722f31e91,html,moved/court/fb/facebook-potentiallycursed85-2025-08-18-NXPlelIY/your_facebook_activity/messages/archived_threads/matt2009chevroletmalibultsedan4d_8854821171226444,7.961,t,confirmed unreadable: extension names a marker format but the head is random bytes,"head 4 KiB read (b2 ranged GET) -> no format marker, not text, entropy 7.961; twin search by same file name + same size: 0 other hash(es) probed, 0 intact, 0 not readable in B2; other-size copies of the name in the catalog: 989 (find_other_version would propose these for review; none is a same-size twin); HTML repair (lxml recover via repair.write-derived) only turns scrambled bytes into noise (tested on 3 such files 2026-10-02), not a fix"
B_unreadable_no_twin,moved/court/fb/facebook-potentiallycursed85-2025-08-18-NXPlelIY/your_facebook_activity/messages/archived_threads/matt2010chevroletmalibu_5908106479232966/message_1.html,consignatio/vault/v1/moved/court/fb/facebook-potentiallycursed85-2025-08-18-NXPlelIY/your_facebook_activity/messages/archived_threads/matt2010chevroletmalibu_5908106479232966/message_1.html,19624,589d7cda815c4429998fcb47bc03ce72017a726e,html,moved/court/fb/facebook-potentiallycursed85-2025-08-18-NXPlelIY/your_facebook_activity/messages/archived_threads/matt2010chevroletmalibu_5908106479232966,7.949,t,confirmed unreadable: extension names a marker format but the head is random bytes,"head 4 KiB read (b2 ranged GET) -> no format marker, not text, entropy 7.949; twin search by same file name + same size: 0 other hash(es) probed, 0 intact, 0 not readable in B2; other-size copies of the name in the catalog: 989 (find_other_version would propose these for review; none is a same-size twin); HTML repair (lxml recover via repair.write-derived) only turns scrambled bytes into noise (tested on 3 such files 2026-10-02), not a fix"
B_unreadable_no_twin,moved/court/fb/facebook-potentiallycursed85-2025-08-18-NXPlelIY/your_facebook_activity/messages/archived_threads/matt2010fordfocussescoupe2d_7913457865348714/message_1.html,consignatio/vault/v1/moved/court/fb/facebook-potentiallycursed85-2025-08-18-NXPlelIY/your_facebook_activity/messages/archived_threads/matt2010fordfocussescoupe2d_7913457865348714/message_1.html,16770,37dfcbd3bf6e113e583f5842323ff52c81061ae7,html,moved/court/fb/facebook-potentiallycursed85-2025-08-18-NXPlelIY/your_facebook_activity/messages/archived_threads/matt2010fordfocussescoupe2d_7913457865348714,7.953,t,confirmed unreadable: extension names a marker format but the head is random bytes,"head 4 KiB read (b2 ranged GET) -> no format marker, not text, entropy 7.953; twin search by same file name + same size: 0 other hash(es) probed, 0 intact, 0 not readable in B2; other-size copies of the name in the catalog: 989 (find_other_version would propose these for review; none is a same-size twin); HTML repair (lxml recover via repair.write-derived) only turns scrambled bytes into noise (tested on 3 such files 2026-10-02), not a fix"
B_unreadable_no_twin,moved/court/fb/facebook-potentiallycursed85-2025-08-18-NXPlelIY/your_facebook_activity/messages/archived_threads/matt2010toyotarav4_7167418693343941/message_1.html,consignatio/vault/v1/moved/court/fb/facebook-potentiallycursed85-2025-08-18-NXPlelIY/your_facebook_activity/messages/archived_threads/matt2010toyotarav4_7167418693343941/message_1.html,14784,1aefbf841d1bf0c7f15e9c6251fa4836d17f3e35,html,moved/court/fb/facebook-potentiallycursed85-2025-08-18-NXPlelIY/your_facebook_activity/messages/archived_threads/matt2010toyotarav4_7167418693343941,7.95,t,confirmed unreadable: extension names a marker format but the head is random bytes,"head 4 KiB read (b2 ranged GET) -> no format marker, not text, entropy 7.95; twin search by same file name + same size: 0 other hash(es) probed, 0 intact, 0 not readable in B2; other-size copies of the name in the catalog: 989 (find_other_version would propose these for review; none is a same-size twin); HTML repair (lxml recover via repair.write-derived) only turns scrambled bytes into noise (tested on 3 such files 2026-10-02), not a fix"
B_unreadable_no_twin,moved/court/fb/facebook-potentiallycursed85-2025-08-18-NXPlelIY/your_facebook_activity/messages/archived_threads/matt2012buicklacrosseleathersedan4d_7528983330485728/message_1.html,consignatio/vault/v1/moved/court/fb/facebook-potentiallycursed85-2025-08-18-NXPlelIY/your_facebook_activity/messages/archived_threads/matt2012buicklacrosseleathersedan4d_7528983330485728/message_1.html,15521,d507532cb6dfff500fad669674de9adddb75a6bc,html,moved/court/fb/facebook-potentiallycursed85-2025-08-18-NXPlelIY/your_facebook_activity/messages/archived_threads/matt2012buicklacrosseleathersedan4d_7528983330485728,7.954,t,confirmed unreadable: extension names a marker format but the head is random bytes,"head 4 KiB read (b2 ranged GET) -> no format marker, not text, entropy 7.954; twin search by same file name + same size: 0 other hash(es) probed, 0 intact, 0 not readable in B2; other-size copies of the name in the catalog: 989 (find_other_version would propose these for review; none is a same-size twin); HTML repair (lxml recover via repair.write-derived) only turns scrambled bytes into noise (tested on 3 such files 2026-10-02), not a fix"
B_unreadable_no_twin,moved/court/fb/facebook-potentiallycursed85-2025-08-18-NXPlelIY/your_facebook_activity/messages/archived_threads/matt2012fordfocussehatchback4d_7982379318442825/message_1.html,consignatio/vault/v1/moved/court/fb/facebook-potentiallycursed85-2025-08-18-NXPlelIY/your_facebook_activity/messages/archived_threads/matt2012fordfocussehatchback4d_7982379318442825/message_1.html,16482,3d1f393f13602a42dffb7057fe98c3efc0475425,html,moved/court/fb/facebook-potentiallycursed85-2025-08-18-NXPlelIY/your_facebook_activity/messages/archived_threads/matt2012fordfocussehatchback4d_7982379318442825,7.958,t,confirmed unreadable: extension names a marker format but the head is random bytes,"head 4 KiB read (b2 ranged GET) -> no format marker, not text, entropy 7.958; twin search by same file name + same size: 0 other hash(es) probed, 0 intact, 0 not readable in B2; other-size copies of the name in the catalog: 989 (find_other_version would propose these for review; none is a same-size twin); HTML repair (lxml recover via repair.write-derived) only turns scrambled bytes into noise (tested on 3 such files 2026-10-02), not a fix"
B_unreadable_no_twin,moved/court/fb/facebook-potentiallycursed85-2025-08-18-NXPlelIY/your_facebook_activity/messages/archived_threads/matt2012subaruforester25xpremiumsportutility4d_6976629815798178/message_1.html,consignatio/vault/v1/moved/court/fb/facebook-potentiallycursed85-2025-08-18-NXPlelIY/your_facebook_activity/messages/archived_threads/matt2012subaruforester25xpremiumsportutility4d_6976629815798178/message_1.html,15974,7891f557ec7512fe2dbd40f9401503887737ab89,html,moved/court/fb/facebook-potentiallycursed85-2025-08-18-NXPlelIY/your_facebook_activity/messages/archived_threads/matt2012subaruforester25xpremiumsportutility4d_6976629815798178,7.955,t,confirmed unreadable: extension names a marker format but the head is random bytes,"head 4 KiB read (b2 ranged GET) -> no format marker, not text, entropy 7.955; twin search by same file name + same size: 0 other hash(es) probed, 0 intact, 0 not readable in B2; other-size copies of the name in the catalog: 989 (find_other_version would propose these for review; none is a same-size twin); HTML repair (lxml recover via repair.write-derived) only turns scrambled bytes into noise (tested on 3 such files 2026-10-02), not a fix"
B_unreadable_no_twin,moved/court/fb/facebook-potentiallycursed85-2025-08-18-NXPlelIY/your_facebook_activity/messages/archived_threads/matt2013chevroletsoniclthatchbacksedan4d_7211951308898139/message_1.html,consignatio/vault/v1/moved/court/fb/facebook-potentiallycursed85-2025-08-18-NXPlelIY/your_facebook_activity/messages/archived_threads/matt2013chevroletsoniclthatchbacksedan4d_7211951308898139/message_1.html,15589,b05fe2039d79fe7311fe0c7229f381af1b6bcb2f,html,moved/court/fb/facebook-potentiallycursed85-2025-08-18-NXPlelIY/your_facebook_activity/messages/archived_threads/matt2013chevroletsoniclthatchbacksedan4d_7211951308898139,7.963,t,confirmed unreadable: extension names a marker format but the head is random bytes,"head 4 KiB read (b2 ranged GET) -> no format marker, not text, entropy 7.963; twin search by same file name + same size: 0 other hash(es) probed, 0 intact, 0 not readable in B2; other-size copies of the name in the catalog: 989 (find_other_version would propose these for review; none is a same-size twin); HTML repair (lxml recover via repair.write-derived) only turns scrambled bytes into noise (tested on 3 such files 2026-10-02), not a fix"
B_unreadable_no_twin,moved/court/fb/facebook-potentiallycursed85-2025-08-18-NXPlelIY/your_facebook_activity/messages/archived_threads/mattchevymalibu_8045319325484117/message_1.html,consignatio/vault/v1/moved/court/fb/facebook-potentiallycursed85-2025-08-18-NXPlelIY/your_facebook_activity/messages/archived_threads/mattchevymalibu_8045319325484117/message_1.html,15069,b93489e6331bb4fd018936e6ef2d15aa970b958d,html,moved/court/fb/facebook-potentiallycursed85-2025-08-18-NXPlelIY/your_facebook_activity/messages/archived_threads/mattchevymalibu_8045319325484117,7.953,t,confirmed unreadable: extension names a marker format but the head is random bytes,"head 4 KiB read (b2 ranged GET) -> no format marker, not text, entropy 7.953; twin search by same file name + same size: 0 other hash(es) probed, 0 intact, 0 not readable in B2; other-size copies of the name in the catalog: 989 (find_other_version would propose these for review; none is a same-size twin); HTML repair (lxml recover via repair.write-derived) only turns scrambled bytes into noise (tested on 3 such files 2026-10-02), not a fix"
B_unreadable_no_twin,moved/court/fb/facebook-potentiallycursed85-2025-08-18-NXPlelIY/your_facebook_activity/messages/archived_threads/mattclean_25216836947929697/message_1.html,consignatio/vault/v1/moved/court/fb/facebook-potentiallycursed85-2025-08-18-NXPlelIY/your_facebook_activity/messages/archived_threads/mattclean_25216836947929697/message_1.html,15472,39159e78c2ea771bdb72b712369cbc6bba5b0645,html,moved/court/fb/facebook-potentiallycursed85-2025-08-18-NXPlelIY/your_facebook_activity/messages/archived_threads/mattclean_25216836947929697,7.954,t,confirmed unreadable: extension names a marker format but the head is random bytes,"head 4 KiB read (b2 ranged GET) -> no format marker, not text, entropy 7.954; twin search by same file name + same size: 0 other hash(es) probed, 0 intact, 0 not readable in B2; other-size copies of the name in the catalog: 989 (find_other_version would propose these for review; none is a same-size twin); HTML repair (lxml recover via repair.write-derived) only turns scrambled bytes into noise (tested on 3 such files 2026-10-02), not a fix"
B_unreadable_no_twin,moved/court/fb/facebook-potentiallycursed85-2025-08-18-NXPlelIY/your_facebook_activity/messages/archived_threads/melissaannwhite_9376561402428332/message_1.html,consignatio/vault/v1/moved/court/fb/facebook-potentiallycursed85-2025-08-18-NXPlelIY/your_facebook_activity/messages/archived_threads/melissaannwhite_9376561402428332/message_1.html,12917,00fe6fc726829b663f99cbf092c52776457cc689,html,moved/court/fb/facebook-potentiallycursed85-2025-08-18-NXPlelIY/your_facebook_activity/messages/archived_threads/melissaannwhite_9376561402428332,7.959,t,confirmed unreadable: extension names a marker format but the head is random bytes,"head 4 KiB read (b2 ranged GET) -> no format marker, not text, entropy 7.959; twin search by same file name + same size: 0 other hash(es) probed, 0 intact, 0 not readable in B2; other-size copies of the name in the catalog: 989 (find_other_version would propose these for review; none is a same-size twin); HTML repair (lxml recover via repair.write-derived) only turns scrambled bytes into noise (tested on 3 such files 2026-10-02), not a fix"
B_unreadable_no_twin,moved/court/fb/facebook-potentiallycursed85-2025-08-18-NXPlelIY/your_facebook_activity/messages/archived_threads/melissakayeblanton_10204054808284384/message_1.html,consignatio/vault/v1/moved/court/fb/facebook-potentiallycursed85-2025-08-18-NXPlelIY/your_facebook_activity/messages/archived_threads/melissakayeblanton_10204054808284384/message_1.html,13206,fdb128022ee4efaef478969d6d6488ab13c1d495,html,moved/court/fb/facebook-potentiallycursed85-2025-08-18-NXPlelIY/your_facebook_activity/messages/archived_threads/melissakayeblanton_10204054808284384,7.959,t,confirmed unreadable: extension names a marker format but the head is random bytes,"head 4 KiB read (b2 ranged GET) -> no format marker, not text, entropy 7.959; twin search by same file name + same size: 0 other hash(es) probed, 0 intact, 0 not readable in B2; other-size copies of the name in the catalog: 989 (find_other_version would propose these for review; none is a same-size twin); HTML repair (lxml recover via repair.write-derived) only turns scrambled bytes into noise (tested on 3 such files 2026-10-02), not a fix"
B_unreadable_no_twin,moved/court/fb/facebook-potentiallycursed85-2025-08-18-NXPlelIY/your_facebook_activity/messages/archived_threads/nikigunter_1005230256184426/message_1.html,consignatio/vault/v1/moved/court/fb/facebook-potentiallycursed85-2025-08-18-NXPlelIY/your_facebook_activity/messages/archived_threads/nikigunter_1005230256184426/message_1.html,65650,1a35c84e569a2bbe68bb8fd48b500587f1f4700f,html,moved/court/fb/facebook-potentiallycursed85-2025-08-18-NXPlelIY/your_facebook_activity/messages/archived_threads/nikigunter_1005230256184426,7.952,t,confirmed unreadable: extension names a marker format but the head is random bytes,"head 4 KiB read (b2 ranged GET) -> no format marker, not text, entropy 7.952; twin search by same file name + same size: 1 other hash(es) probed, 0 intact, 1 not readable in B2; other-size copies of the name in the catalog: 988 (find_other_version would propose these for review; none is a same-size twin); HTML repair (lxml recover via repair.write-derived) only turns scrambled bytes into noise (tested on 3 such files 2026-10-02), not a fix"
B_unreadable_no_twin,moved/court/fb/facebook-potentiallycursed85-2025-08-18-NXPlelIY/your_facebook_activity/messages/archived_threads/onlyzipcode_29945387071775141/message_1.html,consignatio/vault/v1/moved/court/fb/facebook-potentiallycursed85-2025-08-18-NXPlelIY/your_facebook_activity/messages/archived_threads/onlyzipcode_29945387071775141/message_1.html,187750,c6904f460b1ff45123c7229d55dfd906e1f589eb,html,moved/court/fb/facebook-potentiallycursed85-2025-08-18-NXPlelIY/your_facebook_activity/messages/archived_threads/onlyzipcode_29945387071775141,7.92,t,confirmed unreadable: extension names a marker format but the head is random bytes,"head 4 KiB read (b2 ranged GET) -> no format marker, not text, entropy 7.92; twin search by same file name + same size: 0 other hash(es) probed, 0 intact, 0 not readable in B2; other-size copies of the name in the catalog: 989 (find_other_version would propose these for review; none is a same-size twin); HTML repair (lxml recover via repair.write-derived) only turns scrambled bytes into noise (tested on 3 such files 2026-10-02), not a fix"
B_unreadable_no_twin,moved/court/fb/facebook-potentiallycursed85-2025-08-18-NXPlelIY/your_facebook_activity/messages/archived_threads/shialouisebaldridge_1727157224035493/message_1.html,consignatio/vault/v1/moved/court/fb/facebook-potentiallycursed85-2025-08-18-NXPlelIY/your_facebook_activity/messages/archived_threads/shialouisebaldridge_1727157224035493/message_1.html,13239,c816c9612c59099805b3554d0d53f151f913d771,html,moved/court/fb/facebook-potentiallycursed85-2025-08-18-NXPlelIY/your_facebook_activity/messages/archived_threads/shialouisebaldridge_1727157224035493,7.961,t,confirmed unreadable: extension names a marker format but the head is random bytes,"head 4 KiB read (b2 ranged GET) -> no format marker, not text, entropy 7.961; twin search by same file name + same size: 0 other hash(es) probed, 0 intact, 0 not readable in B2; other-size copies of the name in the catalog: 989 (find_other_version would propose these for review; none is a same-size twin); HTML repair (lxml recover via repair.write-derived) only turns scrambled bytes into noise (tested on 3 such files 2026-10-02), not a fix"
B_unreadable_no_twin,moved/court/fb/facebook-potentiallycursed85-2025-08-18-NXPlelIY/your_facebook_activity/messages/archived_threads/tamara_3847732351937974/message_1.html,consignatio/vault/v1/moved/court/fb/facebook-potentiallycursed85-2025-08-18-NXPlelIY/your_facebook_activity/messages/archived_threads/tamara_3847732351937974/message_1.html,13010,ec9ecf443ad3ff4b502575bdae4ce09d5487af4c,html,moved/court/fb/facebook-potentiallycursed85-2025-08-18-NXPlelIY/your_facebook_activity/messages/archived_threads/tamara_3847732351937974,7.954,t,confirmed unreadable: extension names a marker format but the head is random bytes,"head 4 KiB read (b2 ranged GET) -> no format marker, not text, entropy 7.954; twin search by same file name + same size: 0 other hash(es) probed, 0 intact, 0 not readable in B2; other-size copies of the name in the catalog: 989 (find_other_version would propose these for review; none is a same-size twin); HTML repair (lxml recover via repair.write-derived) only turns scrambled bytes into noise (tested on 3 such files 2026-10-02), not a fix"
B_unreadable_no_twin,moved/court/fb/facebook-potentiallycursed85-2025-08-18-NXPlelIY/your_facebook_activity/messages/archived_threads/tamaraandtim_2559076610850708/message_1.html,consignatio/vault/v1/moved/court/fb/facebook-potentiallycursed85-2025-08-18-NXPlelIY/your_facebook_activity/messages/archived_threads/tamaraandtim_2559076610850708/message_1.html,13186,ade9fe6bd8a0dec0e556ee3dcc2db9be3994821d,html,moved/court/fb/facebook-potentiallycursed85-2025-08-18-NXPlelIY/your_facebook_activity/messages/archived_threads/tamaraandtim_2559076610850708,7.962,t,confirmed unreadable: extension names a marker format but the head is random bytes,"head 4 KiB read (b2 ranged GET) -> no format marker, not text, entropy 7.962; twin search by same file name + same size: 0 other hash(es) probed, 0 intact, 0 not readable in B2; other-size copies of the name in the catalog: 989 (find_other_version would propose these for review; none is a same-size twin); HTML repair (lxml recover via repair.write-derived) only turns scrambled bytes into noise (tested on 3 such files 2026-10-02), not a fix"
B_unreadable_no_twin,moved/court/fb/facebook-potentiallycursed85-2025-08-18-NXPlelIY/your_facebook_activity/messages/archived_threads/tamaramarciaandtim_2935386909897716/message_1.html,consignatio/vault/v1/moved/court/fb/facebook-potentiallycursed85-2025-08-18-NXPlelIY/your_facebook_activity/messages/archived_threads/tamaramarciaandtim_2935386909897716/message_1.html,13215,5bb5f701626e3dfc74bc0674a04c35d29804aa5b,html,moved/court/fb/facebook-potentiallycursed85-2025-08-18-NXPlelIY/your_facebook_activity/messages/archived_threads/tamaramarciaandtim_2935386909897716,7.952,t,confirmed unreadable: extension names a marker format but the head is random bytes,"head 4 KiB read (b2 ranged GET) -> no format marker, not text, entropy 7.952; twin search by same file name + same size: 0 other hash(es) probed, 0 intact, 0 not readable in B2; other-size copies of the name in the catalog: 989 (find_other_version would propose these for review; none is a same-size twin); HTML repair (lxml recover via repair.write-derived) only turns scrambled bytes into noise (tested on 3 such files 2026-10-02), not a fix"
B_unreadable_no_twin,moved/court/fb/facebook-potentiallycursed85-2025-08-18-NXPlelIY/your_facebook_activity/messages/archived_threads/terryrhodes_7208836625834355/message_1.html,consignatio/vault/v1/moved/court/fb/facebook-potentiallycursed85-2025-08-18-NXPlelIY/your_facebook_activity/messages/archived_threads/terryrhodes_7208836625834355/message_1.html,14502,8e0e670eeb7165c13a2e3d9f6f18e105e9e6e095,html,moved/court/fb/facebook-potentiallycursed85-2025-08-18-NXPlelIY/your_facebook_activity/messages/archived_threads/terryrhodes_7208836625834355,7.959,t,confirmed unreadable: extension names a marker format but the head is random bytes,"head 4 KiB read (b2 ranged GET) -> no format marker, not text, entropy 7.959; twin search by same file name + same size: 0 other hash(es) probed, 0 intact, 0 not readable in B2; other-size copies of the name in the catalog: 989 (find_other_version would propose these for review; none is a same-size twin); HTML repair (lxml recover via repair.write-derived) only turns scrambled bytes into noise (tested on 3 such files 2026-10-02), not a fix"
B_unreadable_no_twin,moved/court/fb/facebook-potentiallycursed85-2025-08-18-NXPlelIY/your_facebook_activity/messages/archived_threads/wissamwakila_1407462899290592/message_1.html,consignatio/vault/v1/moved/court/fb/facebook-potentiallycursed85-2025-08-18-NXPlelIY/your_facebook_activity/messages/archived_threads/wissamwakila_1407462899290592/message_1.html,12869,96d6de169bddb2fc10b1e99d80dc70c1694792f5,html,moved/court/fb/facebook-potentiallycursed85-2025-08-18-NXPlelIY/your_facebook_activity/messages/archived_threads/wissamwakila_1407462899290592,7.964,t,confirmed unreadable: extension names a marker format but the head is random bytes,"head 4 KiB read (b2 ranged GET) -> no format marker, not text, entropy 7.964; twin search by same file name + same size: 0 other hash(es) probed, 0 intact, 0 not readable in B2; other-size copies of the name in the catalog: 989 (find_other_version would propose these for review; none is a same-size twin); HTML repair (lxml recover via repair.write-derived) only turns scrambled bytes into noise (tested on 3 such files 2026-10-02), not a fix"
B_unreadable_no_twin,moved/court/fb/facebook-potentiallycursed85-2025-08-18-NXPlelIY/your_facebook_activity/messages/autofill_information.html,consignatio/vault/v1/moved/court/fb/facebook-potentiallycursed85-2025-08-18-NXPlelIY/your_facebook_activity/messages/autofill_information.html,12647,3fbee4791ec4728e4b61b94d26199dad82dabe20,html,moved/court/fb/facebook-potentiallycursed85-2025-08-18-NXPlelIY/your_facebook_activity/messages,7.955,t,confirmed unreadable: extension names a marker format but the head is random bytes,"head 4 KiB read (b2 ranged GET) -> no format marker, not text, entropy 7.955; twin search by same file name + same size: 1 other hash(es) probed, 0 intact, 1 not readable in B2; other-size copies of the name in the catalog: 7 (find_other_version would propose these for review; none is a same-size twin); HTML repair (lxml recover via repair.write-derived) only turns scrambled bytes into noise (tested on 3 such files 2026-10-02), not a fix"
B_unreadable_no_twin,moved/court/fb/facebook-potentiallycursed85-2025-08-18-NXPlelIY/your_facebook_activity/messages/community_chats_settings.html,consignatio/vault/v1/moved/court/fb/facebook-potentiallycursed85-2025-08-18-NXPlelIY/your_facebook_activity/messages/community_chats_settings.html,13051,a01137168a64fe0f5f9be7eb0eb143515fe89340,html,moved/court/fb/facebook-potentiallycursed85-2025-08-18-NXPlelIY/your_facebook_activity/messages,7.951,t,confirmed unreadable: extension names a marker format but the head is random bytes,"head 4 KiB read (b2 ranged GET) -> no format marker, not text, entropy 7.951; twin search by same file name + same size: 1 other hash(es) probed, 0 intact, 1 not readable in B2; other-size copies of the name in the catalog: 4 (find_other_version would propose these for review; none is a same-size twin); HTML repair (lxml recover via repair.write-derived) only turns scrambled bytes into noise (tested on 3 such files 2026-10-02), not a fix"
B_unreadable_no_twin,moved/court/fb/facebook-potentiallycursed85-2025-08-18-NXPlelIY/your_facebook_activity/messages/e2ee_cutover/ashleyelizabeth_10157050253253923/message_1.html,consignatio/vault/v1/moved/court/fb/facebook-potentiallycursed85-2025-08-18-NXPlelIY/your_facebook_activity/messages/e2ee_cutover/ashleyelizabeth_10157050253253923/message_1.html,13998,488674f085633ebb418b7f574b7389732173cc7f,html,moved/court/fb/facebook-potentiallycursed85-2025-08-18-NXPlelIY/your_facebook_activity/messages/e2ee_cutover/ashleyelizabeth_10157050253253923,7.954,t,confirmed unreadable: extension names a marker format but the head is random bytes,"head 4 KiB read (b2 ranged GET) -> no format marker, not text, entropy 7.954; twin search by same file name + same size: 0 other hash(es) probed, 0 intact, 0 not readable in B2; other-size copies of the name in the catalog: 989 (find_other_version would propose these for review; none is a same-size twin); HTML repair (lxml recover via repair.write-derived) only turns scrambled bytes into noise (tested on 3 such files 2026-10-02), not a fix"
B_unreadable_no_twin,moved/court/fb/facebook-potentiallycursed85-2025-08-18-NXPlelIY/your_facebook_activity/messages/e2ee_cutover/careylee_1008016785884237/message_1.html,consignatio/vault/v1/moved/court/fb/facebook-potentiallycursed85-2025-08-18-NXPlelIY/your_facebook_activity/messages/e2ee_cutover/careylee_1008016785884237/message_1.html,74715,136b5e1e4ee1dffba8e5ab5acc06abe83d962b4f,html,moved/court/fb/facebook-potentiallycursed85-2025-08-18-NXPlelIY/your_facebook_activity/messages/e2ee_cutover/careylee_1008016785884237,7.95,t,confirmed unreadable: extension names a marker format but the head is random bytes,"head 4 KiB read (b2 ranged GET) -> no format marker, not text, entropy 7.95; twin search by same file name + same size: 0 other hash(es) probed, 0 intact, 0 not readable in B2; other-size copies of the name in the catalog: 989 (find_other_version would propose these for review; none is a same-size twin); HTML repair (lxml recover via repair.write-derived) only turns scrambled bytes into noise (tested on 3 such files 2026-10-02), not a fix"
B_unreadable_no_twin,moved/court/fb/facebook-potentiallycursed85-2025-08-18-NXPlelIY/your_facebook_activity/messages/e2ee_cutover/chriskirk_10206474871344302/message_1.html,consignatio/vault/v1/moved/court/fb/facebook-potentiallycursed85-2025-08-18-NXPlelIY/your_facebook_activity/messages/e2ee_cutover/chriskirk_10206474871344302/message_1.html,14806,e76a111d5e72223f3f81c0834cc529386d2fe078,html,moved/court/fb/facebook-potentiallycursed85-2025-08-18-NXPlelIY/your_facebook_activity/messages/e2ee_cutover/chriskirk_10206474871344302,7.953,t,confirmed unreadable: extension names a marker format but the head is random bytes,"head 4 KiB read (b2 ranged GET) -> no format marker, not text, entropy 7.953; twin search by same file name + same size: 0 other hash(es) probed, 0 intact, 0 not readable in B2; other-size copies of the name in the catalog: 989 (find_other_version would propose these for review; none is a same-size twin); HTML repair (lxml recover via repair.write-derived) only turns scrambled bytes into noise (tested on 3 such files 2026-10-02), not a fix"
B_unreadable_no_twin,moved/court/fb/facebook-potentiallycursed85-2025-08-18-NXPlelIY/your_facebook_activity/messages/e2ee_cutover/evalouise_1585025361582014/message_1.html,consignatio/vault/v1/moved/court/fb/facebook-potentiallycursed85-2025-08-18-NXPlelIY/your_facebook_activity/messages/e2ee_cutover/evalouise_1585025361582014/message_1.html,14560,8dec751b7bf48563a66c921e1d5d16a8b545f211,html,moved/court/fb/facebook-potentiallycursed85-2025-08-18-NXPlelIY/your_facebook_activity/messages/e2ee_cutover/evalouise_1585025361582014,7.952,t,confirmed unreadable: extension names a marker format but the head is random bytes,"head 4 KiB read (b2 ranged GET) -> no format marker, not text, entropy 7.952; twin search by same file name + same size: 0 other hash(es) probed, 0 intact, 0 not readable in B2; other-size copies of the name in the catalog: 989 (find_other_version would propose these for review; none is a same-size twin); HTML repair (lxml recover via repair.write-derived) only turns scrambled bytes into noise (tested on 3 such files 2026-10-02), not a fix"
B_unreadable_no_twin,moved/court/fb/facebook-potentiallycursed85-2025-08-18-NXPlelIY/your_facebook_activity/messages/e2ee_cutover/genasalemmacko_10209148192215341/message_1.html,consignatio/vault/v1/moved/court/fb/facebook-potentiallycursed85-2025-08-18-NXPlelIY/your_facebook_activity/messages/e2ee_cutover/genasalemmacko_10209148192215341/message_1.html,22610,68c02774bf55e3fa47ecd1a6e2547dd2455af25d,html,moved/court/fb/facebook-potentiallycursed85-2025-08-18-NXPlelIY/your_facebook_activity/messages/e2ee_cutover/genasalemmacko_10209148192215341,7.954,t,confirmed unreadable: extension names a marker format but the head is random bytes,"head 4 KiB read (b2 ranged GET) -> no format marker, not text, entropy 7.954; twin search by same file name + same size: 0 other hash(es) probed, 0 intact, 0 not readable in B2; other-size copies of the name in the catalog: 989 (find_other_version would propose these for review; none is a same-size twin); HTML repair (lxml recover via repair.write-derived) only turns scrambled bytes into noise (tested on 3 such files 2026-10-02), not a fix"
B_unreadable_no_twin,moved/court/fb/facebook-potentiallycursed85-2025-08-18-NXPlelIY/your_facebook_activity/messages/e2ee_cutover/jenniferschummer_10152986215224067/message_1.html,consignatio/vault/v1/moved/court/fb/facebook-potentiallycursed85-2025-08-18-NXPlelIY/your_facebook_activity/messages/e2ee_cutover/jenniferschummer_10152986215224067/message_1.html,40315,78e22dff5ddbed6432b16c51072f362877f17b85,html,moved/court/fb/facebook-potentiallycursed85-2025-08-18-NXPlelIY/your_facebook_activity/messages/e2ee_cutover/jenniferschummer_10152986215224067,7.958,t,confirmed unreadable: extension names a marker format but the head is random bytes,"head 4 KiB read (b2 ranged GET) -> no format marker, not text, entropy 7.958; twin search by same file name + same size: 0 other hash(es) probed, 0 intact, 0 not readable in B2; other-size copies of the name in the catalog: 989 (find_other_version would propose these for review; none is a same-size twin); HTML repair (lxml recover via repair.write-derived) only turns scrambled bytes into noise (tested on 3 such files 2026-10-02), not a fix"
B_unreadable_no_twin,moved/court/fb/facebook-potentiallycursed85-2025-08-18-NXPlelIY/your_facebook_activity/messages/e2ee_cutover/jeremyharbottle_10230723634658903/message_1.html,consignatio/vault/v1/moved/court/fb/facebook-potentiallycursed85-2025-08-18-NXPlelIY/your_facebook_activity/messages/e2ee_cutover/jeremyharbottle_10230723634658903/message_1.html,23115,bea9ed4c511e85a8f491b2ebb834dade1d03d542,html,moved/court/fb/facebook-potentiallycursed85-2025-08-18-NXPlelIY/your_facebook_activity/messages/e2ee_cutover/jeremyharbottle_10230723634658903,7.962,t,confirmed unreadable: extension names a marker format but the head is random bytes,"head 4 KiB read (b2 ranged GET) -> no format marker, not text, entropy 7.962; twin search by same file name + same size: 0 other hash(es) probed, 0 intact, 0 not readable in B2; other-size copies of the name in the catalog: 989 (find_other_version would propose these for review; none is a same-size twin); HTML repair (lxml recover via repair.write-derived) only turns scrambled bytes into noise (tested on 3 such files 2026-10-02), not a fix"
B_unreadable_no_twin,moved/court/fb/facebook-potentiallycursed85-2025-08-18-NXPlelIY/your_facebook_activity/messages/e2ee_cutover/jessiebaker_1098557273488988/message_1.html,consignatio/vault/v1/moved/court/fb/facebook-potentiallycursed85-2025-08-18-NXPlelIY/your_facebook_activity/messages/e2ee_cutover/jessiebaker_1098557273488988/message_1.html,12878,c5ba61e51b53f771492a0bce2a7c6e1aeb5a2414,html,moved/court/fb/facebook-potentiallycursed85-2025-08-18-NXPlelIY/your_facebook_activity/messages/e2ee_cutover/jessiebaker_1098557273488988,7.952,t,confirmed unreadable: extension names a marker format but the head is random bytes,"head 4 KiB read (b2 ranged GET) -> no format marker, not text, entropy 7.952; twin search by same file name + same size: 0 other hash(es) probed, 0 intact, 0 not readable in B2; other-size copies of the name in the catalog: 989 (find_other_version would propose these for review; none is a same-size twin); HTML repair (lxml recover via repair.write-derived) only turns scrambled bytes into noise (tested on 3 such files 2026-10-02), not a fix"
B_unreadable_no_twin,moved/court/fb/facebook-potentiallycursed85-2025-08-18-NXPlelIY/your_facebook_activity/messages/e2ee_cutover/johnzerka_10100875718252233/message_1.html,consignatio/vault/v1/moved/court/fb/facebook-potentiallycursed85-2025-08-18-NXPlelIY/your_facebook_activity/messages/e2ee_cutover/johnzerka_10100875718252233/message_1.html,13871,9f7e6b670577c8f22d9c5b11a35098871a9499d4,html,moved/court/fb/facebook-potentiallycursed85-2025-08-18-NXPlelIY/your_facebook_activity/messages/e2ee_cutover/johnzerka_10100875718252233,7.95,t,confirmed unreadable: extension names a marker format but the head is random bytes,"head 4 KiB read (b2 ranged GET) -> no format marker, not text, entropy 7.95; twin search by same file name + same size: 0 other hash(es) probed, 0 intact, 0 not readable in B2; other-size copies of the name in the catalog: 989 (find_other_version would propose these for review; none is a same-size twin); HTML repair (lxml recover via repair.write-derived) only turns scrambled bytes into noise (tested on 3 such files 2026-10-02), not a fix"
B_unreadable_no_twin,moved/court/fb/facebook-potentiallycursed85-2025-08-18-NXPlelIY/your_facebook_activity/messages/e2ee_cutover/joshuaaaronpatterson_6447426962008472/message_1.html,consignatio/vault/v1/moved/court/fb/facebook-potentiallycursed85-2025-08-18-NXPlelIY/your_facebook_activity/messages/e2ee_cutover/joshuaaaronpatterson_6447426962008472/message_1.html,63080,5f25950cc57d0d3c0421302955f1ea991c38d863,html,moved/court/fb/facebook-potentiallycursed85-2025-08-18-NXPlelIY/your_facebook_activity/messages/e2ee_cutover/joshuaaaronpatterson_6447426962008472,7.956,t,confirmed unreadable: extension names a marker format but the head is random bytes,"head 4 KiB read (b2 ranged GET) -> no format marker, not text, entropy 7.956; twin search by same file name + same size: 0 other hash(es) probed, 0 intact, 0 not readable in B2; other-size copies of the name in the catalog: 989 (find_other_version would propose these for review; none is a same-size twin); HTML repair (lxml recover via repair.write-derived) only turns scrambled bytes into noise (tested on 3 such files 2026-10-02), not a fix"
B_unreadable_no_twin,moved/court/fb/facebook-potentiallycursed85-2025-08-18-NXPlelIY/your_facebook_activity/messages/e2ee_cutover/marciaward_10207619495035695/message_1.html,consignatio/vault/v1/moved/court/fb/facebook-potentiallycursed85-2025-08-18-NXPlelIY/your_facebook_activity/messages/e2ee_cutover/marciaward_10207619495035695/message_1.html,14193,83d9706e2ebd3170da6b1e9eb5b85548d7dca73e,html,moved/court/fb/facebook-potentiallycursed85-2025-08-18-NXPlelIY/your_facebook_activity/messages/e2ee_cutover/marciaward_10207619495035695,7.959,t,confirmed unreadable: extension names a marker format but the head is random bytes,"head 4 KiB read (b2 ranged GET) -> no format marker, not text, entropy 7.959; twin search by same file name + same size: 0 other hash(es) probed, 0 intact, 0 not readable in B2; other-size copies of the name in the catalog: 989 (find_other_version would propose these for review; none is a same-size twin); HTML repair (lxml recover via repair.write-derived) only turns scrambled bytes into noise (tested on 3 such files 2026-10-02), not a fix"
B_unreadable_no_twin,moved/court/fb/facebook-potentiallycursed85-2025-08-18-NXPlelIY/your_facebook_activity/messages/e2ee_cutover/mattmagill_10157060296812005/message_1.html,consignatio/vault/v1/moved/court/fb/facebook-potentiallycursed85-2025-08-18-NXPlelIY/your_facebook_activity/messages/e2ee_cutover/mattmagill_10157060296812005/message_1.html,68149,40b702156140b41705c49e1484a168fce2d8ed4c,html,moved/court/fb/facebook-potentiallycursed85-2025-08-18-NXPlelIY/your_facebook_activity/messages/e2ee_cutover/mattmagill_10157060296812005,7.958,t,confirmed unreadable: extension names a marker format but the head is random bytes,"head 4 KiB read (b2 ranged GET) -> no format marker, not text, entropy 7.958; twin search by same file name + same size: 0 other hash(es) probed, 0 intact, 0 not readable in B2; other-size copies of the name in the catalog: 989 (find_other_version would propose these for review; none is a same-size twin); HTML repair (lxml recover via repair.write-derived) only turns scrambled bytes into noise (tested on 3 such files 2026-10-02), not a fix"
B_unreadable_no_twin,moved/court/fb/facebook-potentiallycursed85-2025-08-18-NXPlelIY/your_facebook_activity/messages/e2ee_cutover/michelebaker_10228722943691422/message_1.html,consignatio/vault/v1/moved/court/fb/facebook-potentiallycursed85-2025-08-18-NXPlelIY/your_facebook_activity/messages/e2ee_cutover/michelebaker_10228722943691422/message_1.html,14705,d3fd89fb8e472ea0bb23cba4764b16b29f13cf3a,html,moved/court/fb/facebook-potentiallycursed85-2025-08-18-NXPlelIY/your_facebook_activity/messages/e2ee_cutover/michelebaker_10228722943691422,7.957,t,confirmed unreadable: extension names a marker format but the head is random bytes,"head 4 KiB read (b2 ranged GET) -> no format marker, not text, entropy 7.957; twin search by same file name + same size: 0 other hash(es) probed, 0 intact, 0 not readable in B2; other-size copies of the name in the catalog: 989 (find_other_version would propose these for review; none is a same-size twin); HTML repair (lxml recover via repair.write-derived) only turns scrambled bytes into noise (tested on 3 such files 2026-10-02), not a fix"
B_unreadable_no_twin,moved/court/fb/facebook-potentiallycursed85-2025-08-18-NXPlelIY/your_facebook_activity/messages/e2ee_cutover/richgreene_1839119972784871/message_1.html,consignatio/vault/v1/moved/court/fb/facebook-potentiallycursed85-2025-08-18-NXPlelIY/your_facebook_activity/messages/e2ee_cutover/richgreene_1839119972784871/message_1.html,43870,96537d683c1f5a61339f8710f5f5945483a8b4c9,html,moved/court/fb/facebook-potentiallycursed85-2025-08-18-NXPlelIY/your_facebook_activity/messages/e2ee_cutover/richgreene_1839119972784871,7.955,t,confirmed unreadable: extension names a marker format but the head is random bytes,"head 4 KiB read (b2 ranged GET) -> no format marker, not text, entropy 7.955; twin search by same file name + same size: 0 other hash(es) probed, 0 intact, 0 not readable in B2; other-size copies of the name in the catalog: 989 (find_other_version would propose these for review; none is a same-size twin); HTML repair (lxml recover via repair.write-derived) only turns scrambled bytes into noise (tested on 3 such files 2026-10-02), not a fix"
B_unreadable_no_twin,moved/court/fb/facebook-potentiallycursed85-2025-08-18-NXPlelIY/your_facebook_activity/messages/e2ee_cutover/roselamrock_3369533529797846/message_1.html,consignatio/vault/v1/moved/court/fb/facebook-potentiallycursed85-2025-08-18-NXPlelIY/your_facebook_activity/messages/e2ee_cutover/roselamrock_3369533529797846/message_1.html,20172,5caecc1be0f4add2639f85d1cfc43400fe4b8075,html,moved/court/fb/facebook-potentiallycursed85-2025-08-18-NXPlelIY/your_facebook_activity/messages/e2ee_cutover/roselamrock_3369533529797846,7.954,t,confirmed unreadable: extension names a marker format but the head is random bytes,"head 4 KiB read (b2 ranged GET) -> no format marker, not text, entropy 7.954; twin search by same file name + same size: 2 other hash(es) probed, 0 intact, 1 not readable in B2; other-size copies of the name in the catalog: 987 (find_other_version would propose these for review; none is a same-size twin); HTML repair (lxml recover via repair.write-derived) only turns scrambled bytes into noise (tested on 3 such files 2026-10-02), not a fix"
B_unreadable_no_twin,moved/court/fb/facebook-potentiallycursed85-2025-08-18-NXPlelIY/your_facebook_activity/messages/e2ee_cutover/ryanstmarie_905227159552637/message_1.html,consignatio/vault/v1/moved/court/fb/facebook-potentiallycursed85-2025-08-18-NXPlelIY/your_facebook_activity/messages/e2ee_cutover/ryanstmarie_905227159552637/message_1.html,35930,5e7c93d9829279c75240065edbb95f399af0761b,html,moved/court/fb/facebook-potentiallycursed85-2025-08-18-NXPlelIY/your_facebook_activity/messages/e2ee_cutover/ryanstmarie_905227159552637,7.957,t,confirmed unreadable: extension names a marker format but the head is random bytes,"head 4 KiB read (b2 ranged GET) -> no format marker, not text, entropy 7.957; twin search by same file name + same size: 1 other hash(es) probed, 0 intact, 1 not readable in B2; other-size copies of the name in the catalog: 988 (find_other_version would propose these for review; none is a same-size twin); HTML repair (lxml recover via repair.write-derived) only turns scrambled bytes into noise (tested on 3 such files 2026-10-02), not a fix"
B_unreadable_no_twin,moved/court/fb/facebook-potentiallycursed85-2025-08-18-NXPlelIY/your_facebook_activity/messages/e2ee_cutover/tonybaize_1413481942018796/message_1.html,consignatio/vault/v1/moved/court/fb/facebook-potentiallycursed85-2025-08-18-NXPlelIY/your_facebook_activity/messages/e2ee_cutover/tonybaize_1413481942018796/message_1.html,65396,8740f9d79b6b5c9db7d58d78d614fcb35c4b949a,html,moved/court/fb/facebook-potentiallycursed85-2025-08-18-NXPlelIY/your_facebook_activity/messages/e2ee_cutover/tonybaize_1413481942018796,7.953,t,confirmed unreadable: extension names a marker format but the head is random bytes,"head 4 KiB read (b2 ranged GET) -> no format marker, not text, entropy 7.953; twin search by same file name + same size: 0 other hash(es) probed, 0 intact, 0 not readable in B2; other-size copies of the name in the catalog: 989 (find_other_version would propose these for review; none is a same-size twin); HTML repair (lxml recover via repair.write-derived) only turns scrambled bytes into noise (tested on 3 such files 2026-10-02), not a fix"
B_unreadable_no_twin,moved/court/fb/facebook-potentiallycursed85-2025-08-18-NXPlelIY/your_facebook_activity/messages/inbox/amdheseriouschatgrouprelated_1534147393296826/message_1.html,consignatio/vault/v1/moved/court/fb/facebook-potentiallycursed85-2025-08-18-NXPlelIY/your_facebook_activity/messages/inbox/amdheseriouschatgrouprelated_1534147393296826/message_1.html,499669,fe76ba78cda15d2265fe2c2f845ca2af70a64fab,html,moved/court/fb/facebook-potentiallycursed85-2025-08-18-NXPlelIY/your_facebook_activity/messages/inbox/amdheseriouschatgrouprelated_1534147393296826,7.94,t,confirmed unreadable: extension names a marker format but the head is random bytes,"head 4 KiB read (b2 ranged GET) -> no format marker, not text, entropy 7.94; twin search by same file name + same size: 0 other hash(es) probed, 0 intact, 0 not readable in B2; other-size copies of the name in the catalog: 989 (find_other_version would propose these for review; none is a same-size twin); HTML repair (lxml recover via repair.write-derived) only turns scrambled bytes into noise (tested on 3 such files 2026-10-02), not a fix"
B_unreadable_no_twin,moved/court/fb/facebook-potentiallycursed85-2025-08-18-NXPlelIY/your_facebook_activity/messages/messenger_contacts_you've_blocked.html,consignatio/vault/v1/moved/court/fb/facebook-potentiallycursed85-2025-08-18-NXPlelIY/your_facebook_activity/messages/messenger_contacts_you've_blocked.html,15523,e09727eae6fae34a31ef9eaec1c178971e3edc4f,html,moved/court/fb/facebook-potentiallycursed85-2025-08-18-NXPlelIY/your_facebook_activity/messages,7.953,t,confirmed unreadable: extension names a marker format but the head is random bytes,"head 4 KiB read (b2 ranged GET) -> no format marker, not text, entropy 7.953; twin search by same file name + same size: 1 other hash(es) probed, 0 intact, 1 not readable in B2; other-size copies of the name in the catalog: 4 (find_other_version would propose these for review; none is a same-size twin); HTML repair (lxml recover via repair.write-derived) only turns scrambled bytes into noise (tested on 3 such files 2026-10-02), not a fix"
B_unreadable_no_twin,moved/court/fb/facebook-potentiallycursed85-2025-08-18-NXPlelIY/your_facebook_activity/messages/secret_conversations.html,consignatio/vault/v1/moved/court/fb/facebook-potentiallycursed85-2025-08-18-NXPlelIY/your_facebook_activity/messages/secret_conversations.html,22642,ed9f18706bbd47d5771e4716b8f9f7b5c49b7697,html,moved/court/fb/facebook-potentiallycursed85-2025-08-18-NXPlelIY/your_facebook_activity/messages,7.962,t,confirmed unreadable: extension names a marker format but the head is random bytes,"head 4 KiB read (b2 ranged GET) -> no format marker, not text, entropy 7.962; twin search by same file name + same size: 1 other hash(es) probed, 0 intact, 1 not readable in B2; other-size copies of the name in the catalog: 6 (find_other_version would propose these for review; none is a same-size twin); HTML repair (lxml recover via repair.write-derived) only turns scrambled bytes into noise (tested on 3 such files 2026-10-02), not a fix"
B_unreadable_no_twin,moved/court/fb/facebook-potentiallycursed85-2025-08-18-NXPlelIY/your_facebook_activity/messages/support_messages.html,consignatio/vault/v1/moved/court/fb/facebook-potentiallycursed85-2025-08-18-NXPlelIY/your_facebook_activity/messages/support_messages.html,20472,2adb191977fd2fed104da29d02548798bc814fdd,html,moved/court/fb/facebook-potentiallycursed85-2025-08-18-NXPlelIY/your_facebook_activity/messages,7.951,t,confirmed unreadable: extension names a marker format but the head is random bytes,"head 4 KiB read (b2 ranged GET) -> no format marker, not text, entropy 7.951; twin search by same file name + same size: 1 other hash(es) probed, 0 intact, 1 not readable in B2; other-size copies of the name in the catalog: 5 (find_other_version would propose these for review; none is a same-size twin); HTML repair (lxml recover via repair.write-derived) only turns scrambled bytes into noise (tested on 3 such files 2026-10-02), not a fix"
B_unreadable_no_twin,moved/court/fb/facebook-potentiallycursed85-2025-08-18-NXPlelIY/your_facebook_activity/messages/your_messages.html,consignatio/vault/v1/moved/court/fb/facebook-potentiallycursed85-2025-08-18-NXPlelIY/your_facebook_activity/messages/your_messages.html,61300,86eedf1a7cf5ae3d5cbc867803625a356a36ef90,html,moved/court/fb/facebook-potentiallycursed85-2025-08-18-NXPlelIY/your_facebook_activity/messages,7.955,t,confirmed unreadable: extension names a marker format but the head is random bytes,"head 4 KiB read (b2 ranged GET) -> no format marker, not text, entropy 7.955; twin search by same file name + same size: 1 other hash(es) probed, 0 intact, 1 not readable in B2; other-size copies of the name in the catalog: 5 (find_other_version would propose these for review; none is a same-size twin); HTML repair (lxml recover via repair.write-derived) only turns scrambled bytes into noise (tested on 3 such files 2026-10-02), not a fix"
B_unreadable_no_twin,moved/court/fb/facebook-potentiallycursed85-2025-08-18-NXPlelIY/your_facebook_activity/messages/your_responsiveness_in_messaging_threads.html,consignatio/vault/v1/moved/court/fb/facebook-potentiallycursed85-2025-08-18-NXPlelIY/your_facebook_activity/messages/your_responsiveness_in_messaging_threads.html,13078,959dbfda0919305f021da7edcd48494bc72c2574,html,moved/court/fb/facebook-potentiallycursed85-2025-08-18-NXPlelIY/your_facebook_activity/messages,7.954,t,confirmed unreadable: extension names a marker format but the head is random bytes,"head 4 KiB read (b2 ranged GET) -> no format marker, not text, entropy 7.954; twin search by same file name + same size: 1 other hash(es) probed, 0 intact, 1 not readable in B2; other-size copies of the name in the catalog: 3 (find_other_version would propose these for review; none is a same-size twin); HTML repair (lxml recover via repair.write-derived) only turns scrambled bytes into noise (tested on 3 such files 2026-10-02), not a fix"
B_unreadable_no_twin,moved/court/fb/New Folder/katrinakinzel_1614217831996100/files/message_1_506804809007452.html,consignatio/vault/v1/moved/court/fb/New Folder/katrinakinzel_1614217831996100/files/message_1_506804809007452.html,3000570,880c0eae70d2dc4809a67894bd188a0ccc95dcf4,html,moved/court/fb/New Folder/katrinakinzel_1614217831996100/files,7.954,f,confirmed unreadable: extension names a marker format but the head is random bytes,"head 4 KiB read (b2 ranged GET) -> no format marker, not text, entropy 7.954; twin search by same file name + same size: 2 other hash(es) probed, 0 intact, 1 not readable in B2; other-size copies of the name in the catalog: 0 (find_other_version would propose these for review; none is a same-size twin); HTML repair (lxml recover via repair.write-derived) only turns scrambled bytes into noise (tested on 3 such files 2026-10-02), not a fix"
B_unreadable_no_twin,moved/court/fb/New Folder/katrinakinzel_1614217831996100/files/message_2_534281119451152.html,consignatio/vault/v1/moved/court/fb/New Folder/katrinakinzel_1614217831996100/files/message_2_534281119451152.html,2782348,0f36fc7f35100db4d459aff289ac9c3f169963f7,html,moved/court/fb/New Folder/katrinakinzel_1614217831996100/files,7.951,f,confirmed unreadable: extension names a marker format but the head is random bytes,"head 4 KiB read (b2 ranged GET) -> no format marker, not text, entropy 7.951; twin search by same file name + same size: 2 other hash(es) probed, 0 intact, 1 not readable in B2; other-size copies of the name in the catalog: 0 (find_other_version would propose these for review; none is a same-size twin); HTML repair (lxml recover via repair.write-derived) only turns scrambled bytes into noise (tested on 3 such files 2026-10-02), not a fix"
B_unreadable_no_twin,moved/court/fb/New Folder/katrinakinzel_1614217831996100/files/message_3_1686867998547095.html,consignatio/vault/v1/moved/court/fb/New Folder/katrinakinzel_1614217831996100/files/message_3_1686867998547095.html,2971906,05d07d6b74a1ba7d34cae4eddc6af1d4b8b027f1,html,moved/court/fb/New Folder/katrinakinzel_1614217831996100/files,7.954,f,confirmed unreadable: extension names a marker format but the head is random bytes,"head 4 KiB read (b2 ranged GET) -> no format marker, not text, entropy 7.954; twin search by same file name + same size: 2 other hash(es) probed, 0 intact, 1 not readable in B2; other-size copies of the name in the catalog: 0 (find_other_version would propose these for review; none is a same-size twin); HTML repair (lxml recover via repair.write-derived) only turns scrambled bytes into noise (tested on 3 such files 2026-10-02), not a fix"
B_unreadable_no_twin,moved/court/fb/New Folder/katrinakinzel_1614217831996100/files/message_4_1554815702088766.html,consignatio/vault/v1/moved/court/fb/New Folder/katrinakinzel_1614217831996100/files/message_4_1554815702088766.html,2901325,1c447e7ec19d652b23637efda51555e46bcdd258,html,moved/court/fb/New Folder/katrinakinzel_1614217831996100/files,7.953,f,confirmed unreadable: extension names a marker format but the head is random bytes,"head 4 KiB read (b2 ranged GET) -> no format marker, not text, entropy 7.953; twin search by same file name + same size: 2 other hash(es) probed, 0 intact, 1 not readable in B2; other-size copies of the name in the catalog: 0 (find_other_version would propose these for review; none is a same-size twin); HTML repair (lxml recover via repair.write-derived) only turns scrambled bytes into noise (tested on 3 such files 2026-10-02), not a fix"
B_unreadable_no_twin,moved/court/fb/New Folder/katrinakinzel_1614217831996100/files/message_5_504626782579930.html,consignatio/vault/v1/moved/court/fb/New Folder/katrinakinzel_1614217831996100/files/message_5_504626782579930.html,2956659,526b0982bae277ea06d1863447653a129fef597f,html,moved/court/fb/New Folder/katrinakinzel_1614217831996100/files,7.96,f,confirmed unreadable: extension names a marker format but the head is random bytes,"head 4 KiB read (b2 ranged GET) -> no format marker, not text, entropy 7.96; twin search by same file name + same size: 2 other hash(es) probed, 0 intact, 1 not readable in B2; other-size copies of the name in the catalog: 0 (find_other_version would propose these for review; none is a same-size twin); HTML repair (lxml recover via repair.write-derived) only turns scrambled bytes into noise (tested on 3 such files 2026-10-02), not a fix"
B_unreadable_no_twin,moved/court/fb/New Folder/katrinakinzel_1614217831996100/files/message_6_809023007918194.html,consignatio/vault/v1/moved/court/fb/New Folder/katrinakinzel_1614217831996100/files/message_6_809023007918194.html,2385278,04b1467d59f1c3f6c2a9061ddb2d717c13bfd335,html,moved/court/fb/New Folder/katrinakinzel_1614217831996100/files,7.954,f,confirmed unreadable: extension names a marker format but the head is random bytes,"head 4 KiB read (b2 ranged GET) -> no format marker, not text, entropy 7.954; twin search by same file name + same size: 2 other hash(es) probed, 0 intact, 1 not readable in B2; other-size copies of the name in the catalog: 0 (find_other_version would propose these for review; none is a same-size twin); HTML repair (lxml recover via repair.write-derived) only turns scrambled bytes into noise (tested on 3 such files 2026-10-02), not a fix"
B_unreadable_no_twin,moved/court/fb/New Folder/Takeout/My Activity/Search/MyActivity.html,consignatio/vault/v1/moved/court/fb/New Folder/Takeout/My Activity/Search/MyActivity.html,6389921,ca076a4b36c4a857c936baeed94f9290a0470d2f,html,moved/court/fb/New Folder/Takeout/My Activity/Search,7.929,f,confirmed unreadable: extension names a marker format but the head is random bytes,"head 4 KiB read (b2 ranged GET) -> no format marker, not text, entropy 7.929; twin search by same file name + same size: 2 other hash(es) probed, 0 intact, 1 not readable in B2; other-size copies of the name in the catalog: 166 (find_other_version would propose these for review; none is a same-size twin); HTML repair (lxml recover via repair.write-derived) only turns scrambled bytes into noise (tested on 3 such files 2026-10-02), not a fix"
B_unreadable_no_twin,moved/court/fb/recover'/f96280168_Export_18102689630.html,consignatio/vault/v1/moved/court/fb/recover'/f96280168_Export_18102689630.html,8533266,8b2458d69d268f5259f6ec5782879a74fab4aa25,html,moved/court/fb/recover',7.96,f,confirmed unreadable: extension names a marker format but the head is random bytes,"head 4 KiB read (b2 ranged GET) -> no format marker, not text, entropy 7.96; twin search by same file name + same size: 1 other hash(es) probed, 0 intact, 1 not readable in B2; other-size copies of the name in the catalog: 0 (find_other_version would propose these for review; none is a same-size twin); HTML repair (lxml recover via repair.write-derived) only turns scrambled bytes into noise (tested on 3 such files 2026-10-02), not a fix"
B_unreadable_no_twin,moved/court/fb/recover'/Facebook-potentiallycursed85-2025-08-18/your_facebook_activity/messages/e2ee_cutover/roselamrock_3369533529797846/message_1.html,consignatio/vault/v1/moved/court/fb/recover'/Facebook-potentiallycursed85-2025-08-18/your_facebook_activity/messages/e2ee_cutover/roselamrock_3369533529797846/message_1.html,20172,92f6a70d0fe08c29792632b72aed1e3c2b916b10,html,moved/court/fb/recover'/Facebook-potentiallycursed85-2025-08-18/your_facebook_activity/messages/e2ee_cutover/roselamrock_3369533529797846,7.926,f,confirmed unreadable: extension names a marker format but the head is random bytes,"head 4 KiB read (b2 ranged GET) -> no format marker, not text, entropy 7.926; twin search by same file name + same size: 2 other hash(es) probed, 0 intact, 1 not readable in B2; other-size copies of the name in the catalog: 987 (find_other_version would propose these for review; none is a same-size twin); HTML repair (lxml recover via repair.write-derived) only turns scrambled bytes into noise (tested on 3 such files 2026-10-02), not a fix"
B_unreadable_no_twin,moved/court/fb/your_facebook_activity/messages/inbox/katrinakinzel_1614217831996100/files/message_1_506804809007452.html,consignatio/vault/v1/moved/court/fb/your_facebook_activity/messages/inbox/katrinakinzel_1614217831996100/files/message_1_506804809007452.html,3000570,e039b86d889f516a971291c1ddac5572c61a7a44,html,moved/court/fb/your_facebook_activity/messages/inbox/katrinakinzel_1614217831996100/files,7.909,f,confirmed unreadable: extension names a marker format but the head is random bytes,"head 4 KiB read (b2 ranged GET) -> no format marker, not text, entropy 7.909; twin search by same file name + same size: 2 other hash(es) probed, 0 intact, 1 not readable in B2; other-size copies of the name in the catalog: 0 (find_other_version would propose these for review; none is a same-size twin); HTML repair (lxml recover via repair.write-derived) only turns scrambled bytes into noise (tested on 3 such files 2026-10-02), not a fix"
B_unreadable_no_twin,moved/court/fb/your_facebook_activity/messages/inbox/katrinakinzel_1614217831996100/files/message_2_534281119451152.html,consignatio/vault/v1/moved/court/fb/your_facebook_activity/messages/inbox/katrinakinzel_1614217831996100/files/message_2_534281119451152.html,2782348,005379612550df13c94ef8ab6420797391c63956,html,moved/court/fb/your_facebook_activity/messages/inbox/katrinakinzel_1614217831996100/files,7.909,f,confirmed unreadable: extension names a marker format but the head is random bytes,"head 4 KiB read (b2 ranged GET) -> no format marker, not text, entropy 7.909; twin search by same file name + same size: 2 other hash(es) probed, 0 intact, 1 not readable in B2; other-size copies of the name in the catalog: 0 (find_other_version would propose these for review; none is a same-size twin); HTML repair (lxml recover via repair.write-derived) only turns scrambled bytes into noise (tested on 3 such files 2026-10-02), not a fix"
B_unreadable_no_twin,moved/court/fb/your_facebook_activity/messages/inbox/katrinakinzel_1614217831996100/files/message_3_1686867998547095.html,consignatio/vault/v1/moved/court/fb/your_facebook_activity/messages/inbox/katrinakinzel_1614217831996100/files/message_3_1686867998547095.html,2971906,43ad7f3223f1357662fb33c01e9b0c2d9589a013,html,moved/court/fb/your_facebook_activity/messages/inbox/katrinakinzel_1614217831996100/files,7.904,f,confirmed unreadable: extension names a marker format but the head is random bytes,"head 4 KiB read (b2 ranged GET) -> no format marker, not text, entropy 7.904; twin search by same file name + same size: 2 other hash(es) probed, 0 intact, 1 not readable in B2; other-size copies of the name in the catalog: 0 (find_other_version would propose these for review; none is a same-size twin); HTML repair (lxml recover via repair.write-derived) only turns scrambled bytes into noise (tested on 3 such files 2026-10-02), not a fix"
B_unreadable_no_twin,moved/court/fb/your_facebook_activity/messages/inbox/katrinakinzel_1614217831996100/files/message_4_1554815702088766.html,consignatio/vault/v1/moved/court/fb/your_facebook_activity/messages/inbox/katrinakinzel_1614217831996100/files/message_4_1554815702088766.html,2901325,b8217fc13ca653550b6813483d82a1eea8757822,html,moved/court/fb/your_facebook_activity/messages/inbox/katrinakinzel_1614217831996100/files,7.906,f,confirmed unreadable: extension names a marker format but the head is random bytes,"head 4 KiB read (b2 ranged GET) -> no format marker, not text, entropy 7.906; twin search by same file name + same size: 2 other hash(es) probed, 0 intact, 1 not readable in B2; other-size copies of the name in the catalog: 0 (find_other_version would propose these for review; none is a same-size twin); HTML repair (lxml recover via repair.write-derived) only turns scrambled bytes into noise (tested on 3 such files 2026-10-02), not a fix"
B_unreadable_no_twin,moved/court/fb/your_facebook_activity/messages/inbox/katrinakinzel_1614217831996100/files/message_5_504626782579930.html,consignatio/vault/v1/moved/court/fb/your_facebook_activity/messages/inbox/katrinakinzel_1614217831996100/files/message_5_504626782579930.html,2956659,f6d4a085e6f924c480cdee433a8f25890063be1b,html,moved/court/fb/your_facebook_activity/messages/inbox/katrinakinzel_1614217831996100/files,7.906,f,confirmed unreadable: extension names a marker format but the head is random bytes,"head 4 KiB read (b2 ranged GET) -> no format marker, not text, entropy 7.906; twin search by same file name + same size: 2 other hash(es) probed, 0 intact, 1 not readable in B2; other-size copies of the name in the catalog: 0 (find_other_version would propose these for review; none is a same-size twin); HTML repair (lxml recover via repair.write-derived) only turns scrambled bytes into noise (tested on 3 such files 2026-10-02), not a fix"
B_unreadable_no_twin,moved/court/fb/your_facebook_activity/messages/inbox/katrinakinzel_1614217831996100/files/message_6_809023007918194.html,consignatio/vault/v1/moved/court/fb/your_facebook_activity/messages/inbox/katrinakinzel_1614217831996100/files/message_6_809023007918194.html,2385278,97bd4c413e5439451724ca4a9b7449ce076d11f2,html,moved/court/fb/your_facebook_activity/messages/inbox/katrinakinzel_1614217831996100/files,7.927,f,confirmed unreadable: extension names a marker format but the head is random bytes,"head 4 KiB read (b2 ranged GET) -> no format marker, not text, entropy 7.927; twin search by same file name + same size: 2 other hash(es) probed, 0 intact, 1 not readable in B2; other-size copies of the name in the catalog: 0 (find_other_version would propose these for review; none is a same-size twin); HTML repair (lxml recover via repair.write-derived) only turns scrambled bytes into noise (tested on 3 such files 2026-10-02), not a fix"
B_unreadable_no_twin,_backup_import/Takeout/Google Photos/Social Screen Shots of Users/received_722174144533449.jpeg,consignatio/vault/v1/_backup_import/Takeout/Google Photos/Social Screen Shots of Users/received_722174144533449.jpeg,62878,486a8ad473f1b4b57ce37c7de244abe3d2820b85,jpeg,_backup_import/Takeout/Google Photos/Social Screen Shots of Users,7.954,f,confirmed unreadable: extension names a marker format but the head is random bytes,"head 4 KiB read (b2 ranged GET) -> no format marker, not text, entropy 7.954; twin search by same file name + same size: 1 other hash(es) probed, 0 intact, 1 not readable in B2; other-size copies of the name in the catalog: 1 (find_other_version would propose these for review; none is a same-size twin); no repair engine exists for this type"
B_unreadable_no_twin,Documents//chat_media/2023-10-23_b~ChxnMkxCVEFtWXlvWHBTOGlZcGdCeVAuMTAyMF8xEikSGmcyTEJUQW1ZeW9YcFM4aVlwZ0J5UC4xMDIwGgAaADIBBEgBUB5gAQ.jpeg,consignatio/vault/v1/Documents//chat_media/2023-10-23_b~ChxnMkxCVEFtWXlvWHBTOGlZcGdCeVAuMTAyMF8xEikSGmcyTEJUQW1ZeW9YcFM4aVlwZ0J5UC4xMDIwGgAaADIBBEgBUB5gAQ.jpeg,6017,6ff422fd03306e4ff8e94f2a7345931a346b0441,jpeg,Documents//chat_media,7.906,f,confirmed unreadable: extension names a marker format but the head is random bytes,"head 4 KiB read (b2 ranged GET) -> no format marker, not text, entropy 7.906; twin search by same file name + same size: 2 other hash(es) probed, 0 intact, 1 not readable in B2; other-size copies of the name in the catalog: 0 (find_other_version would propose these for review; none is a same-size twin); no repair engine exists for this type"
B_unreadable_no_twin,moved/court/snap//chat_media/2023-08-31_b~Chw2S294TGV1eEd6QXZYSlVJTUhNbTAuMTAyMF8xEikSGjZLb3hMZXV4R3pBdlhKVUlNSE1tMC4xMDIwGgAaADIBBEgBUB5gAQ.jpeg,consignatio/vault/v1/moved/court/snap//chat_media/2023-08-31_b~Chw2S294TGV1eEd6QXZYSlVJTUhNbTAuMTAyMF8xEikSGjZLb3hMZXV4R3pBdlhKVUlNSE1tMC4xMDIwGgAaADIBBEgBUB5gAQ.jpeg,13026,5f325ca2a3e8f7bb4de41a35cd6f960de2ed1c9c,jpeg,moved/court/snap//chat_media,7.953,f,confirmed unreadable: extension names a marker format but the head is random bytes,"head 4 KiB read (b2 ranged GET) -> no format marker, not text, entropy 7.953; twin search by same file name + same size: 2 other hash(es) probed, 0 intact, 1 not readable in B2; other-size copies of the name in the catalog: 0 (find_other_version would propose these for review; none is a same-size twin); no repair engine exists for this type"
B_unreadable_no_twin,moved/court/snap//chat_media/2023-10-23_b~ChxnMkxCVEFtWXlvWHBTOGlZcGdCeVAuMTAyMF8xEikSGmcyTEJUQW1ZeW9YcFM4aVlwZ0J5UC4xMDIwGgAaADIBBEgBUB5gAQ.jpeg,consignatio/vault/v1/moved/court/snap//chat_media/2023-10-23_b~ChxnMkxCVEFtWXlvWHBTOGlZcGdCeVAuMTAyMF8xEikSGmcyTEJUQW1ZeW9YcFM4aVlwZ0J5UC4xMDIwGgAaADIBBEgBUB5gAQ.jpeg,6017,3514c0af34a79a945552f56ec52a314bab2c46b6,jpeg,moved/court/snap//chat_media,7.908,f,confirmed unreadable: extension names a marker format but the head is random bytes,"head 4 KiB read (b2 ranged GET) -> no format marker, not text, entropy 7.908; twin search by same file name + same size: 2 other hash(es) probed, 0 intact, 1 not readable in B2; other-size copies of the name in the catalog: 0 (find_other_version would propose these for review; none is a same-size twin); no repair engine exists for this type"
B_unreadable_no_twin,moved/court/snap//chat_media/2024-09-24_b~EikSGmxYbjZjc2E1UmFCTWlzYWRtWnpCai4xMDIwGgAaADIBBEgBUB5gAQ.jpeg,consignatio/vault/v1/moved/court/snap//chat_media/2024-09-24_b~EikSGmxYbjZjc2E1UmFCTWlzYWRtWnpCai4xMDIwGgAaADIBBEgBUB5gAQ.jpeg,13042,959dad90b8667cb76dc207e725c9e608e6d8ece1,jpeg,moved/court/snap//chat_media,7.954,f,confirmed unreadable: extension names a marker format but the head is random bytes,"head 4 KiB read (b2 ranged GET) -> no format marker, not text, entropy 7.954; twin search by same file name + same size: 2 other hash(es) probed, 0 intact, 1 not readable in B2; other-size copies of the name in the catalog: 0 (find_other_version would propose these for review; none is a same-size twin); no repair engine exists for this type"
B_unreadable_no_twin,Takeout/Takeout/Google Photos/screens/received_1405167179920007.jpeg,consignatio/vault/v1/Takeout/Takeout/Google Photos/screens/received_1405167179920007.jpeg,94181,12431381551dfcbae825e6718469e0c637ed9088,jpeg,Takeout/Takeout/Google Photos/screens,7.953,f,confirmed unreadable: extension names a marker format but the head is random bytes,"head 4 KiB read (b2 ranged GET) -> no format marker, not text, entropy 7.953; twin search by same file name + same size: 1 other hash(es) probed, 0 intact, 1 not readable in B2; other-size copies of the name in the catalog: 1 (find_other_version would propose these for review; none is a same-size twin); no repair engine exists for this type"
B_unreadable_no_twin,Takeout/Takeout/Google Photos/screens/received_166183685457313.jpeg,consignatio/vault/v1/Takeout/Takeout/Google Photos/screens/received_166183685457313.jpeg,98812,dde143f5318b75f59ff2ad2958b036590d0eab69,jpeg,Takeout/Takeout/Google Photos/screens,7.959,f,confirmed unreadable: extension names a marker format but the head is random bytes,"head 4 KiB read (b2 ranged GET) -> no format marker, not text, entropy 7.959; twin search by same file name + same size: 1 other hash(es) probed, 0 intact, 1 not readable in B2; other-size copies of the name in the catalog: 1 (find_other_version would propose these for review; none is a same-size twin); no repair engine exists for this type"
B_unreadable_no_twin,Takeout/Takeout/Google Photos/screens/received_2975976192661185.jpeg,consignatio/vault/v1/Takeout/Takeout/Google Photos/screens/received_2975976192661185.jpeg,62774,269d79b6a0184aac75e6402695e4c52dcd2c60d9,jpeg,Takeout/Takeout/Google Photos/screens,7.949,f,confirmed unreadable: extension names a marker format but the head is random bytes,"head 4 KiB read (b2 ranged GET) -> no format marker, not text, entropy 7.949; twin search by same file name + same size: 1 other hash(es) probed, 0 intact, 1 not readable in B2; other-size copies of the name in the catalog: 1 (find_other_version would propose these for review; none is a same-size twin); no repair engine exists for this type"
B_unreadable_no_twin,Takeout/Takeout/Google Photos/screens/received_338598954478854.jpeg,consignatio/vault/v1/Takeout/Takeout/Google Photos/screens/received_338598954478854.jpeg,26221,42fbe16ab6834f84649a0502fb2e3224594a5d68,jpeg,Takeout/Takeout/Google Photos/screens,7.95,f,confirmed unreadable: extension names a marker format but the head is random bytes,"head 4 KiB read (b2 ranged GET) -> no format marker, not text, entropy 7.95; twin search by same file name + same size: 1 other hash(es) probed, 0 intact, 1 not readable in B2; other-size copies of the name in the catalog: 1 (find_other_version would propose these for review; none is a same-size twin); no repair engine exists for this type"
B_unreadable_no_twin,Takeout/Takeout/Google Photos/screens/received_926807682571771(1).jpeg,consignatio/vault/v1/Takeout/Takeout/Google Photos/screens/received_926807682571771(1).jpeg,127550,71845bdbade9f85503c77dddc313953ff66c8578,jpeg,Takeout/Takeout/Google Photos/screens,7.954,f,confirmed unreadable: extension names a marker format but the head is random bytes,"head 4 KiB read (b2 ranged GET) -> no format marker, not text, entropy 7.954; twin search by same file name + same size: 1 other hash(es) probed, 0 intact, 1 not readable in B2; other-size copies of the name in the catalog: 0 (find_other_version would propose these for review; none is a same-size twin); no repair engine exists for this type"
B_unreadable_no_twin,Takeout/Takeout/Google Photos/screens/received_955221789439496~2(1).jpeg,consignatio/vault/v1/Takeout/Takeout/Google Photos/screens/received_955221789439496~2(1).jpeg,78503,0ed788e4295a27713fee0c90c2188b216d4833cd,jpeg,Takeout/Takeout/Google Photos/screens,7.953,f,confirmed unreadable: extension names a marker format but the head is random bytes,"head 4 KiB read (b2 ranged GET) -> no format marker, not text, entropy 7.953; twin search by same file name + same size: 1 other hash(es) probed, 0 intact, 1 not readable in B2; other-size copies of the name in the catalog: 0 (find_other_version would propose these for review; none is a same-size twin); no repair engine exists for this type"
B_unreadable_no_twin,Backup/f48590232.jpg,consignatio/vault/v1/Backup/f48590232.jpg,1671168,b6e9ff8902176a7de5e352f9e9c0cd99d0459122,jpg,Backup,7.958,f,confirmed unreadable: extension names a marker format but the head is random bytes,"head 4 KiB read (b2 ranged GET) -> no format marker, not text, entropy 7.958; twin search by same file name + same size: 1 other hash(es) probed, 0 intact, 0 not readable in B2; other-size copies of the name in the catalog: 1 (find_other_version would propose these for review; none is a same-size twin); no repair engine exists for this type"
B_unreadable_no_twin,Backup/f48602592.jpg,consignatio/vault/v1/Backup/f48602592.jpg,1925120,851ef373d2ac2ed4ecd3acd91350e182baf562d0,jpg,Backup,7.903,f,confirmed unreadable: extension names a marker format but the head is random bytes,"head 4 KiB read (b2 ranged GET) -> no format marker, not text, entropy 7.903; twin search by same file name + same size: 1 other hash(es) probed, 0 intact, 0 not readable in B2; other-size copies of the name in the catalog: 1 (find_other_version would propose these for review; none is a same-size twin); no repair engine exists for this type"
B_unreadable_no_twin,_backup_import/facebook-potentiallycursed85-2025-08-18-Ey12Pico (1)/your_facebook_activity/messages/archived_threads/erickinzel_2066204800112506/photos/105599368_273014540474523_9189497491368268103_n_318053746029671.jpg,consignatio/vault/v1/_backup_import/facebook-potentiallycursed85-2025-08-18-Ey12Pico (1)/your_facebook_activity/messages/archived_threads/erickinzel_2066204800112506/photos/105599368_273014540474523_9189497491368268103_n_318053746029671.jpg,70277,9c446424ef11436caabd8459be0a8d50579d3b04,jpg,_backup_import/facebook-potentiallycursed85-2025-08-18-Ey12Pico (1)/your_facebook_activity/messages/archived_threads/erickinzel_2066204800112506/photos,7.959,f,confirmed unreadable: extension names a marker format but the head is random bytes,"head 4 KiB read (b2 ranged GET) -> no format marker, not text, entropy 7.959; twin search by same file name + same size: 1 other hash(es) probed, 0 intact, 1 not readable in B2; other-size copies of the name in the catalog: 0 (find_other_version would propose these for review; none is a same-size twin); no repair engine exists for this type"
B_unreadable_no_twin,_backup_import/facebook-potentiallycursed85-2025-08-18-Ey12Pico (1)/your_facebook_activity/messages/archived_threads/erickinzel_2066204800112506/photos/106421459_861493974340379_372240831475990331_n_691333294779804.jpg,consignatio/vault/v1/_backup_import/facebook-potentiallycursed85-2025-08-18-Ey12Pico (1)/your_facebook_activity/messages/archived_threads/erickinzel_2066204800112506/photos/106421459_861493974340379_372240831475990331_n_691333294779804.jpg,80218,0437aec304a9c428c5720a6a82793f7d0388ea8e,jpg,_backup_import/facebook-potentiallycursed85-2025-08-18-Ey12Pico (1)/your_facebook_activity/messages/archived_threads/erickinzel_2066204800112506/photos,7.949,f,confirmed unreadable: extension names a marker format but the head is random bytes,"head 4 KiB read (b2 ranged GET) -> no format marker, not text, entropy 7.949; twin search by same file name + same size: 1 other hash(es) probed, 0 intact, 1 not readable in B2; other-size copies of the name in the catalog: 1 (find_other_version would propose these for review; none is a same-size twin); no repair engine exists for this type"
B_unreadable_no_twin,_backup_import/facebook-potentiallycursed85-2025-08-18-Ey12Pico (1)/your_facebook_activity/messages/archived_threads/erickinzel_2066204800112506/photos/106446294_785594215539648_5655226694045742669_n_572529860122415.jpg,consignatio/vault/v1/_backup_import/facebook-potentiallycursed85-2025-08-18-Ey12Pico (1)/your_facebook_activity/messages/archived_threads/erickinzel_2066204800112506/photos/106446294_785594215539648_5655226694045742669_n_572529860122415.jpg,102528,96beac0a408b11c143ea1876ec8a12de4f5c0897,jpg,_backup_import/facebook-potentiallycursed85-2025-08-18-Ey12Pico (1)/your_facebook_activity/messages/archived_threads/erickinzel_2066204800112506/photos,7.956,f,confirmed unreadable: extension names a marker format but the head is random bytes,"head 4 KiB read (b2 ranged GET) -> no format marker, not text, entropy 7.956; twin search by same file name + same size: 1 other hash(es) probed, 0 intact, 1 not readable in B2; other-size copies of the name in the catalog: 0 (find_other_version would propose these for review; none is a same-size twin); no repair engine exists for this type"
B_unreadable_no_twin,_backup_import/facebook-potentiallycursed85-2025-08-18-Ey12Pico (1)/your_facebook_activity/messages/archived_threads/jeraldmichaeljoubran_10154086179704199/photos/448337299_10164251937529199_3467555217415167064_n_10157423235259199.jpg,consignatio/vault/v1/_backup_import/facebook-potentiallycursed85-2025-08-18-Ey12Pico (1)/your_facebook_activity/messages/archived_threads/jeraldmichaeljoubran_10154086179704199/photos/448337299_10164251937529199_3467555217415167064_n_10157423235259199.jpg,17551,93c3058019dc2fb8c449dabb08bae4464378eb2b,jpg,_backup_import/facebook-potentiallycursed85-2025-08-18-Ey12Pico (1)/your_facebook_activity/messages/archived_threads/jeraldmichaeljoubran_10154086179704199/photos,7.954,f,confirmed unreadable: extension names a marker format but the head is random bytes,"head 4 KiB read (b2 ranged GET) -> no format marker, not text, entropy 7.954; twin search by same file name + same size: 1 other hash(es) probed, 0 intact, 1 not readable in B2; other-size copies of the name in the catalog: 1 (find_other_version would propose these for review; none is a same-size twin); no repair engine exists for this type"
B_unreadable_no_twin,_backup_import/facebook-potentiallycursed85-2025-08-18-Ey12Pico (1)/your_facebook_activity/messages/archived_threads/jeraldmichaeljoubran_10154086179704199/photos/49095497_2266257540281261_4668689176567218176_n_2266257533614595.jpg,consignatio/vault/v1/_backup_import/facebook-potentiallycursed85-2025-08-18-Ey12Pico (1)/your_facebook_activity/messages/archived_threads/jeraldmichaeljoubran_10154086179704199/photos/49095497_2266257540281261_4668689176567218176_n_2266257533614595.jpg,43295,9f6ca3cc28f0d9b6db3b56c81df062a8cf0a0417,jpg,_backup_import/facebook-potentiallycursed85-2025-08-18-Ey12Pico (1)/your_facebook_activity/messages/archived_threads/jeraldmichaeljoubran_10154086179704199/photos,7.951,f,confirmed unreadable: extension names a marker format but the head is random bytes,"head 4 KiB read (b2 ranged GET) -> no format marker, not text, entropy 7.951; twin search by same file name + same size: 1 other hash(es) probed, 0 intact, 1 not readable in B2; other-size copies of the name in the catalog: 0 (find_other_version would propose these for review; none is a same-size twin); no repair engine exists for this type"
B_unreadable_no_twin,_backup_import/facebook-potentiallycursed85-2025-08-18-Ey12Pico (1)/your_facebook_activity/messages/archived_threads/jeraldmichaeljoubran_10154086179704199/photos/49103450_2024517324290704_1234310155613503488_n_2024517320957371.jpg,consignatio/vault/v1/_backup_import/facebook-potentiallycursed85-2025-08-18-Ey12Pico (1)/your_facebook_activity/messages/archived_threads/jeraldmichaeljoubran_10154086179704199/photos/49103450_2024517324290704_1234310155613503488_n_2024517320957371.jpg,97677,f3a6651585facf49bb6061dd48f7a0941aea8ba8,jpg,_backup_import/facebook-potentiallycursed85-2025-08-18-Ey12Pico (1)/your_facebook_activity/messages/archived_threads/jeraldmichaeljoubran_10154086179704199/photos,7.957,f,confirmed unreadable: extension names a marker format but the head is random bytes,"head 4 KiB read (b2 ranged GET) -> no format marker, not text, entropy 7.957; twin search by same file name + same size: 1 other hash(es) probed, 0 intact, 1 not readable in B2; other-size copies of the name in the catalog: 0 (find_other_version would propose these for review; none is a same-size twin); no repair engine exists for this type"
B_unreadable_no_twin,_backup_import/facebook-potentiallycursed85-2025-08-18-Ey12Pico (1)/your_facebook_activity/messages/archived_threads/jeraldmichaeljoubran_10154086179704199/photos/49119162_342565013000772_181940333691535360_n_342565006334106.jpg,consignatio/vault/v1/_backup_import/facebook-potentiallycursed85-2025-08-18-Ey12Pico (1)/your_facebook_activity/messages/archived_threads/jeraldmichaeljoubran_10154086179704199/photos/49119162_342565013000772_181940333691535360_n_342565006334106.jpg,22121,ae3b5dc279dd644f8d468b2f78cdb409e3268de7,jpg,_backup_import/facebook-potentiallycursed85-2025-08-18-Ey12Pico (1)/your_facebook_activity/messages/archived_threads/jeraldmichaeljoubran_10154086179704199/photos,7.955,f,confirmed unreadable: extension names a marker format but the head is random bytes,"head 4 KiB read (b2 ranged GET) -> no format marker, not text, entropy 7.955; twin search by same file name + same size: 1 other hash(es) probed, 0 intact, 1 not readable in B2; other-size copies of the name in the catalog: 0 (find_other_version would propose these for review; none is a same-size twin); no repair engine exists for this type"
B_unreadable_no_twin,_backup_import/facebook-potentiallycursed85-2025-08-18-Ey12Pico (1)/your_facebook_activity/messages/archived_threads/jeraldmichaeljoubran_10154086179704199/photos/49251665_214427962834157_5556576568689557504_n_214427952834158.jpg,consignatio/vault/v1/_backup_import/facebook-potentiallycursed85-2025-08-18-Ey12Pico (1)/your_facebook_activity/messages/archived_threads/jeraldmichaeljoubran_10154086179704199/photos/49251665_214427962834157_5556576568689557504_n_214427952834158.jpg,119113,79ba38fdfdf57e52a38094ad7a710938c165db2d,jpg,_backup_import/facebook-potentiallycursed85-2025-08-18-Ey12Pico (1)/your_facebook_activity/messages/archived_threads/jeraldmichaeljoubran_10154086179704199/photos,7.899,f,confirmed unreadable: extension names a marker format but the head is random bytes,"head 4 KiB read (b2 ranged GET) -> no format marker, not text, entropy 7.899; twin search by same file name + same size: 1 other hash(es) probed, 0 intact, 1 not readable in B2; other-size copies of the name in the catalog: 1 (find_other_version would propose these for review; none is a same-size twin); no repair engine exists for this type"
B_unreadable_no_twin,_backup_import/facebook-potentiallycursed85-2025-08-18-Ey12Pico (1)/your_facebook_activity/messages/archived_threads/jeraldmichaeljoubran_10154086179704199/photos/49343440_364640654348536_5939325873512513536_n_364640651015203.jpg,consignatio/vault/v1/_backup_import/facebook-potentiallycursed85-2025-08-18-Ey12Pico (1)/your_facebook_activity/messages/archived_threads/jeraldmichaeljoubran_10154086179704199/photos/49343440_364640654348536_5939325873512513536_n_364640651015203.jpg,98744,9ead53cd0aec8ff779fde2965ffc457d7cb88ff4,jpg,_backup_import/facebook-potentiallycursed85-2025-08-18-Ey12Pico (1)/your_facebook_activity/messages/archived_threads/jeraldmichaeljoubran_10154086179704199/photos,7.962,f,confirmed unreadable: extension names a marker format but the head is random bytes,"head 4 KiB read (b2 ranged GET) -> no format marker, not text, entropy 7.962; twin search by same file name + same size: 1 other hash(es) probed, 0 intact, 1 not readable in B2; other-size copies of the name in the catalog: 0 (find_other_version would propose these for review; none is a same-size twin); no repair engine exists for this type"
B_unreadable_no_twin,_backup_import/facebook-potentiallycursed85-2025-08-18-Ey12Pico (1)/your_facebook_activity/messages/archived_threads/kristenrachellenikiand7others_2366000553474085/photos/48393482_2308642129168588_5064774719916474368_n_2308642082501926.jpg,consignatio/vault/v1/_backup_import/facebook-potentiallycursed85-2025-08-18-Ey12Pico (1)/your_facebook_activity/messages/archived_threads/kristenrachellenikiand7others_2366000553474085/photos/48393482_2308642129168588_5064774719916474368_n_2308642082501926.jpg,73716,9b07703e61632f0b237a3a2b0fc914db690f2c88,jpg,_backup_import/facebook-potentiallycursed85-2025-08-18-Ey12Pico (1)/your_facebook_activity/messages/archived_threads/kristenrachellenikiand7others_2366000553474085/photos,7.956,f,confirmed unreadable: extension names a marker format but the head is random bytes,"head 4 KiB read (b2 ranged GET) -> no format marker, not text, entropy 7.956; twin search by same file name + same size: 1 other hash(es) probed, 0 intact, 1 not readable in B2; other-size copies of the name in the catalog: 1 (find_other_version would propose these for review; none is a same-size twin); no repair engine exists for this type"
B_unreadable_no_twin,_backup_import/facebook-potentiallycursed85-2025-08-18-Ey12Pico (1)/your_facebook_activity/messages/archived_threads/kristenrachellenikiand7others_2366000553474085/photos/48405677_211868503055183_7765470938988019712_n_211868489721851.jpg,consignatio/vault/v1/_backup_import/facebook-potentiallycursed85-2025-08-18-Ey12Pico (1)/your_facebook_activity/messages/archived_threads/kristenrachellenikiand7others_2366000553474085/photos/48405677_211868503055183_7765470938988019712_n_211868489721851.jpg,108041,6203f9cc1754a90930c1320b489ee1373a4b14fa,jpg,_backup_import/facebook-potentiallycursed85-2025-08-18-Ey12Pico (1)/your_facebook_activity/messages/archived_threads/kristenrachellenikiand7others_2366000553474085/photos,7.943,f,confirmed unreadable: extension names a marker format but the head is random bytes,"head 4 KiB read (b2 ranged GET) -> no format marker, not text, entropy 7.943; twin search by same file name + same size: 1 other hash(es) probed, 0 intact, 1 not readable in B2; other-size copies of the name in the catalog: 0 (find_other_version would propose these for review; none is a same-size twin); no repair engine exists for this type"
B_unreadable_no_twin,_backup_import/facebook-potentiallycursed85-2025-08-18-Ey12Pico (1)/your_facebook_activity/messages/archived_threads/kristenrachellenikiand7others_2366000553474085/photos/48416341_393224414758606_1376614151685668864_n_393224388091942.jpg,consignatio/vault/v1/_backup_import/facebook-potentiallycursed85-2025-08-18-Ey12Pico (1)/your_facebook_activity/messages/archived_threads/kristenrachellenikiand7others_2366000553474085/photos/48416341_393224414758606_1376614151685668864_n_393224388091942.jpg,91202,fb0ff4ec75dd85a0e36302385489b22e202f6c51,jpg,_backup_import/facebook-potentiallycursed85-2025-08-18-Ey12Pico (1)/your_facebook_activity/messages/archived_threads/kristenrachellenikiand7others_2366000553474085/photos,7.947,f,confirmed unreadable: extension names a marker format but the head is random bytes,"head 4 KiB read (b2 ranged GET) -> no format marker, not text, entropy 7.947; twin search by same file name + same size: 1 other hash(es) probed, 0 intact, 1 not readable in B2; other-size copies of the name in the catalog: 0 (find_other_version would propose these for review; none is a same-size twin); no repair engine exists for this type"
B_unreadable_no_twin,_backup_import/facebook-potentiallycursed85-2025-08-18-Ey12Pico (1)/your_facebook_activity/messages/archived_threads/lamberttrebmal_2000969743296372/photos/49630843_612761109183174_3094327313165189120_n_343968286334219.jpg,consignatio/vault/v1/_backup_import/facebook-potentiallycursed85-2025-08-18-Ey12Pico (1)/your_facebook_activity/messages/archived_threads/lamberttrebmal_2000969743296372/photos/49630843_612761109183174_3094327313165189120_n_343968286334219.jpg,41580,05f09019e1fd9ae4210e2483aaf560e428488185,jpg,_backup_import/facebook-potentiallycursed85-2025-08-18-Ey12Pico (1)/your_facebook_activity/messages/archived_threads/lamberttrebmal_2000969743296372/photos,7.915,f,confirmed unreadable: extension names a marker format but the head is random bytes,"head 4 KiB read (b2 ranged GET) -> no format marker, not text, entropy 7.915; twin search by same file name + same size: 1 other hash(es) probed, 0 intact, 1 not readable in B2; other-size copies of the name in the catalog: 0 (find_other_version would propose these for review; none is a same-size twin); no repair engine exists for this type"
B_unreadable_no_twin,_backup_import/facebook-potentiallycursed85-2025-08-18-Ey12Pico (1)/your_facebook_activity/messages/inbox/bekarenae_10204547623320511/photos/462566791_1226184821962100_4955694319989730278_n_2088261981628581.jpg,consignatio/vault/v1/_backup_import/facebook-potentiallycursed85-2025-08-18-Ey12Pico (1)/your_facebook_activity/messages/inbox/bekarenae_10204547623320511/photos/462566791_1226184821962100_4955694319989730278_n_2088261981628581.jpg,133606,76c456eb20520d03c68357a8d6dc202088d16187,jpg,_backup_import/facebook-potentiallycursed85-2025-08-18-Ey12Pico (1)/your_facebook_activity/messages/inbox/bekarenae_10204547623320511/photos,7.95,f,confirmed unreadable: extension names a marker format but the head is random bytes,"head 4 KiB read (b2 ranged GET) -> no format marker, not text, entropy 7.95; twin search by same file name + same size: 2 other hash(es) probed, 0 intact, 1 not readable in B2; other-size copies of the name in the catalog: 0 (find_other_version would propose these for review; none is a same-size twin); no repair engine exists for this type"
B_unreadable_no_twin,_backup_import/facebook-potentiallycursed85-2025-08-18-Ey12Pico (1)/your_facebook_activity/messages/inbox/bekarenae_10204547623320511/photos/482829619_1922068228597836_1842524843911838920_n_2585882511757325.jpg,consignatio/vault/v1/_backup_import/facebook-potentiallycursed85-2025-08-18-Ey12Pico (1)/your_facebook_activity/messages/inbox/bekarenae_10204547623320511/photos/482829619_1922068228597836_1842524843911838920_n_2585882511757325.jpg,87729,2d9afb915c1c032876f62e21a009879296163d2c,jpg,_backup_import/facebook-potentiallycursed85-2025-08-18-Ey12Pico (1)/your_facebook_activity/messages/inbox/bekarenae_10204547623320511/photos,7.958,f,confirmed unreadable: extension names a marker format but the head is random bytes,"head 4 KiB read (b2 ranged GET) -> no format marker, not text, entropy 7.958; twin search by same file name + same size: 2 other hash(es) probed, 0 intact, 1 not readable in B2; other-size copies of the name in the catalog: 0 (find_other_version would propose these for review; none is a same-size twin); no repair engine exists for this type"
B_unreadable_no_twin,_backup_import/facebook-potentiallycursed85-2025-08-18-Ey12Pico (1)/your_facebook_activity/messages/inbox/bekarenae_10204547623320511/photos/483136650_974686238122846_4262850109032235223_n_3968900100037892.jpg,consignatio/vault/v1/_backup_import/facebook-potentiallycursed85-2025-08-18-Ey12Pico (1)/your_facebook_activity/messages/inbox/bekarenae_10204547623320511/photos/483136650_974686238122846_4262850109032235223_n_3968900100037892.jpg,100162,a2b8915306d81b04a32edc53ec875989e4c67e98,jpg,_backup_import/facebook-potentiallycursed85-2025-08-18-Ey12Pico (1)/your_facebook_activity/messages/inbox/bekarenae_10204547623320511/photos,7.946,f,confirmed unreadable: extension names a marker format but the head is random bytes,"head 4 KiB read (b2 ranged GET) -> no format marker, not text, entropy 7.946; twin search by same file name + same size: 2 other hash(es) probed, 0 intact, 1 not readable in B2; other-size copies of the name in the catalog: 0 (find_other_version would propose these for review; none is a same-size twin); no repair engine exists for this type"
B_unreadable_no_twin,_backup_import/facebook-potentiallycursed85-2025-08-18-Ey12Pico (1)/your_facebook_activity/messages/inbox/bekarenae_10204547623320511/photos/483332949_618642367734746_3940995392376488185_n_1285970299134252.jpg,consignatio/vault/v1/_backup_import/facebook-potentiallycursed85-2025-08-18-Ey12Pico (1)/your_facebook_activity/messages/inbox/bekarenae_10204547623320511/photos/483332949_618642367734746_3940995392376488185_n_1285970299134252.jpg,82806,21e78d00f04a0726ab51eaa2a3d85cb3ad925b7b,jpg,_backup_import/facebook-potentiallycursed85-2025-08-18-Ey12Pico (1)/your_facebook_activity/messages/inbox/bekarenae_10204547623320511/photos,7.946,f,confirmed unreadable: extension names a marker format but the head is random bytes,"head 4 KiB read (b2 ranged GET) -> no format marker, not text, entropy 7.946; twin search by same file name + same size: 1 other hash(es) probed, 0 intact, 1 not readable in B2; other-size copies of the name in the catalog: 0 (find_other_version would propose these for review; none is a same-size twin); no repair engine exists for this type"
B_unreadable_no_twin,_backup_import/facebook-potentiallycursed85-2025-08-18-Ey12Pico (1)/your_facebook_activity/messages/inbox/bekarenae_10204547623320511/photos/483801780_957323559937978_2468070329310588723_n_1953360351860109.jpg,consignatio/vault/v1/_backup_import/facebook-potentiallycursed85-2025-08-18-Ey12Pico (1)/your_facebook_activity/messages/inbox/bekarenae_10204547623320511/photos/483801780_957323559937978_2468070329310588723_n_1953360351860109.jpg,81531,1efdb53556fbddb5781debc7dc3c6236bd13d75a,jpg,_backup_import/facebook-potentiallycursed85-2025-08-18-Ey12Pico (1)/your_facebook_activity/messages/inbox/bekarenae_10204547623320511/photos,7.95,f,confirmed unreadable: extension names a marker format but the head is random bytes,"head 4 KiB read (b2 ranged GET) -> no format marker, not text, entropy 7.95; twin search by same file name + same size: 2 other hash(es) probed, 0 intact, 1 not readable in B2; other-size copies of the name in the catalog: 0 (find_other_version would propose these for review; none is a same-size twin); no repair engine exists for this type"
B_unreadable_no_twin,_backup_import/facebook-potentiallycursed85-2025-08-18-Ey12Pico (1)/your_facebook_activity/messages/inbox/bekarenae_10204547623320511/photos/483826618_1688785611986588_1109331748301614415_n_1695163354691558.jpg,consignatio/vault/v1/_backup_import/facebook-potentiallycursed85-2025-08-18-Ey12Pico (1)/your_facebook_activity/messages/inbox/bekarenae_10204547623320511/photos/483826618_1688785611986588_1109331748301614415_n_1695163354691558.jpg,95712,52e3360d045a619aa93826d7f54904ba529d8ab5,jpg,_backup_import/facebook-potentiallycursed85-2025-08-18-Ey12Pico (1)/your_facebook_activity/messages/inbox/bekarenae_10204547623320511/photos,7.95,f,confirmed unreadable: extension names a marker format but the head is random bytes,"head 4 KiB read (b2 ranged GET) -> no format marker, not text, entropy 7.95; twin search by same file name + same size: 2 other hash(es) probed, 0 intact, 1 not readable in B2; other-size copies of the name in the catalog: 0 (find_other_version would propose these for review; none is a same-size twin); no repair engine exists for this type"
B_unreadable_no_twin,_backup_import/facebook-potentiallycursed85-2025-08-18-Ey12Pico (1)/your_facebook_activity/messages/inbox/bekarenae_10204547623320511/photos/484041983_1287506142478738_4576046009887343824_n_1287506135812072.jpg,consignatio/vault/v1/_backup_import/facebook-potentiallycursed85-2025-08-18-Ey12Pico (1)/your_facebook_activity/messages/inbox/bekarenae_10204547623320511/photos/484041983_1287506142478738_4576046009887343824_n_1287506135812072.jpg,84118,5d0e7e5803f9a0c3554db50280366f576d7685df,jpg,_backup_import/facebook-potentiallycursed85-2025-08-18-Ey12Pico (1)/your_facebook_activity/messages/inbox/bekarenae_10204547623320511/photos,7.951,f,confirmed unreadable: extension names a marker format but the head is random bytes,"head 4 KiB read (b2 ranged GET) -> no format marker, not text, entropy 7.951; twin search by same file name + same size: 2 other hash(es) probed, 0 intact, 1 not readable in B2; other-size copies of the name in the catalog: 0 (find_other_version would propose these for review; none is a same-size twin); no repair engine exists for this type"
B_unreadable_no_twin,_backup_import/facebook-potentiallycursed85-2025-08-18-Ey12Pico (1)/your_facebook_activity/messages/inbox/bekarenae_10204547623320511/photos/484295227_1019146350272093_8995248612862984140_n_1220889296640763.jpg,consignatio/vault/v1/_backup_import/facebook-potentiallycursed85-2025-08-18-Ey12Pico (1)/your_facebook_activity/messages/inbox/bekarenae_10204547623320511/photos/484295227_1019146350272093_8995248612862984140_n_1220889296640763.jpg,80575,5ea61b8da558d31670ffd222dd65bcc37fd1d702,jpg,_backup_import/facebook-potentiallycursed85-2025-08-18-Ey12Pico (1)/your_facebook_activity/messages/inbox/bekarenae_10204547623320511/photos,7.958,f,confirmed unreadable: extension names a marker format but the head is random bytes,"head 4 KiB read (b2 ranged GET) -> no format marker, not text, entropy 7.958; twin search by same file name + same size: 2 other hash(es) probed, 0 intact, 1 not readable in B2; other-size copies of the name in the catalog: 0 (find_other_version would propose these for review; none is a same-size twin); no repair engine exists for this type"
B_unreadable_no_twin,_backup_import/facebook-potentiallycursed85-2025-08-18-Ey12Pico (1)/your_facebook_activity/messages/inbox/bekarenae_10204547623320511/photos/484965813_1863960571035807_4178317493434093726_n_2366965633665933.jpg,consignatio/vault/v1/_backup_import/facebook-potentiallycursed85-2025-08-18-Ey12Pico (1)/your_facebook_activity/messages/inbox/bekarenae_10204547623320511/photos/484965813_1863960571035807_4178317493434093726_n_2366965633665933.jpg,55054,970a41ae2b2280f7f36dd9b10011ba4a33618cf2,jpg,_backup_import/facebook-potentiallycursed85-2025-08-18-Ey12Pico (1)/your_facebook_activity/messages/inbox/bekarenae_10204547623320511/photos,7.955,f,confirmed unreadable: extension names a marker format but the head is random bytes,"head 4 KiB read (b2 ranged GET) -> no format marker, not text, entropy 7.955; twin search by same file name + same size: 2 other hash(es) probed, 0 intact, 1 not readable in B2; other-size copies of the name in the catalog: 0 (find_other_version would propose these for review; none is a same-size twin); no repair engine exists for this type"
B_unreadable_no_twin,_backup_import/facebook-potentiallycursed85-2025-08-18-Ey12Pico (1)/your_facebook_activity/messages/inbox/bekarenae_10204547623320511/photos/484999477_1336961917576287_5757454459128141293_n_2137803470070729.jpg,consignatio/vault/v1/_backup_import/facebook-potentiallycursed85-2025-08-18-Ey12Pico (1)/your_facebook_activity/messages/inbox/bekarenae_10204547623320511/photos/484999477_1336961917576287_5757454459128141293_n_2137803470070729.jpg,94131,b1381ad79bc23dd4b663975e0dd15541295c96d9,jpg,_backup_import/facebook-potentiallycursed85-2025-08-18-Ey12Pico (1)/your_facebook_activity/messages/inbox/bekarenae_10204547623320511/photos,7.946,f,confirmed unreadable: extension names a marker format but the head is random bytes,"head 4 KiB read (b2 ranged GET) -> no format marker, not text, entropy 7.946; twin search by same file name + same size: 2 other hash(es) probed, 0 intact, 1 not readable in B2; other-size copies of the name in the catalog: 0 (find_other_version would propose these for review; none is a same-size twin); no repair engine exists for this type"
B_unreadable_no_twin,_backup_import/photo_recovery/Photos/New Folder/2014-04-04(1).jpg,consignatio/vault/v1/_backup_import/photo_recovery/Photos/New Folder/2014-04-04(1).jpg,1366580,d42d49520eb6e97c9b1dd301583d9a22f73291ef,jpg,_backup_import/photo_recovery/Photos/New Folder,7.952,f,confirmed unreadable: extension names a marker format but the head is random bytes,"head 4 KiB read (b2 ranged GET) -> no format marker, not text, entropy 7.952; twin search by same file name + same size: 1 other hash(es) probed, 0 intact, 0 not readable in B2; other-size copies of the name in the catalog: 1 (find_other_version would propose these for review; none is a same-size twin); no repair engine exists for this type"
B_unreadable_no_twin,_backup_import/photo_recovery/Photos/New Folder/20140517_022958.jpg,consignatio/vault/v1/_backup_import/photo_recovery/Photos/New Folder/20140517_022958.jpg,4192855,656c3f1563c0a29d42398489576c08b996139930,jpg,_backup_import/photo_recovery/Photos/New Folder,7.953,f,confirmed unreadable: extension names a marker format but the head is random bytes,"head 4 KiB read (b2 ranged GET) -> no format marker, not text, entropy 7.953; twin search by same file name + same size: 1 other hash(es) probed, 0 intact, 0 not readable in B2; other-size copies of the name in the catalog: 2 (find_other_version would propose these for review; none is a same-size twin); no repair engine exists for this type"
B_unreadable_no_twin,_backup_import/photo_recovery/Photos/New Folder/2014-05-22.jpg,consignatio/vault/v1/_backup_import/photo_recovery/Photos/New Folder/2014-05-22.jpg,4809652,db061fcdc4f6ba068aa674987a188eae7ac6bb22,jpg,_backup_import/photo_recovery/Photos/New Folder,7.941,f,confirmed unreadable: extension names a marker format but the head is random bytes,"head 4 KiB read (b2 ranged GET) -> no format marker, not text, entropy 7.941; twin search by same file name + same size: 1 other hash(es) probed, 0 intact, 0 not readable in B2; other-size copies of the name in the catalog: 0 (find_other_version would propose these for review; none is a same-size twin); no repair engine exists for this type"
B_unreadable_no_twin,_backup_import/photo_recovery/Photos/New Folder/20140707_070955.jpg,consignatio/vault/v1/_backup_import/photo_recovery/Photos/New Folder/20140707_070955.jpg,799641,5f98df7b59deced6acf14bfb859ea4931bc8ca14,jpg,_backup_import/photo_recovery/Photos/New Folder,7.858,f,confirmed unreadable: extension names a marker format but the head is random bytes,"head 4 KiB read (b2 ranged GET) -> no format marker, not text, entropy 7.858; twin search by same file name + same size: 1 other hash(es) probed, 0 intact, 0 not readable in B2; other-size copies of the name in the catalog: 1 (find_other_version would propose these for review; none is a same-size twin); no repair engine exists for this type"
B_unreadable_no_twin,_backup_import/Takeout/Google Photos/screens/20210219_213042.jpg,consignatio/vault/v1/_backup_import/Takeout/Google Photos/screens/20210219_213042.jpg,9903177,966f8cf484ab314333c4773c920355931b8e9a85,jpg,_backup_import/Takeout/Google Photos/screens,7.927,f,confirmed unreadable: extension names a marker format but the head is random bytes,"head 4 KiB read (b2 ranged GET) -> no format marker, not text, entropy 7.927; twin search by same file name + same size: 1 other hash(es) probed, 0 intact, 1 not readable in B2; other-size copies of the name in the catalog: 0 (find_other_version would propose these for review; none is a same-size twin); no repair engine exists for this type"
B_unreadable_no_twin,_backup_import/Takeout/Google Photos/screens/20210305_200544.jpg,consignatio/vault/v1/_backup_import/Takeout/Google Photos/screens/20210305_200544.jpg,10326295,f00f67a4916fb8f9bb879d8fc6e531e8a0c6b34a,jpg,_backup_import/Takeout/Google Photos/screens,7.612,f,confirmed unreadable: extension names a marker format but the head is random bytes,"head 4 KiB read (b2 ranged GET) -> no format marker, not text, entropy 7.612; twin search by same file name + same size: 1 other hash(es) probed, 0 intact, 1 not readable in B2; other-size copies of the name in the catalog: 0 (find_other_version would propose these for review; none is a same-size twin); no repair engine exists for this type"
B_unreadable_no_twin,_backup_import/Takeout/Google Photos/screens/20210405_211300.jpg,consignatio/vault/v1/_backup_import/Takeout/Google Photos/screens/20210405_211300.jpg,8590199,fa8b775ce1efb1e7e55fd4020f33bb9238fa9adb,jpg,_backup_import/Takeout/Google Photos/screens,7.954,f,confirmed unreadable: extension names a marker format but the head is random bytes,"head 4 KiB read (b2 ranged GET) -> no format marker, not text, entropy 7.954; twin search by same file name + same size: 1 other hash(es) probed, 0 intact, 1 not readable in B2; other-size copies of the name in the catalog: 0 (find_other_version would propose these for review; none is a same-size twin); no repair engine exists for this type"
B_unreadable_no_twin,_backup_import/Takeout/Google Photos/screens/FB_IMG_1636691799313.jpg,consignatio/vault/v1/_backup_import/Takeout/Google Photos/screens/FB_IMG_1636691799313.jpg,64395,aacc94664b1b4fb2d33b98735aea62aa5d955bd1,jpg,_backup_import/Takeout/Google Photos/screens,7.953,f,confirmed unreadable: extension names a marker format but the head is random bytes,"head 4 KiB read (b2 ranged GET) -> no format marker, not text, entropy 7.953; twin search by same file name + same size: 1 other hash(es) probed, 0 intact, 1 not readable in B2; other-size copies of the name in the catalog: 0 (find_other_version would propose these for review; none is a same-size twin); no repair engine exists for this type"
B_unreadable_no_twin,_backup_import/Takeout/Google Photos/screens/FB_IMG_1636962525527(1).jpg,consignatio/vault/v1/_backup_import/Takeout/Google Photos/screens/FB_IMG_1636962525527(1).jpg,79818,251d4c80b376c56674a6787ab8f891a3438021f9,jpg,_backup_import/Takeout/Google Photos/screens,7.957,f,confirmed unreadable: extension names a marker format but the head is random bytes,"head 4 KiB read (b2 ranged GET) -> no format marker, not text, entropy 7.957; twin search by same file name + same size: 1 other hash(es) probed, 0 intact, 1 not readable in B2; other-size copies of the name in the catalog: 0 (find_other_version would propose these for review; none is a same-size twin); no repair engine exists for this type"
B_unreadable_no_twin,_backup_import/Takeout/Google Photos/screens/FB_IMG_1649399664322.jpg,consignatio/vault/v1/_backup_import/Takeout/Google Photos/screens/FB_IMG_1649399664322.jpg,26187,ff6ea220e63ae78e71c639b5f4f6c48d0efb00ff,jpg,_backup_import/Takeout/Google Photos/screens,7.957,f,confirmed unreadable: extension names a marker format but the head is random bytes,"head 4 KiB read (b2 ranged GET) -> no format marker, not text, entropy 7.957; twin search by same file name + same size: 1 other hash(es) probed, 0 intact, 1 not readable in B2; other-size copies of the name in the catalog: 1 (find_other_version would propose these for review; none is a same-size twin); no repair engine exists for this type"
B_unreadable_no_twin,_backup_import/Takeout/Google Photos/screens/FB_IMG_1649463898818.jpg,consignatio/vault/v1/_backup_import/Takeout/Google Photos/screens/FB_IMG_1649463898818.jpg,17226,52fde08947b955858e6df6c2d6555142d66ee76a,jpg,_backup_import/Takeout/Google Photos/screens,7.952,f,confirmed unreadable: extension names a marker format but the head is random bytes,"head 4 KiB read (b2 ranged GET) -> no format marker, not text, entropy 7.952; twin search by same file name + same size: 1 other hash(es) probed, 0 intact, 1 not readable in B2; other-size copies of the name in the catalog: 2 (find_other_version would propose these for review; none is a same-size twin); no repair engine exists for this type"
B_unreadable_no_twin,_backup_import/Takeout/Google Photos/screens/FB_IMG_1651825071352.jpg,consignatio/vault/v1/_backup_import/Takeout/Google Photos/screens/FB_IMG_1651825071352.jpg,19566,c24f925c9cff1e0466a95788d6d4e2965a0b1b48,jpg,_backup_import/Takeout/Google Photos/screens,7.954,f,confirmed unreadable: extension names a marker format but the head is random bytes,"head 4 KiB read (b2 ranged GET) -> no format marker, not text, entropy 7.954; twin search by same file name + same size: 1 other hash(es) probed, 0 intact, 1 not readable in B2; other-size copies of the name in the catalog: 1 (find_other_version would propose these for review; none is a same-size twin); no repair engine exists for this type"
B_unreadable_no_twin,_backup_import/Takeout/Google Photos/screens/FB_IMG_1653623386562(1).jpg,consignatio/vault/v1/_backup_import/Takeout/Google Photos/screens/FB_IMG_1653623386562(1).jpg,64268,88fc2c961bf71b0075c6e78e861335a0ee14aac5,jpg,_backup_import/Takeout/Google Photos/screens,7.955,f,confirmed unreadable: extension names a marker format but the head is random bytes,"head 4 KiB read (b2 ranged GET) -> no format marker, not text, entropy 7.955; twin search by same file name + same size: 1 other hash(es) probed, 0 intact, 1 not readable in B2; other-size copies of the name in the catalog: 0 (find_other_version would propose these for review; none is a same-size twin); no repair engine exists for this type"
B_unreadable_no_twin,_backup_import/Takeout/Google Photos/screens/FB_IMG_1654538367622.jpg,consignatio/vault/v1/_backup_import/Takeout/Google Photos/screens/FB_IMG_1654538367622.jpg,23702,5615b55e4dbecf6ecc6911bc6d7f17dc09b17690,jpg,_backup_import/Takeout/Google Photos/screens,7.948,f,confirmed unreadable: extension names a marker format but the head is random bytes,"head 4 KiB read (b2 ranged GET) -> no format marker, not text, entropy 7.948; twin search by same file name + same size: 1 other hash(es) probed, 0 intact, 1 not readable in B2; other-size copies of the name in the catalog: 0 (find_other_version would propose these for review; none is a same-size twin); no repair engine exists for this type"
B_unreadable_no_twin,_backup_import/Takeout/Google Photos/screens/FB_IMG_1656009326470(1).jpg,consignatio/vault/v1/_backup_import/Takeout/Google Photos/screens/FB_IMG_1656009326470(1).jpg,19589,42fb667a178918688c52bbe066fdae821fc7220b,jpg,_backup_import/Takeout/Google Photos/screens,7.955,f,confirmed unreadable: extension names a marker format but the head is random bytes,"head 4 KiB read (b2 ranged GET) -> no format marker, not text, entropy 7.955; twin search by same file name + same size: 1 other hash(es) probed, 0 intact, 1 not readable in B2; other-size copies of the name in the catalog: 0 (find_other_version would propose these for review; none is a same-size twin); no repair engine exists for this type"
B_unreadable_no_twin,_backup_import/Takeout/Google Photos/screens/FB_IMG_1657255109314.jpg,consignatio/vault/v1/_backup_import/Takeout/Google Photos/screens/FB_IMG_1657255109314.jpg,71502,56cc9687444896dd0082a441d286ca68d9f1fa78,jpg,_backup_import/Takeout/Google Photos/screens,7.96,f,confirmed unreadable: extension names a marker format but the head is random bytes,"head 4 KiB read (b2 ranged GET) -> no format marker, not text, entropy 7.96; twin search by same file name + same size: 1 other hash(es) probed, 0 intact, 1 not readable in B2; other-size copies of the name in the catalog: 1 (find_other_version would propose these for review; none is a same-size twin); no repair engine exists for this type"
B_unreadable_no_twin,_backup_import/Takeout/Google Photos/screens/FB_IMG_1663583238037.jpg,consignatio/vault/v1/_backup_import/Takeout/Google Photos/screens/FB_IMG_1663583238037.jpg,46788,21e09b997a3ada65846f3a4bc81b1743a0efd4ae,jpg,_backup_import/Takeout/Google Photos/screens,7.964,f,confirmed unreadable: extension names a marker format but the head is random bytes,"head 4 KiB read (b2 ranged GET) -> no format marker, not text, entropy 7.964; twin search by same file name + same size: 1 other hash(es) probed, 0 intact, 1 not readable in B2; other-size copies of the name in the catalog: 2 (find_other_version would propose these for review; none is a same-size twin); no repair engine exists for this type"
B_unreadable_no_twin,_backup_import/Takeout/Google Photos/screens/Screenshot_20211117-093044_Facebook(1).jpg,consignatio/vault/v1/_backup_import/Takeout/Google Photos/screens/Screenshot_20211117-093044_Facebook(1).jpg,107704,257b2175eecdc4264f3bd6086ac38c44af779c1d,jpg,_backup_import/Takeout/Google Photos/screens,7.95,f,confirmed unreadable: extension names a marker format but the head is random bytes,"head 4 KiB read (b2 ranged GET) -> no format marker, not text, entropy 7.95; twin search by same file name + same size: 0 other hash(es) probed, 0 intact, 0 not readable in B2; other-size copies of the name in the catalog: 0 (find_other_version would propose these for review; none is a same-size twin); no repair engine exists for this type"
B_unreadable_no_twin,_backup_import/Takeout/Google Photos/screens/Screenshot_20220601-114447_Photos(1).jpg,consignatio/vault/v1/_backup_import/Takeout/Google Photos/screens/Screenshot_20220601-114447_Photos(1).jpg,69733,d8158cc28d11da6b214f69b0a54ca636b3eb9f52,jpg,_backup_import/Takeout/Google Photos/screens,7.953,f,confirmed unreadable: extension names a marker format but the head is random bytes,"head 4 KiB read (b2 ranged GET) -> no format marker, not text, entropy 7.953; twin search by same file name + same size: 0 other hash(es) probed, 0 intact, 0 not readable in B2; other-size copies of the name in the catalog: 0 (find_other_version would propose these for review; none is a same-size twin); no repair engine exists for this type"
B_unreadable_no_twin,_backup_import/Takeout/Google Photos/Social Screen Shots of Users/FB_IMG_1649463898818.jpg,consignatio/vault/v1/_backup_import/Takeout/Google Photos/Social Screen Shots of Users/FB_IMG_1649463898818.jpg,39856,515144aeb758880812c5be0251fb945070c52f6f,jpg,_backup_import/Takeout/Google Photos/Social Screen Shots of Users,7.953,f,confirmed unreadable: extension names a marker format but the head is random bytes,"head 4 KiB read (b2 ranged GET) -> no format marker, not text, entropy 7.953; twin search by same file name + same size: 0 other hash(es) probed, 0 intact, 0 not readable in B2; other-size copies of the name in the catalog: 2 (find_other_version would propose these for review; none is a same-size twin); no repair engine exists for this type"
B_unreadable_no_twin,_backup_import/Takeout/Google Photos/Social Screen Shots of Users/FB_IMG_1663583238037.jpg,consignatio/vault/v1/_backup_import/Takeout/Google Photos/Social Screen Shots of Users/FB_IMG_1663583238037.jpg,106124,f009746fb5f70bfa2415cd5198a947db0bc7710a,jpg,_backup_import/Takeout/Google Photos/Social Screen Shots of Users,7.947,f,confirmed unreadable: extension names a marker format but the head is random bytes,"head 4 KiB read (b2 ranged GET) -> no format marker, not text, entropy 7.947; twin search by same file name + same size: 0 other hash(es) probed, 0 intact, 0 not readable in B2; other-size copies of the name in the catalog: 2 (find_other_version would propose these for review; none is a same-size twin); no repair engine exists for this type"
B_unreadable_no_twin,_backup_import/Takeout/Google Photos/Social Screen Shots of Users/Screenshot_20230204_100734_Messages(1).jpg,consignatio/vault/v1/_backup_import/Takeout/Google Photos/Social Screen Shots of Users/Screenshot_20230204_100734_Messages(1).jpg,106476,4b9df7ebbc0b0aa0337df60dfc65a5be902b2277,jpg,_backup_import/Takeout/Google Photos/Social Screen Shots of Users,7.957,f,confirmed unreadable: extension names a marker format but the head is random bytes,"head 4 KiB read (b2 ranged GET) -> no format marker, not text, entropy 7.957; twin search by same file name + same size: 1 other hash(es) probed, 0 intact, 1 not readable in B2; other-size copies of the name in the catalog: 1 (find_other_version would propose these for review; none is a same-size twin); no repair engine exists for this type"
B_unreadable_no_twin,_backup_import/Takeout/Google Photos/Social Screen Shots of Users/Screenshot_20230208_123500_Messages.jpg,consignatio/vault/v1/_backup_import/Takeout/Google Photos/Social Screen Shots of Users/Screenshot_20230208_123500_Messages.jpg,118029,d4a4220698afb9b4334b974594805153eed1acbe,jpg,_backup_import/Takeout/Google Photos/Social Screen Shots of Users,7.855,f,confirmed unreadable: extension names a marker format but the head is random bytes,"head 4 KiB read (b2 ranged GET) -> no format marker, not text, entropy 7.855; twin search by same file name + same size: 0 other hash(es) probed, 0 intact, 0 not readable in B2; other-size copies of the name in the catalog: 1 (find_other_version would propose these for review; none is a same-size twin); no repair engine exists for this type"
B_unreadable_no_twin,_backup_import/Takeout/Google Photos/Untitled/IMG_20250601_195405826_HDR.jpg,consignatio/vault/v1/_backup_import/Takeout/Google Photos/Untitled/IMG_20250601_195405826_HDR.jpg,2493019,fd861ec30c20ee8998b2420ec4ff22badcd15e7f,jpg,_backup_import/Takeout/Google Photos/Untitled,7.935,f,confirmed unreadable: extension names a marker format but the head is random bytes,"head 4 KiB read (b2 ranged GET) -> no format marker, not text, entropy 7.935; twin search by same file name + same size: 2 other hash(es) probed, 0 intact, 1 not readable in B2; other-size copies of the name in the catalog: 0 (find_other_version would propose these for review; none is a same-size twin); no repair engine exists for this type"
B_unreadable_no_twin,_backup_import/Takeout/Google Photos/Untitled/IMG_20250601_195407243_HDR.jpg,consignatio/vault/v1/_backup_import/Takeout/Google Photos/Untitled/IMG_20250601_195407243_HDR.jpg,2567553,97143e759a5a8c551fd791532cf544fc7e210d7d,jpg,_backup_import/Takeout/Google Photos/Untitled,7.938,f,confirmed unreadable: extension names a marker format but the head is random bytes,"head 4 KiB read (b2 ranged GET) -> no format marker, not text, entropy 7.938; twin search by same file name + same size: 1 other hash(es) probed, 0 intact, 1 not readable in B2; other-size copies of the name in the catalog: 0 (find_other_version would propose these for review; none is a same-size twin); no repair engine exists for this type"
B_unreadable_no_twin,_backup_import/Takeout/Google Photos/Untitled/IMG_20250601_195411237_HDR.jpg,consignatio/vault/v1/_backup_import/Takeout/Google Photos/Untitled/IMG_20250601_195411237_HDR.jpg,2604356,0e069a1edc13716fd049046ffd93469e8bdfda8e,jpg,_backup_import/Takeout/Google Photos/Untitled,7.943,f,confirmed unreadable: extension names a marker format but the head is random bytes,"head 4 KiB read (b2 ranged GET) -> no format marker, not text, entropy 7.943; twin search by same file name + same size: 1 other hash(es) probed, 0 intact, 1 not readable in B2; other-size copies of the name in the catalog: 0 (find_other_version would propose these for review; none is a same-size twin); no repair engine exists for this type"
B_unreadable_no_twin,_backup_import/Takeout/Google Photos/Untitled/IMG_20250601_195415136_HDR.jpg,consignatio/vault/v1/_backup_import/Takeout/Google Photos/Untitled/IMG_20250601_195415136_HDR.jpg,2286999,c0be199420b3e5574798b77daa3e27479c20c7c7,jpg,_backup_import/Takeout/Google Photos/Untitled,7.95,f,confirmed unreadable: extension names a marker format but the head is random bytes,"head 4 KiB read (b2 ranged GET) -> no format marker, not text, entropy 7.95; twin search by same file name + same size: 1 other hash(es) probed, 0 intact, 1 not readable in B2; other-size copies of the name in the catalog: 0 (find_other_version would propose these for review; none is a same-size twin); no repair engine exists for this type"
B_unreadable_no_twin,_backup_import/Takeout/Google Photos/Untitled/IMG_20250601_195423901_HDR.jpg,consignatio/vault/v1/_backup_import/Takeout/Google Photos/Untitled/IMG_20250601_195423901_HDR.jpg,2539903,93187123929306cdcd5bbbe031ff1fc6a1dfb7c6,jpg,_backup_import/Takeout/Google Photos/Untitled,7.944,f,confirmed unreadable: extension names a marker format but the head is random bytes,"head 4 KiB read (b2 ranged GET) -> no format marker, not text, entropy 7.944; twin search by same file name + same size: 1 other hash(es) probed, 0 intact, 1 not readable in B2; other-size copies of the name in the catalog: 0 (find_other_version would propose these for review; none is a same-size twin); no repair engine exists for this type"
B_unreadable_no_twin,_backup_import/Takeout/My Activity/Crowdsource/AGICOiTEJQYVLMPkW5RcmuZe1bHX6D_nYPENgfQKOTAISKDPWq.jpg,consignatio/vault/v1/_backup_import/Takeout/My Activity/Crowdsource/AGICOiTEJQYVLMPkW5RcmuZe1bHX6D_nYPENgfQKOTAISKDPWq.jpg,13102,81f27946ef4bed4ad1f2eced521bfdeb74ba594f,jpg,_backup_import/Takeout/My Activity/Crowdsource,7.951,f,confirmed unreadable: extension names a marker format but the head is random bytes,"head 4 KiB read (b2 ranged GET) -> no format marker, not text, entropy 7.951; twin search by same file name + same size: 1 other hash(es) probed, 0 intact, 1 not readable in B2; other-size copies of the name in the catalog: 0 (find_other_version would propose these for review; none is a same-size twin); no repair engine exists for this type"
B_unreadable_no_twin,_backup_import/Takeout/My Activity/Crowdsource/AGICOiTme9Hg-9E8DVrar4l348oY9Sh_ztxwGTIaY1hdTuDO-U.jpg,consignatio/vault/v1/_backup_import/Takeout/My Activity/Crowdsource/AGICOiTme9Hg-9E8DVrar4l348oY9Sh_ztxwGTIaY1hdTuDO-U.jpg,13102,e0fbd27e8dd6f6d792ea74f370f0931449da902e,jpg,_backup_import/Takeout/My Activity/Crowdsource,7.952,f,confirmed unreadable: extension names a marker format but the head is random bytes,"head 4 KiB read (b2 ranged GET) -> no format marker, not text, entropy 7.952; twin search by same file name + same size: 0 other hash(es) probed, 0 intact, 0 not readable in B2; other-size copies of the name in the catalog: 0 (find_other_version would propose these for review; none is a same-size twin); no repair engine exists for this type"
B_unreadable_no_twin,_backup_import/Takeout/Voice/Calls/+18102689630 - Text - 2024-12-02T04_26_49Z-24-1.jpg,consignatio/vault/v1/_backup_import/Takeout/Voice/Calls/+18102689630 - Text - 2024-12-02T04_26_49Z-24-1.jpg,253991,e0a8e42d7fd98056af43d477ff45209d2ce6da70,jpg,_backup_import/Takeout/Voice/Calls,7.884,f,confirmed unreadable: extension names a marker format but the head is random bytes,"head 4 KiB read (b2 ranged GET) -> no format marker, not text, entropy 7.884; twin search by same file name + same size: 1 other hash(es) probed, 0 intact, 1 not readable in B2; other-size copies of the name in the catalog: 0 (find_other_version would propose these for review; none is a same-size twin); no repair engine exists for this type"
B_unreadable_no_twin,_backup_import/Takeout/Voice/Calls/+18104296417 - Text - 2025-02-19T19_09_05Z-10-1.jpg,consignatio/vault/v1/_backup_import/Takeout/Voice/Calls/+18104296417 - Text - 2025-02-19T19_09_05Z-10-1.jpg,82353,aaaabbd9e4e275b91e1f9c2ace6f653cdb0680e2,jpg,_backup_import/Takeout/Voice/Calls,7.958,f,confirmed unreadable: extension names a marker format but the head is random bytes,"head 4 KiB read (b2 ranged GET) -> no format marker, not text, entropy 7.958; twin search by same file name + same size: 1 other hash(es) probed, 0 intact, 1 not readable in B2; other-size copies of the name in the catalog: 0 (find_other_version would propose these for review; none is a same-size twin); no repair engine exists for this type"
B_unreadable_no_twin,_backup_import/Takeout/Voice/Calls/+18104296417 - Text - 2025-02-19T19_09_05Z-2-1.jpg,consignatio/vault/v1/_backup_import/Takeout/Voice/Calls/+18104296417 - Text - 2025-02-19T19_09_05Z-2-1.jpg,636048,31b2a2f972838fa4f9deb0551c107d5ae36c2390,jpg,_backup_import/Takeout/Voice/Calls,7.91,f,confirmed unreadable: extension names a marker format but the head is random bytes,"head 4 KiB read (b2 ranged GET) -> no format marker, not text, entropy 7.91; twin search by same file name + same size: 1 other hash(es) probed, 0 intact, 1 not readable in B2; other-size copies of the name in the catalog: 0 (find_other_version would propose these for review; none is a same-size twin); no repair engine exists for this type"
B_unreadable_no_twin,_backup_import/Takeout/Voice/Calls/+18104296417 - Text - 2025-02-19T19_09_05Z-22-1.jpg,consignatio/vault/v1/_backup_import/Takeout/Voice/Calls/+18104296417 - Text - 2025-02-19T19_09_05Z-22-1.jpg,199284,c575cf1a261692cd8892a7be5c002b009ea4d0a5,jpg,_backup_import/Takeout/Voice/Calls,7.948,f,confirmed unreadable: extension names a marker format but the head is random bytes,"head 4 KiB read (b2 ranged GET) -> no format marker, not text, entropy 7.948; twin search by same file name + same size: 1 other hash(es) probed, 0 intact, 1 not readable in B2; other-size copies of the name in the catalog: 0 (find_other_version would propose these for review; none is a same-size twin); no repair engine exists for this type"
B_unreadable_no_twin,_backup_import/Takeout/Voice/Calls/+18104296417 - Text - 2025-02-19T19_09_05Z-3-1.jpg,consignatio/vault/v1/_backup_import/Takeout/Voice/Calls/+18104296417 - Text - 2025-02-19T19_09_05Z-3-1.jpg,106457,cf0344362304a29382ce7a812a3372f190dbd08d,jpg,_backup_import/Takeout/Voice/Calls,7.96,f,confirmed unreadable: extension names a marker format but the head is random bytes,"head 4 KiB read (b2 ranged GET) -> no format marker, not text, entropy 7.96; twin search by same file name + same size: 1 other hash(es) probed, 0 intact, 1 not readable in B2; other-size copies of the name in the catalog: 0 (find_other_version would propose these for review; none is a same-size twin); no repair engine exists for this type"
B_unreadable_no_twin,_backup_import/Takeout/Voice/Calls/+18104296417 - Text - 2025-02-19T19_09_05Z-5-1.jpg,consignatio/vault/v1/_backup_import/Takeout/Voice/Calls/+18104296417 - Text - 2025-02-19T19_09_05Z-5-1.jpg,127234,f6360cfb4048122c108083fa5e13a7563243ad30,jpg,_backup_import/Takeout/Voice/Calls,7.953,f,confirmed unreadable: extension names a marker format but the head is random bytes,"head 4 KiB read (b2 ranged GET) -> no format marker, not text, entropy 7.953; twin search by same file name + same size: 1 other hash(es) probed, 0 intact, 1 not readable in B2; other-size copies of the name in the catalog: 0 (find_other_version would propose these for review; none is a same-size twin); no repair engine exists for this type"
B_unreadable_no_twin,_backup_import/Takeout/Voice/Calls/+18104296417 - Text - 2025-02-19T19_09_05Z-6-1.jpg,consignatio/vault/v1/_backup_import/Takeout/Voice/Calls/+18104296417 - Text - 2025-02-19T19_09_05Z-6-1.jpg,112866,8a7d0cccc6bef82a2496a463899af0166e49efac,jpg,_backup_import/Takeout/Voice/Calls,7.956,f,confirmed unreadable: extension names a marker format but the head is random bytes,"head 4 KiB read (b2 ranged GET) -> no format marker, not text, entropy 7.956; twin search by same file name + same size: 1 other hash(es) probed, 0 intact, 1 not readable in B2; other-size copies of the name in the catalog: 0 (find_other_version would propose these for review; none is a same-size twin); no repair engine exists for this type"
B_unreadable_no_twin,_backup_import/Takeout/Voice/Calls/+18104296417 - Text - 2025-02-19T19_09_05Z-7-1.jpg,consignatio/vault/v1/_backup_import/Takeout/Voice/Calls/+18104296417 - Text - 2025-02-19T19_09_05Z-7-1.jpg,97876,c3a0eb3869820b59556c355f548f7ad183d7f9a6,jpg,_backup_import/Takeout/Voice/Calls,7.958,f,confirmed unreadable: extension names a marker format but the head is random bytes,"head 4 KiB read (b2 ranged GET) -> no format marker, not text, entropy 7.958; twin search by same file name + same size: 1 other hash(es) probed, 0 intact, 1 not readable in B2; other-size copies of the name in the catalog: 0 (find_other_version would propose these for review; none is a same-size twin); no repair engine exists for this type"
B_unreadable_no_twin,_backup_import/Takeout/Voice/Calls/+18104296417 - Text - 2025-02-19T19_09_05Z-8-1.jpg,consignatio/vault/v1/_backup_import/Takeout/Voice/Calls/+18104296417 - Text - 2025-02-19T19_09_05Z-8-1.jpg,87376,3c6090f32c40eddebd0778ffaa614b4f95b8ae61,jpg,_backup_import/Takeout/Voice/Calls,7.953,f,confirmed unreadable: extension names a marker format but the head is random bytes,"head 4 KiB read (b2 ranged GET) -> no format marker, not text, entropy 7.953; twin search by same file name + same size: 1 other hash(es) probed, 0 intact, 1 not readable in B2; other-size copies of the name in the catalog: 0 (find_other_version would propose these for review; none is a same-size twin); no repair engine exists for this type"
B_unreadable_no_twin,_backup_import/Takeout/Voice/Calls/+18104296417 - Text - 2025-02-19T19_09_05Z-9-1.jpg,consignatio/vault/v1/_backup_import/Takeout/Voice/Calls/+18104296417 - Text - 2025-02-19T19_09_05Z-9-1.jpg,111978,c47fd3c5652b1a8b4d3b7620d26e612d35525366,jpg,_backup_import/Takeout/Voice/Calls,7.949,f,confirmed unreadable: extension names a marker format but the head is random bytes,"head 4 KiB read (b2 ranged GET) -> no format marker, not text, entropy 7.949; twin search by same file name + same size: 1 other hash(es) probed, 0 intact, 1 not readable in B2; other-size copies of the name in the catalog: 0 (find_other_version would propose these for review; none is a same-size twin); no repair engine exists for this type"
B_unreadable_no_twin,Documents/f48670024.jpg,consignatio/vault/v1/Documents/f48670024.jpg,626688,40dcf11172f83fb58b4672c9714b9aaceb5a5c9c,jpg,Documents,7.886,f,confirmed unreadable: extension names a marker format but the head is random bytes,"head 4 KiB read (b2 ranged GET) -> no format marker, not text, entropy 7.886; twin search by same file name + same size: 1 other hash(es) probed, 0 intact, 0 not readable in B2; other-size copies of the name in the catalog: 1 (find_other_version would propose these for review; none is a same-size twin); no repair engine exists for this type"
B_unreadable_no_twin,moved/court/fb/bekarenae_10204547623320511/photos/482829619_1922068228597836_1842524843911838920_n_2585882511757325.jpg,consignatio/vault/v1/moved/court/fb/bekarenae_10204547623320511/photos/482829619_1922068228597836_1842524843911838920_n_2585882511757325.jpg,87729,1415cb82baef93fd1d4026a65ec0a73a07a3e610,jpg,moved/court/fb/bekarenae_10204547623320511/photos,7.95,f,confirmed unreadable: extension names a marker format but the head is random bytes,"head 4 KiB read (b2 ranged GET) -> no format marker, not text, entropy 7.95; twin search by same file name + same size: 2 other hash(es) probed, 0 intact, 1 not readable in B2; other-size copies of the name in the catalog: 0 (find_other_version would propose these for review; none is a same-size twin); no repair engine exists for this type"
B_unreadable_no_twin,moved/court/fb/files/facebook-potentiallycursed85-2025-08-18-FbdI23EK/your_facebook_activity/messages/inbox/bekarenae_10204547623320511/photos/387637195_1149511966008709_7483119667250703077_n_1149511962675376.jpg,consignatio/vault/v1/moved/court/fb/files/facebook-potentiallycursed85-2025-08-18-FbdI23EK/your_facebook_activity/messages/inbox/bekarenae_10204547623320511/photos/387637195_1149511966008709_7483119667250703077_n_1149511962675376.jpg,517031,bf816397284c47cc6157b12f29cd66249a36f54c,jpg,moved/court/fb/files/facebook-potentiallycursed85-2025-08-18-FbdI23EK/your_facebook_activity/messages/inbox/bekarenae_10204547623320511/photos,7.783,f,confirmed unreadable: extension names a marker format but the head is random bytes,"head 4 KiB read (b2 ranged GET) -> no format marker, not text, entropy 7.783; twin search by same file name + same size: 1 other hash(es) probed, 0 intact, 1 not readable in B2; other-size copies of the name in the catalog: 0 (find_other_version would propose these for review; none is a same-size twin); no repair engine exists for this type"
B_unreadable_no_twin,moved/court/fb/messages (2)/archived_threads/benniemorin_1785784158172799/photos/40906736_769305306782917_4157565506880012288_n_769305270116254.jpg,consignatio/vault/v1/moved/court/fb/messages (2)/archived_threads/benniemorin_1785784158172799/photos/40906736_769305306782917_4157565506880012288_n_769305270116254.jpg,140485,c9d80aa612e4aece8eb46937af64b958dc7fb25c,jpg,moved/court/fb/messages (2)/archived_threads/benniemorin_1785784158172799/photos,7.956,f,confirmed unreadable: extension names a marker format but the head is random bytes,"head 4 KiB read (b2 ranged GET) -> no format marker, not text, entropy 7.956; twin search by same file name + same size: 1 other hash(es) probed, 0 intact, 1 not readable in B2; other-size copies of the name in the catalog: 0 (find_other_version would propose these for review; none is a same-size twin); no repair engine exists for this type"
B_unreadable_no_twin,moved/court/fb/messages (2)/e2ee_cutover/beccamortenson_10210201658650235/photos/66140325_1610029419127483_23420576924172288_n_1610029349127490.jpg,consignatio/vault/v1/moved/court/fb/messages (2)/e2ee_cutover/beccamortenson_10210201658650235/photos/66140325_1610029419127483_23420576924172288_n_1610029349127490.jpg,280798,958a16d0b62726f87e9da0201cc354780a1a2a7e,jpg,moved/court/fb/messages (2)/e2ee_cutover/beccamortenson_10210201658650235/photos,7.944,f,confirmed unreadable: extension names a marker format but the head is random bytes,"head 4 KiB read (b2 ranged GET) -> no format marker, not text, entropy 7.944; twin search by same file name + same size: 1 other hash(es) probed, 0 intact, 1 not readable in B2; other-size copies of the name in the catalog: 1 (find_other_version would propose these for review; none is a same-size twin); no repair engine exists for this type"
B_unreadable_no_twin,moved/court/fb/messages (2)/e2ee_cutover/beccamortenson_10210201658650235/photos/91078543_661833737725273_6661505404356263936_n_235911414222887.jpg,consignatio/vault/v1/moved/court/fb/messages (2)/e2ee_cutover/beccamortenson_10210201658650235/photos/91078543_661833737725273_6661505404356263936_n_235911414222887.jpg,305942,cd80c3288268b7bea17468a0e8f949f72fdbec0e,jpg,moved/court/fb/messages (2)/e2ee_cutover/beccamortenson_10210201658650235/photos,7.929,f,confirmed unreadable: extension names a marker format but the head is random bytes,"head 4 KiB read (b2 ranged GET) -> no format marker, not text, entropy 7.929; twin search by same file name + same size: 1 other hash(es) probed, 0 intact, 1 not readable in B2; other-size copies of the name in the catalog: 1 (find_other_version would propose these for review; none is a same-size twin); no repair engine exists for this type"
B_unreadable_no_twin,moved/court/fb/messages (2)/inbox/amdbuildersadminteamdiscussion_2341774025880192/photos/529395131_4203723389851560_5034683122242983502_n_4203723386518227.jpg,consignatio/vault/v1/moved/court/fb/messages (2)/inbox/amdbuildersadminteamdiscussion_2341774025880192/photos/529395131_4203723389851560_5034683122242983502_n_4203723386518227.jpg,454639,45610eb37c30bd6735222331f8c93f288952c009,jpg,moved/court/fb/messages (2)/inbox/amdbuildersadminteamdiscussion_2341774025880192/photos,7.893,f,confirmed unreadable: extension names a marker format but the head is random bytes,"head 4 KiB read (b2 ranged GET) -> no format marker, not text, entropy 7.893; twin search by same file name + same size: 1 other hash(es) probed, 0 intact, 1 not readable in B2; other-size copies of the name in the catalog: 0 (find_other_version would propose these for review; none is a same-size twin); no repair engine exists for this type"
B_unreadable_no_twin,moved/court/fb/messages (2)/inbox/amdgeneraldiscussion_1475777842546415/photos/432750031_972503437550536_5825602485754738798_n_1768320686912552.jpg,consignatio/vault/v1/moved/court/fb/messages (2)/inbox/amdgeneraldiscussion_1475777842546415/photos/432750031_972503437550536_5825602485754738798_n_1768320686912552.jpg,368095,789b7d0f63217371cab675a29b956227b0977820,jpg,moved/court/fb/messages (2)/inbox/amdgeneraldiscussion_1475777842546415/photos,7.913,f,confirmed unreadable: extension names a marker format but the head is random bytes,"head 4 KiB read (b2 ranged GET) -> no format marker, not text, entropy 7.913; twin search by same file name + same size: 1 other hash(es) probed, 0 intact, 1 not readable in B2; other-size copies of the name in the catalog: 0 (find_other_version would propose these for review; none is a same-size twin); no repair engine exists for this type"
B_unreadable_no_twin,moved/court/fb/messages (2)/inbox/amdgeneraldiscussion_1475777842546415/photos/454645128_354558251051268_6680360770843729513_n_879265937389617.jpg,consignatio/vault/v1/moved/court/fb/messages (2)/inbox/amdgeneraldiscussion_1475777842546415/photos/454645128_354558251051268_6680360770843729513_n_879265937389617.jpg,149677,97124bad38f37073eabbc5abc9d82a9bac740069,jpg,moved/court/fb/messages (2)/inbox/amdgeneraldiscussion_1475777842546415/photos,7.923,f,confirmed unreadable: extension names a marker format but the head is random bytes,"head 4 KiB read (b2 ranged GET) -> no format marker, not text, entropy 7.923; twin search by same file name + same size: 1 other hash(es) probed, 0 intact, 1 not readable in B2; other-size copies of the name in the catalog: 1 (find_other_version would propose these for review; none is a same-size twin); no repair engine exists for this type"
B_unreadable_no_twin,moved/court/fb/messages (2)/inbox/amdheseriouschatgrouprelated_1534147393296826/photos/480103833_1345301353453057_6177852895274992673_n_1345301350119724.jpg,consignatio/vault/v1/moved/court/fb/messages (2)/inbox/amdheseriouschatgrouprelated_1534147393296826/photos/480103833_1345301353453057_6177852895274992673_n_1345301350119724.jpg,251316,bd3c34ecd41e47a632dfc882bc7670f1db65f0a9,jpg,moved/court/fb/messages (2)/inbox/amdheseriouschatgrouprelated_1534147393296826/photos,7.904,f,confirmed unreadable: extension names a marker format but the head is random bytes,"head 4 KiB read (b2 ranged GET) -> no format marker, not text, entropy 7.904; twin search by same file name + same size: 1 other hash(es) probed, 0 intact, 1 not readable in B2; other-size copies of the name in the catalog: 0 (find_other_version would propose these for review; none is a same-size twin); no repair engine exists for this type"
B_unreadable_no_twin,moved/court/fb/messages (2)/inbox/amdheseriouschatgrouprelated_1534147393296826/photos/482175551_2696431753890612_4242546029171323095_n_2696431750557279.jpg,consignatio/vault/v1/moved/court/fb/messages (2)/inbox/amdheseriouschatgrouprelated_1534147393296826/photos/482175551_2696431753890612_4242546029171323095_n_2696431750557279.jpg,138754,4e2c6d3b70ef3861f6926e1a10d709d3fc9140fa,jpg,moved/court/fb/messages (2)/inbox/amdheseriouschatgrouprelated_1534147393296826/photos,7.937,f,confirmed unreadable: extension names a marker format but the head is random bytes,"head 4 KiB read (b2 ranged GET) -> no format marker, not text, entropy 7.937; twin search by same file name + same size: 1 other hash(es) probed, 0 intact, 1 not readable in B2; other-size copies of the name in the catalog: 0 (find_other_version would propose these for review; none is a same-size twin); no repair engine exists for this type"
B_unreadable_no_twin,moved/court/fb/messages (2)/inbox/bekarenae_10204547623320511/photos/462566791_1226184821962100_4955694319989730278_n_2088261981628581.jpg,consignatio/vault/v1/moved/court/fb/messages (2)/inbox/bekarenae_10204547623320511/photos/462566791_1226184821962100_4955694319989730278_n_2088261981628581.jpg,133606,7f066147335070f818c3e2390ec63ac8df6e9a57,jpg,moved/court/fb/messages (2)/inbox/bekarenae_10204547623320511/photos,7.95,f,confirmed unreadable: extension names a marker format but the head is random bytes,"head 4 KiB read (b2 ranged GET) -> no format marker, not text, entropy 7.95; twin search by same file name + same size: 2 other hash(es) probed, 0 intact, 1 not readable in B2; other-size copies of the name in the catalog: 0 (find_other_version would propose these for review; none is a same-size twin); no repair engine exists for this type"
B_unreadable_no_twin,moved/court/fb/messages (2)/inbox/bekarenae_10204547623320511/photos/483029162_1183572423144733_7008548982473235561_n_1177496390548078.jpg,consignatio/vault/v1/moved/court/fb/messages (2)/inbox/bekarenae_10204547623320511/photos/483029162_1183572423144733_7008548982473235561_n_1177496390548078.jpg,48150,1420ce9c32c56c0f9b8b380e7673cb87adb26a4e,jpg,moved/court/fb/messages (2)/inbox/bekarenae_10204547623320511/photos,7.957,f,confirmed unreadable: extension names a marker format but the head is random bytes,"head 4 KiB read (b2 ranged GET) -> no format marker, not text, entropy 7.957; twin search by same file name + same size: 1 other hash(es) probed, 0 intact, 1 not readable in B2; other-size copies of the name in the catalog: 0 (find_other_version would propose these for review; none is a same-size twin); no repair engine exists for this type"
B_unreadable_no_twin,moved/court/fb/messages (2)/inbox/bekarenae_10204547623320511/photos/483136650_974686238122846_4262850109032235223_n_3968900100037892.jpg,consignatio/vault/v1/moved/court/fb/messages (2)/inbox/bekarenae_10204547623320511/photos/483136650_974686238122846_4262850109032235223_n_3968900100037892.jpg,100162,ea0372602b2c361ce0b71fc8502ae022e80188c7,jpg,moved/court/fb/messages (2)/inbox/bekarenae_10204547623320511/photos,7.947,f,confirmed unreadable: extension names a marker format but the head is random bytes,"head 4 KiB read (b2 ranged GET) -> no format marker, not text, entropy 7.947; twin search by same file name + same size: 2 other hash(es) probed, 0 intact, 1 not readable in B2; other-size copies of the name in the catalog: 0 (find_other_version would propose these for review; none is a same-size twin); no repair engine exists for this type"
B_unreadable_no_twin,moved/court/fb/messages (2)/inbox/bekarenae_10204547623320511/photos/483165138_508876858689425_7323228837485574119_n_1182507486599769.jpg,consignatio/vault/v1/moved/court/fb/messages (2)/inbox/bekarenae_10204547623320511/photos/483165138_508876858689425_7323228837485574119_n_1182507486599769.jpg,125603,4a50fbd578ca6d215e452dfb40ad0f29b38fba86,jpg,moved/court/fb/messages (2)/inbox/bekarenae_10204547623320511/photos,7.754,f,confirmed unreadable: extension names a marker format but the head is random bytes,"head 4 KiB read (b2 ranged GET) -> no format marker, not text, entropy 7.754; twin search by same file name + same size: 1 other hash(es) probed, 0 intact, 1 not readable in B2; other-size copies of the name in the catalog: 0 (find_other_version would propose these for review; none is a same-size twin); no repair engine exists for this type"
B_unreadable_no_twin,moved/court/fb/messages (2)/inbox/bekarenae_10204547623320511/photos/483342052_9364959020262080_5669528178345843962_n_1128784718930952.jpg,consignatio/vault/v1/moved/court/fb/messages (2)/inbox/bekarenae_10204547623320511/photos/483342052_9364959020262080_5669528178345843962_n_1128784718930952.jpg,129618,b3425d8a97203114f4ce6506737ada6e27307a4f,jpg,moved/court/fb/messages (2)/inbox/bekarenae_10204547623320511/photos,7.954,f,confirmed unreadable: extension names a marker format but the head is random bytes,"head 4 KiB read (b2 ranged GET) -> no format marker, not text, entropy 7.954; twin search by same file name + same size: 2 other hash(es) probed, 0 intact, 1 not readable in B2; other-size copies of the name in the catalog: 0 (find_other_version would propose these for review; none is a same-size twin); no repair engine exists for this type"
B_unreadable_no_twin,moved/court/fb/messages (2)/inbox/bekarenae_10204547623320511/photos/483801780_957323559937978_2468070329310588723_n_1953360351860109.jpg,consignatio/vault/v1/moved/court/fb/messages (2)/inbox/bekarenae_10204547623320511/photos/483801780_957323559937978_2468070329310588723_n_1953360351860109.jpg,81531,3c762a9b1e196adf9a70308d4938dfadcd965c73,jpg,moved/court/fb/messages (2)/inbox/bekarenae_10204547623320511/photos,7.954,f,confirmed unreadable: extension names a marker format but the head is random bytes,"head 4 KiB read (b2 ranged GET) -> no format marker, not text, entropy 7.954; twin search by same file name + same size: 2 other hash(es) probed, 0 intact, 1 not readable in B2; other-size copies of the name in the catalog: 0 (find_other_version would propose these for review; none is a same-size twin); no repair engine exists for this type"
B_unreadable_no_twin,moved/court/fb/messages (2)/inbox/bekarenae_10204547623320511/photos/483826618_1688785611986588_1109331748301614415_n_1695163354691558.jpg,consignatio/vault/v1/moved/court/fb/messages (2)/inbox/bekarenae_10204547623320511/photos/483826618_1688785611986588_1109331748301614415_n_1695163354691558.jpg,95712,9a3954dd3dc42dda1c6a968d39a66153562e73b5,jpg,moved/court/fb/messages (2)/inbox/bekarenae_10204547623320511/photos,7.951,f,confirmed unreadable: extension names a marker format but the head is random bytes,"head 4 KiB read (b2 ranged GET) -> no format marker, not text, entropy 7.951; twin search by same file name + same size: 2 other hash(es) probed, 0 intact, 1 not readable in B2; other-size copies of the name in the catalog: 0 (find_other_version would propose these for review; none is a same-size twin); no repair engine exists for this type"
B_unreadable_no_twin,moved/court/fb/messages (2)/inbox/bekarenae_10204547623320511/photos/484041983_1287506142478738_4576046009887343824_n_1287506135812072.jpg,consignatio/vault/v1/moved/court/fb/messages (2)/inbox/bekarenae_10204547623320511/photos/484041983_1287506142478738_4576046009887343824_n_1287506135812072.jpg,84118,8244b1c35db1b3cbd25529b8b4c770a008ac8389,jpg,moved/court/fb/messages (2)/inbox/bekarenae_10204547623320511/photos,7.955,f,confirmed unreadable: extension names a marker format but the head is random bytes,"head 4 KiB read (b2 ranged GET) -> no format marker, not text, entropy 7.955; twin search by same file name + same size: 2 other hash(es) probed, 0 intact, 1 not readable in B2; other-size copies of the name in the catalog: 0 (find_other_version would propose these for review; none is a same-size twin); no repair engine exists for this type"
B_unreadable_no_twin,moved/court/fb/messages (2)/inbox/bekarenae_10204547623320511/photos/484295227_1019146350272093_8995248612862984140_n_1220889296640763.jpg,consignatio/vault/v1/moved/court/fb/messages (2)/inbox/bekarenae_10204547623320511/photos/484295227_1019146350272093_8995248612862984140_n_1220889296640763.jpg,80575,a9e6e6cae5602faf797446988216a6a72192c476,jpg,moved/court/fb/messages (2)/inbox/bekarenae_10204547623320511/photos,7.949,f,confirmed unreadable: extension names a marker format but the head is random bytes,"head 4 KiB read (b2 ranged GET) -> no format marker, not text, entropy 7.949; twin search by same file name + same size: 2 other hash(es) probed, 0 intact, 1 not readable in B2; other-size copies of the name in the catalog: 0 (find_other_version would propose these for review; none is a same-size twin); no repair engine exists for this type"
B_unreadable_no_twin,moved/court/fb/messages (2)/inbox/bekarenae_10204547623320511/photos/484965813_1863960571035807_4178317493434093726_n_2366965633665933.jpg,consignatio/vault/v1/moved/court/fb/messages (2)/inbox/bekarenae_10204547623320511/photos/484965813_1863960571035807_4178317493434093726_n_2366965633665933.jpg,55054,e75cb8ee211494d2e058c15f0bffef06e957eac0,jpg,moved/court/fb/messages (2)/inbox/bekarenae_10204547623320511/photos,7.955,f,confirmed unreadable: extension names a marker format but the head is random bytes,"head 4 KiB read (b2 ranged GET) -> no format marker, not text, entropy 7.955; twin search by same file name + same size: 2 other hash(es) probed, 0 intact, 1 not readable in B2; other-size copies of the name in the catalog: 0 (find_other_version would propose these for review; none is a same-size twin); no repair engine exists for this type"
B_unreadable_no_twin,moved/court/fb/messages (2)/inbox/bekarenae_10204547623320511/photos/484999477_1336961917576287_5757454459128141293_n_2137803470070729.jpg,consignatio/vault/v1/moved/court/fb/messages (2)/inbox/bekarenae_10204547623320511/photos/484999477_1336961917576287_5757454459128141293_n_2137803470070729.jpg,94131,dcc9f769934310ad0f16dd8e6b705a1e5fa8db0a,jpg,moved/court/fb/messages (2)/inbox/bekarenae_10204547623320511/photos,7.949,f,confirmed unreadable: extension names a marker format but the head is random bytes,"head 4 KiB read (b2 ranged GET) -> no format marker, not text, entropy 7.949; twin search by same file name + same size: 2 other hash(es) probed, 0 intact, 1 not readable in B2; other-size copies of the name in the catalog: 0 (find_other_version would propose these for review; none is a same-size twin); no repair engine exists for this type"
B_unreadable_no_twin,moved/court/fb/New Folder/Takeout/Google Photos/screens/20220120_185535.jpg,consignatio/vault/v1/moved/court/fb/New Folder/Takeout/Google Photos/screens/20220120_185535.jpg,5828241,ff5ad351443a53fb519bac892c25b723909e58a9,jpg,moved/court/fb/New Folder/Takeout/Google Photos/screens,7.924,f,confirmed unreadable: extension names a marker format but the head is random bytes,"head 4 KiB read (b2 ranged GET) -> no format marker, not text, entropy 7.924; twin search by same file name + same size: 1 other hash(es) probed, 0 intact, 1 not readable in B2; other-size copies of the name in the catalog: 0 (find_other_version would propose these for review; none is a same-size twin); no repair engine exists for this type"
B_unreadable_no_twin,moved/court/fb/New Folder/Takeout/Google Photos/screens/20220205_232043.jpg,consignatio/vault/v1/moved/court/fb/New Folder/Takeout/Google Photos/screens/20220205_232043.jpg,527567,5e0f4d377421de346f80bea522a53688efb5a511,jpg,moved/court/fb/New Folder/Takeout/Google Photos/screens,7.914,f,confirmed unreadable: extension names a marker format but the head is random bytes,"head 4 KiB read (b2 ranged GET) -> no format marker, not text, entropy 7.914; twin search by same file name + same size: 1 other hash(es) probed, 0 intact, 1 not readable in B2; other-size copies of the name in the catalog: 0 (find_other_version would propose these for review; none is a same-size twin); no repair engine exists for this type"
B_unreadable_no_twin,moved/court/fb/New Folder/Takeout/Google Photos/screens/20220205_232046.jpg,consignatio/vault/v1/moved/court/fb/New Folder/Takeout/Google Photos/screens/20220205_232046.jpg,525308,f5d4ced1c0a9611a3fa90b59a171f166b1e20951,jpg,moved/court/fb/New Folder/Takeout/Google Photos/screens,7.907,f,confirmed unreadable: extension names a marker format but the head is random bytes,"head 4 KiB read (b2 ranged GET) -> no format marker, not text, entropy 7.907; twin search by same file name + same size: 1 other hash(es) probed, 0 intact, 1 not readable in B2; other-size copies of the name in the catalog: 0 (find_other_version would propose these for review; none is a same-size twin); no repair engine exists for this type"
B_unreadable_no_twin,moved/court/fb/New Folder/Takeout/Google Photos/screens/20220205_232049.jpg,consignatio/vault/v1/moved/court/fb/New Folder/Takeout/Google Photos/screens/20220205_232049.jpg,605911,7d13bc46f0730d6c9153759a260898d29c723758,jpg,moved/court/fb/New Folder/Takeout/Google Photos/screens,7.918,f,confirmed unreadable: extension names a marker format but the head is random bytes,"head 4 KiB read (b2 ranged GET) -> no format marker, not text, entropy 7.918; twin search by same file name + same size: 1 other hash(es) probed, 0 intact, 1 not readable in B2; other-size copies of the name in the catalog: 0 (find_other_version would propose these for review; none is a same-size twin); no repair engine exists for this type"
B_unreadable_no_twin,moved/court/fb/New Folder/Takeout/Google Photos/screens/2025-06-29(53).jpg,consignatio/vault/v1/moved/court/fb/New Folder/Takeout/Google Photos/screens/2025-06-29(53).jpg,3420641,e28eeacda1a1c6bd3ae650d9e248c8a9cf3f9cfc,jpg,moved/court/fb/New Folder/Takeout/Google Photos/screens,7.954,f,confirmed unreadable: extension names a marker format but the head is random bytes,"head 4 KiB read (b2 ranged GET) -> no format marker, not text, entropy 7.954; twin search by same file name + same size: 1 other hash(es) probed, 0 intact, 1 not readable in B2; other-size copies of the name in the catalog: 1 (find_other_version would propose these for review; none is a same-size twin); no repair engine exists for this type"
B_unreadable_no_twin,moved/court/fb/New Folder/Takeout/Google Photos/screens/IMG_20241116_123453935_HDR.jpg,consignatio/vault/v1/moved/court/fb/New Folder/Takeout/Google Photos/screens/IMG_20241116_123453935_HDR.jpg,2842178,37e2a32861ca29d07ae14b178bebd948c3b93a72,jpg,moved/court/fb/New Folder/Takeout/Google Photos/screens,7.955,f,confirmed unreadable: extension names a marker format but the head is random bytes,"head 4 KiB read (b2 ranged GET) -> no format marker, not text, entropy 7.955; twin search by same file name + same size: 2 other hash(es) probed, 0 intact, 2 not readable in B2; other-size copies of the name in the catalog: 0 (find_other_version would propose these for review; none is a same-size twin); no repair engine exists for this type"
B_unreadable_no_twin,moved/court/fb/New Folder/Takeout/Google Photos/screens/IMG_20250523_194533811.jpg,consignatio/vault/v1/moved/court/fb/New Folder/Takeout/Google Photos/screens/IMG_20250523_194533811.jpg,1540818,9da8482e5ee69b8154f0d2020f6c3a937f40c0ad,jpg,moved/court/fb/New Folder/Takeout/Google Photos/screens,7.953,f,confirmed unreadable: extension names a marker format but the head is random bytes,"head 4 KiB read (b2 ranged GET) -> no format marker, not text, entropy 7.953; twin search by same file name + same size: 1 other hash(es) probed, 0 intact, 1 not readable in B2; other-size copies of the name in the catalog: 0 (find_other_version would propose these for review; none is a same-size twin); no repair engine exists for this type"
B_unreadable_no_twin,moved/court/fb/New Folder/Takeout/Google Photos/screens/IMG_20250523_205653688.jpg,consignatio/vault/v1/moved/court/fb/New Folder/Takeout/Google Photos/screens/IMG_20250523_205653688.jpg,2620002,dab82a2ee371ad15af3c4b3118ed8cc557e9af88,jpg,moved/court/fb/New Folder/Takeout/Google Photos/screens,7.947,f,confirmed unreadable: extension names a marker format but the head is random bytes,"head 4 KiB read (b2 ranged GET) -> no format marker, not text, entropy 7.947; twin search by same file name + same size: 1 other hash(es) probed, 0 intact, 1 not readable in B2; other-size copies of the name in the catalog: 1 (find_other_version would propose these for review; none is a same-size twin); no repair engine exists for this type"
B_unreadable_no_twin,moved/court/fb/New Folder/Takeout/Google Photos/screens/IMG_20250601_195405826_HDR.jpg,consignatio/vault/v1/moved/court/fb/New Folder/Takeout/Google Photos/screens/IMG_20250601_195405826_HDR.jpg,2493019,b0daa1016f2dd8145bba9f3c16e3dfbf64517dd4,jpg,moved/court/fb/New Folder/Takeout/Google Photos/screens,7.84,f,confirmed unreadable: extension names a marker format but the head is random bytes,"head 4 KiB read (b2 ranged GET) -> no format marker, not text, entropy 7.84; twin search by same file name + same size: 2 other hash(es) probed, 0 intact, 1 not readable in B2; other-size copies of the name in the catalog: 0 (find_other_version would propose these for review; none is a same-size twin); no repair engine exists for this type"
B_unreadable_no_twin,moved/court/fb/recover'/Facebook-potentiallycursed85-2025-08-18/your_facebook_activity/messages/e2ee_cutover/beccamortenson_10210201658650235/photos/90097492_1575275962611627_3640011871718735872_n_981520828912855.jpg,consignatio/vault/v1/moved/court/fb/recover'/Facebook-potentiallycursed85-2025-08-18/your_facebook_activity/messages/e2ee_cutover/beccamortenson_10210201658650235/photos/90097492_1575275962611627_3640011871718735872_n_981520828912855.jpg,34051,afb6a9139dcfac6f4a1a4cb89e3a3b32005cf614,jpg,moved/court/fb/recover'/Facebook-potentiallycursed85-2025-08-18/your_facebook_activity/messages/e2ee_cutover/beccamortenson_10210201658650235/photos,7.912,f,confirmed unreadable: extension names a marker format but the head is random bytes,"head 4 KiB read (b2 ranged GET) -> no format marker, not text, entropy 7.912; twin search by same file name + same size: 1 other hash(es) probed, 0 intact, 1 not readable in B2; other-size copies of the name in the catalog: 0 (find_other_version would propose these for review; none is a same-size twin); no repair engine exists for this type"
B_unreadable_no_twin,moved/court/fb/recover'/roselamrock_3369533529797846/photos/438051654_2174412366251379_7367175841398291375_n_2174412352918047.jpg,consignatio/vault/v1/moved/court/fb/recover'/roselamrock_3369533529797846/photos/438051654_2174412366251379_7367175841398291375_n_2174412352918047.jpg,92817,1357589a5ef2fdb07b8ed51505d5b23845503c9f,jpg,moved/court/fb/recover'/roselamrock_3369533529797846/photos,7.916,f,confirmed unreadable: extension names a marker format but the head is random bytes,"head 4 KiB read (b2 ranged GET) -> no format marker, not text, entropy 7.916; twin search by same file name + same size: 1 other hash(es) probed, 0 intact, 1 not readable in B2; other-size copies of the name in the catalog: 3 (find_other_version would propose these for review; none is a same-size twin); no repair engine exists for this type"
B_unreadable_no_twin,moved/court/fb/recover'/roselamrock_3369533529797846/photos/438051697_3092412497560031_921853466367764433_n_3092412490893365.jpg,consignatio/vault/v1/moved/court/fb/recover'/roselamrock_3369533529797846/photos/438051697_3092412497560031_921853466367764433_n_3092412490893365.jpg,68507,9f1aea9e79b77702cdfc498b07fe64f838d8cf17,jpg,moved/court/fb/recover'/roselamrock_3369533529797846/photos,7.909,f,confirmed unreadable: extension names a marker format but the head is random bytes,"head 4 KiB read (b2 ranged GET) -> no format marker, not text, entropy 7.909; twin search by same file name + same size: 1 other hash(es) probed, 0 intact, 1 not readable in B2; other-size copies of the name in the catalog: 3 (find_other_version would propose these for review; none is a same-size twin); no repair engine exists for this type"
B_unreadable_no_twin,moved/court/fb/recover'/roselamrock_3369533529797846/photos/438065190_281231021711926_2663948136067645604_n_281231015045260.jpg,consignatio/vault/v1/moved/court/fb/recover'/roselamrock_3369533529797846/photos/438065190_281231021711926_2663948136067645604_n_281231015045260.jpg,69500,f389df4e2918338b193f3d6f6abcc62f7b96ac91,jpg,moved/court/fb/recover'/roselamrock_3369533529797846/photos,7.908,f,confirmed unreadable: extension names a marker format but the head is random bytes,"head 4 KiB read (b2 ranged GET) -> no format marker, not text, entropy 7.908; twin search by same file name + same size: 1 other hash(es) probed, 0 intact, 1 not readable in B2; other-size copies of the name in the catalog: 3 (find_other_version would propose these for review; none is a same-size twin); no repair engine exists for this type"
B_unreadable_no_twin,moved/court/fb/recover'/roselamrock_3369533529797846/photos/438065317_311817795096639_1363094680728082086_n_311817791763306.jpg,consignatio/vault/v1/moved/court/fb/recover'/roselamrock_3369533529797846/photos/438065317_311817795096639_1363094680728082086_n_311817791763306.jpg,82863,44cfbf8ddc2ca78e4612a58b77ed8b64d4fe651b,jpg,moved/court/fb/recover'/roselamrock_3369533529797846/photos,7.915,f,confirmed unreadable: extension names a marker format but the head is random bytes,"head 4 KiB read (b2 ranged GET) -> no format marker, not text, entropy 7.915; twin search by same file name + same size: 1 other hash(es) probed, 0 intact, 1 not readable in B2; other-size copies of the name in the catalog: 3 (find_other_version would propose these for review; none is a same-size twin); no repair engine exists for this type"
B_unreadable_no_twin,moved/court/fb/recover'/roselamrock_3369533529797846/photos/438065402_1068435154247111_7153236483113253618_n_1068435150913778.jpg,consignatio/vault/v1/moved/court/fb/recover'/roselamrock_3369533529797846/photos/438065402_1068435154247111_7153236483113253618_n_1068435150913778.jpg,66546,01057daab592cf6f2364287572231cb49aaa261e,jpg,moved/court/fb/recover'/roselamrock_3369533529797846/photos,7.913,f,confirmed unreadable: extension names a marker format but the head is random bytes,"head 4 KiB read (b2 ranged GET) -> no format marker, not text, entropy 7.913; twin search by same file name + same size: 1 other hash(es) probed, 0 intact, 1 not readable in B2; other-size copies of the name in the catalog: 3 (find_other_version would propose these for review; none is a same-size twin); no repair engine exists for this type"
B_unreadable_no_twin,moved/court/fb/recover'/roselamrock_3369533529797846/photos/438065550_406442572187958_4814905759654907755_n_406442568854625.jpg,consignatio/vault/v1/moved/court/fb/recover'/roselamrock_3369533529797846/photos/438065550_406442572187958_4814905759654907755_n_406442568854625.jpg,72389,5aaf456c93afcf573c95df459e2f41748b6cc502,jpg,moved/court/fb/recover'/roselamrock_3369533529797846/photos,7.913,f,confirmed unreadable: extension names a marker format but the head is random bytes,"head 4 KiB read (b2 ranged GET) -> no format marker, not text, entropy 7.913; twin search by same file name + same size: 1 other hash(es) probed, 0 intact, 1 not readable in B2; other-size copies of the name in the catalog: 3 (find_other_version would propose these for review; none is a same-size twin); no repair engine exists for this type"
B_unreadable_no_twin,moved/court/fb/recover'/roselamrock_3369533529797846/photos/438069705_2212380609109212_3419493179745456700_n_2212380602442546.jpg,consignatio/vault/v1/moved/court/fb/recover'/roselamrock_3369533529797846/photos/438069705_2212380609109212_3419493179745456700_n_2212380602442546.jpg,78724,d5c4e6c015dd6cff56de7c34f375e16cd976ea1d,jpg,moved/court/fb/recover'/roselamrock_3369533529797846/photos,7.899,f,confirmed unreadable: extension names a marker format but the head is random bytes,"head 4 KiB read (b2 ranged GET) -> no format marker, not text, entropy 7.899; twin search by same file name + same size: 1 other hash(es) probed, 0 intact, 1 not readable in B2; other-size copies of the name in the catalog: 3 (find_other_version would propose these for review; none is a same-size twin); no repair engine exists for this type"
B_unreadable_no_twin,moved/court/fb/recover'/roselamrock_3369533529797846/photos/438069827_1091517178739126_5510446487285393219_n_1091517175405793.jpg,consignatio/vault/v1/moved/court/fb/recover'/roselamrock_3369533529797846/photos/438069827_1091517178739126_5510446487285393219_n_1091517175405793.jpg,96122,521ba75a96db6c8bcf0c7bbc1f80d413b5f70206,jpg,moved/court/fb/recover'/roselamrock_3369533529797846/photos,7.898,f,confirmed unreadable: extension names a marker format but the head is random bytes,"head 4 KiB read (b2 ranged GET) -> no format marker, not text, entropy 7.898; twin search by same file name + same size: 1 other hash(es) probed, 0 intact, 1 not readable in B2; other-size copies of the name in the catalog: 3 (find_other_version would propose these for review; none is a same-size twin); no repair engine exists for this type"
B_unreadable_no_twin,moved/court/fb/recover'/roselamrock_3369533529797846/photos/438083558_465884692443176_5397182057216963718_n_465884689109843.jpg,consignatio/vault/v1/moved/court/fb/recover'/roselamrock_3369533529797846/photos/438083558_465884692443176_5397182057216963718_n_465884689109843.jpg,68604,3b37c49f3be4bb674066880783c6a8acbafdd18e,jpg,moved/court/fb/recover'/roselamrock_3369533529797846/photos,7.909,f,confirmed unreadable: extension names a marker format but the head is random bytes,"head 4 KiB read (b2 ranged GET) -> no format marker, not text, entropy 7.909; twin search by same file name + same size: 1 other hash(es) probed, 0 intact, 1 not readable in B2; other-size copies of the name in the catalog: 3 (find_other_version would propose these for review; none is a same-size twin); no repair engine exists for this type"
B_unreadable_no_twin,moved/court/fb/recover'/roselamrock_3369533529797846/photos/438083808_1788785171604962_4433291080382743857_n_1788785164938296.jpg,consignatio/vault/v1/moved/court/fb/recover'/roselamrock_3369533529797846/photos/438083808_1788785171604962_4433291080382743857_n_1788785164938296.jpg,71598,4e1e232ad8a6935d88b003d7bfbf2d44712a1838,jpg,moved/court/fb/recover'/roselamrock_3369533529797846/photos,7.896,f,confirmed unreadable: extension names a marker format but the head is random bytes,"head 4 KiB read (b2 ranged GET) -> no format marker, not text, entropy 7.896; twin search by same file name + same size: 1 other hash(es) probed, 0 intact, 1 not readable in B2; other-size copies of the name in the catalog: 3 (find_other_version would propose these for review; none is a same-size twin); no repair engine exists for this type"
B_unreadable_no_twin,moved/court/fb/recover'/roselamrock_3369533529797846/photos/438089839_3723487297936488_3808638662716932920_n_3723487294603155.jpg,consignatio/vault/v1/moved/court/fb/recover'/roselamrock_3369533529797846/photos/438089839_3723487297936488_3808638662716932920_n_3723487294603155.jpg,80046,daa7ed90ed132fec73994758c31ca711edb8333e,jpg,moved/court/fb/recover'/roselamrock_3369533529797846/photos,7.921,f,confirmed unreadable: extension names a marker format but the head is random bytes,"head 4 KiB read (b2 ranged GET) -> no format marker, not text, entropy 7.921; twin search by same file name + same size: 1 other hash(es) probed, 0 intact, 1 not readable in B2; other-size copies of the name in the catalog: 3 (find_other_version would propose these for review; none is a same-size twin); no repair engine exists for this type"
B_unreadable_no_twin,moved/court/fb/recover'/roselamrock_3369533529797846/photos/438095158_1348964045781120_199092612187090788_n_1348964042447787.jpg,consignatio/vault/v1/moved/court/fb/recover'/roselamrock_3369533529797846/photos/438095158_1348964045781120_199092612187090788_n_1348964042447787.jpg,79999,f11b062e5980d44143e4f77e36b2bfceac67f25e,jpg,moved/court/fb/recover'/roselamrock_3369533529797846/photos,7.917,f,confirmed unreadable: extension names a marker format but the head is random bytes,"head 4 KiB read (b2 ranged GET) -> no format marker, not text, entropy 7.917; twin search by same file name + same size: 1 other hash(es) probed, 0 intact, 1 not readable in B2; other-size copies of the name in the catalog: 3 (find_other_version would propose these for review; none is a same-size twin); no repair engine exists for this type"
B_unreadable_no_twin,onedrive/Pictures/2014-04-04(1).jpg,consignatio/vault/v1/onedrive/Pictures/2014-04-04(1).jpg,1366580,e2a0f78ae924e35183e78e72f1a884314f6ac250,jpg,onedrive/Pictures,7.933,f,confirmed unreadable: extension names a marker format but the head is random bytes,"head 4 KiB read (b2 ranged GET) -> no format marker, not text, entropy 7.933; twin search by same file name + same size: 1 other hash(es) probed, 0 intact, 0 not readable in B2; other-size copies of the name in the catalog: 1 (find_other_version would propose these for review; none is a same-size twin); no repair engine exists for this type"
B_unreadable_no_twin,onedrive/Pictures/20140517_022958.jpg,consignatio/vault/v1/onedrive/Pictures/20140517_022958.jpg,4192855,47c316dbd93a7c957bf462b781f753a3738bd2bf,jpg,onedrive/Pictures,7.892,f,confirmed unreadable: extension names a marker format but the head is random bytes,"head 4 KiB read (b2 ranged GET) -> no format marker, not text, entropy 7.892; twin search by same file name + same size: 1 other hash(es) probed, 0 intact, 0 not readable in B2; other-size copies of the name in the catalog: 2 (find_other_version would propose these for review; none is a same-size twin); no repair engine exists for this type"
B_unreadable_no_twin,onedrive/Pictures/2014-05-22.jpg,consignatio/vault/v1/onedrive/Pictures/2014-05-22.jpg,4809652,04b71a182b5a20d1066fe1dfb207eff44ef85319,jpg,onedrive/Pictures,7.952,f,confirmed unreadable: extension names a marker format but the head is random bytes,"head 4 KiB read (b2 ranged GET) -> no format marker, not text, entropy 7.952; twin search by same file name + same size: 1 other hash(es) probed, 0 intact, 0 not readable in B2; other-size copies of the name in the catalog: 0 (find_other_version would propose these for review; none is a same-size twin); no repair engine exists for this type"
B_unreadable_no_twin,onedrive/Pictures/20140602_094753.jpg,consignatio/vault/v1/onedrive/Pictures/20140602_094753.jpg,816091,1f67f8a5bef03c9033eebbc10badc5fd369b94d4,jpg,onedrive/Pictures,7.918,f,confirmed unreadable: extension names a marker format but the head is random bytes,"head 4 KiB read (b2 ranged GET) -> no format marker, not text, entropy 7.918; twin search by same file name + same size: 1 other hash(es) probed, 0 intact, 0 not readable in B2; other-size copies of the name in the catalog: 0 (find_other_version would propose these for review; none is a same-size twin); no repair engine exists for this type"
B_unreadable_no_twin,onedrive/Pictures/20140707_012831.jpg,consignatio/vault/v1/onedrive/Pictures/20140707_012831.jpg,885043,cdf40335a78b0b8af69798a26660b26a66646772,jpg,onedrive/Pictures,7.87,f,confirmed unreadable: extension names a marker format but the head is random bytes,"head 4 KiB read (b2 ranged GET) -> no format marker, not text, entropy 7.87; twin search by same file name + same size: 1 other hash(es) probed, 0 intact, 0 not readable in B2; other-size copies of the name in the catalog: 2 (find_other_version would propose these for review; none is a same-size twin); no repair engine exists for this type"
B_unreadable_no_twin,onedrive/Pictures/20140707_031512.jpg,consignatio/vault/v1/onedrive/Pictures/20140707_031512.jpg,823118,c2ebcebba737a4e656c875e9a2524f6d71866d3c,jpg,onedrive/Pictures,7.844,f,confirmed unreadable: extension names a marker format but the head is random bytes,"head 4 KiB read (b2 ranged GET) -> no format marker, not text, entropy 7.844; twin search by same file name + same size: 1 other hash(es) probed, 0 intact, 0 not readable in B2; other-size copies of the name in the catalog: 1 (find_other_version would propose these for review; none is a same-size twin); no repair engine exists for this type"
B_unreadable_no_twin,onedrive/Pictures/20140707_070955.jpg,consignatio/vault/v1/onedrive/Pictures/20140707_070955.jpg,799641,39282af4e897afee7562652c77e32b8232aab6e9,jpg,onedrive/Pictures,7.897,f,confirmed unreadable: extension names a marker format but the head is random bytes,"head 4 KiB read (b2 ranged GET) -> no format marker, not text, entropy 7.897; twin search by same file name + same size: 1 other hash(es) probed, 0 intact, 0 not readable in B2; other-size copies of the name in the catalog: 1 (find_other_version would propose these for review; none is a same-size twin); no repair engine exists for this type"
B_unreadable_no_twin,onedrive/Pictures/860_1000.jpg,consignatio/vault/v1/onedrive/Pictures/860_1000.jpg,540968,3df9fd6dc5b2942d189479480b780a91610516e2,jpg,onedrive/Pictures,7.894,f,confirmed unreadable: extension names a marker format but the head is random bytes,"head 4 KiB read (b2 ranged GET) -> no format marker, not text, entropy 7.894; twin search by same file name + same size: 1 other hash(es) probed, 0 intact, 0 not readable in B2; other-size copies of the name in the catalog: 0 (find_other_version would propose these for review; none is a same-size twin); no repair engine exists for this type"
B_unreadable_no_twin,onedrive/Pictures/862_1000.jpg,consignatio/vault/v1/onedrive/Pictures/862_1000.jpg,473351,992cb8c510206c1ab3df63f741ca5ac13e56427c,jpg,onedrive/Pictures,7.915,f,confirmed unreadable: extension names a marker format but the head is random bytes,"head 4 KiB read (b2 ranged GET) -> no format marker, not text, entropy 7.915; twin search by same file name + same size: 1 other hash(es) probed, 0 intact, 0 not readable in B2; other-size copies of the name in the catalog: 0 (find_other_version would propose these for review; none is a same-size twin); no repair engine exists for this type"
B_unreadable_no_twin,recup_dir.96/f48590232.jpg,consignatio/vault/v1/recup_dir.96/f48590232.jpg,1671168,7865418c95bb8b23f4e02e6700778b47a80065c4,jpg,recup_dir.96,7.929,f,confirmed unreadable: extension names a marker format but the head is random bytes,"head 4 KiB read (b2 ranged GET) -> no format marker, not text, entropy 7.929; twin search by same file name + same size: 1 other hash(es) probed, 0 intact, 0 not readable in B2; other-size copies of the name in the catalog: 1 (find_other_version would propose these for review; none is a same-size twin); no repair engine exists for this type"
B_unreadable_no_twin,recup_dir.96/f48602592.jpg,consignatio/vault/v1/recup_dir.96/f48602592.jpg,1925120,7b9bba0c51c2e338f80a642f6ffbf6cac629c5ff,jpg,recup_dir.96,7.946,f,confirmed unreadable: extension names a marker format but the head is random bytes,"head 4 KiB read (b2 ranged GET) -> no format marker, not text, entropy 7.946; twin search by same file name + same size: 1 other hash(es) probed, 0 intact, 0 not readable in B2; other-size copies of the name in the catalog: 1 (find_other_version would propose these for review; none is a same-size twin); no repair engine exists for this type"
B_unreadable_no_twin,recup_dir.96/f48670024.jpg,consignatio/vault/v1/recup_dir.96/f48670024.jpg,626688,07e1d909efb89ed06e9dc79d5ff2732b8a7ba42e,jpg,recup_dir.96,7.95,f,confirmed unreadable: extension names a marker format but the head is random bytes,"head 4 KiB read (b2 ranged GET) -> no format marker, not text, entropy 7.95; twin search by same file name + same size: 1 other hash(es) probed, 0 intact, 0 not readable in B2; other-size copies of the name in the catalog: 1 (find_other_version would propose these for review; none is a same-size twin); no repair engine exists for this type"
B_unreadable_no_twin,recup_dir.96/f48712016.jpg,consignatio/vault/v1/recup_dir.96/f48712016.jpg,692224,0838e2488faa70aa1a4bedb681fd0b5ada63b98b,jpg,recup_dir.96,7.916,f,confirmed unreadable: extension names a marker format but the head is random bytes,"head 4 KiB read (b2 ranged GET) -> no format marker, not text, entropy 7.916; twin search by same file name + same size: 1 other hash(es) probed, 0 intact, 0 not readable in B2; other-size copies of the name in the catalog: 1 (find_other_version would propose these for review; none is a same-size twin); no repair engine exists for this type"
B_unreadable_no_twin,Takeout/Takeout/Google Photos/screens/b3n6EdCUEeZMMqGZsN9DPP-1280-80.jpg,consignatio/vault/v1/Takeout/Takeout/Google Photos/screens/b3n6EdCUEeZMMqGZsN9DPP-1280-80.jpg,118929,11b0ef5c020a32224ce77a962bdec782ac4b7cfa,jpg,Takeout/Takeout/Google Photos/screens,7.95,f,confirmed unreadable: extension names a marker format but the head is random bytes,"head 4 KiB read (b2 ranged GET) -> no format marker, not text, entropy 7.95; twin search by same file name + same size: 1 other hash(es) probed, 0 intact, 1 not readable in B2; other-size copies of the name in the catalog: 1 (find_other_version would propose these for review; none is a same-size twin); no repair engine exists for this type"
B_unreadable_no_twin,Takeout/Takeout/Google Photos/screens/original_22183437-bbb8-41cc-8231-60cea51655c9_S.jpg,consignatio/vault/v1/Takeout/Takeout/Google Photos/screens/original_22183437-bbb8-41cc-8231-60cea51655c9_S.jpg,100239,0bab0dc5fa97d8c624a8f128db093739d705a064,jpg,Takeout/Takeout/Google Photos/screens,7.956,f,confirmed unreadable: extension names a marker format but the head is random bytes,"head 4 KiB read (b2 ranged GET) -> no format marker, not text, entropy 7.956; twin search by same file name + same size: 1 other hash(es) probed, 0 intact, 1 not readable in B2; other-size copies of the name in the catalog: 0 (find_other_version would propose these for review; none is a same-size twin); no repair engine exists for this type"
B_unreadable_no_twin,Takeout/Takeout/Google Photos/screens/Snapchat-1608527402(1).jpg,consignatio/vault/v1/Takeout/Takeout/Google Photos/screens/Snapchat-1608527402(1).jpg,105317,70e68e85639e64bae812e48eb393bf9dfc2055e7,jpg,Takeout/Takeout/Google Photos/screens,7.954,f,confirmed unreadable: extension names a marker format but the head is random bytes,"head 4 KiB read (b2 ranged GET) -> no format marker, not text, entropy 7.954; twin search by same file name + same size: 1 other hash(es) probed, 0 intact, 1 not readable in B2; other-size copies of the name in the catalog: 0 (find_other_version would propose these for review; none is a same-size twin); no repair engine exists for this type"
B_unreadable_no_twin,Takeout/Takeout/Google Photos/screens/Snapchat-1608527402.jpg,consignatio/vault/v1/Takeout/Takeout/Google Photos/screens/Snapchat-1608527402.jpg,36886,8498dd9ae73c58ef0a47a8cbb0897fd63ade1368,jpg,Takeout/Takeout/Google Photos/screens,7.956,f,confirmed unreadable: extension names a marker format but the head is random bytes,"head 4 KiB read (b2 ranged GET) -> no format marker, not text, entropy 7.956; twin search by same file name + same size: 1 other hash(es) probed, 0 intact, 1 not readable in B2; other-size copies of the name in the catalog: 1 (find_other_version would propose these for review; none is a same-size twin); no repair engine exists for this type"
B_unreadable_no_twin,Takeout/Takeout/Google Photos/screens/Snapchat-1707040686.jpg,consignatio/vault/v1/Takeout/Takeout/Google Photos/screens/Snapchat-1707040686.jpg,44668,9d5f174fce26c4af79c009e14c432d53fbf92963,jpg,Takeout/Takeout/Google Photos/screens,7.946,f,confirmed unreadable: extension names a marker format but the head is random bytes,"head 4 KiB read (b2 ranged GET) -> no format marker, not text, entropy 7.946; twin search by same file name + same size: 1 other hash(es) probed, 0 intact, 1 not readable in B2; other-size copies of the name in the catalog: 0 (find_other_version would propose these for review; none is a same-size twin); no repair engine exists for this type"
B_unreadable_no_twin,Takeout/Takeout/Google Photos/screens/Snapchat-521509973.jpg,consignatio/vault/v1/Takeout/Takeout/Google Photos/screens/Snapchat-521509973.jpg,70816,59ae0189989ec0ee4b93e9b2620defc8092d125a,jpg,Takeout/Takeout/Google Photos/screens,7.953,f,confirmed unreadable: extension names a marker format but the head is random bytes,"head 4 KiB read (b2 ranged GET) -> no format marker, not text, entropy 7.953; twin search by same file name + same size: 1 other hash(es) probed, 0 intact, 1 not readable in B2; other-size copies of the name in the catalog: 0 (find_other_version would propose these for review; none is a same-size twin); no repair engine exists for this type"
B_unreadable_no_twin,Takeout/Takeout/Google Photos/screens/Snapchat-588674447.jpg,consignatio/vault/v1/Takeout/Takeout/Google Photos/screens/Snapchat-588674447.jpg,32230,9024691995f182965d7825c833a31bad5b8d7548,jpg,Takeout/Takeout/Google Photos/screens,7.959,f,confirmed unreadable: extension names a marker format but the head is random bytes,"head 4 KiB read (b2 ranged GET) -> no format marker, not text, entropy 7.959; twin search by same file name + same size: 1 other hash(es) probed, 0 intact, 1 not readable in B2; other-size copies of the name in the catalog: 0 (find_other_version would propose these for review; none is a same-size twin); no repair engine exists for this type"
B_unreadable_no_twin,_backup_import/Takeout/My Activity/Gemini Apps/geocoding_cache-6a84e4b14c7ce4a8.json,consignatio/vault/v1/_backup_import/Takeout/My Activity/Gemini Apps/geocoding_cache-6a84e4b14c7ce4a8.json,681218,37b25b8c9cec966199a88c0facfa9d1573203a74,json,_backup_import/Takeout/My Activity/Gemini Apps,7.956,f,confirmed unreadable: extension names a marker format but the head is random bytes,"head 4 KiB read (b2 ranged GET) -> no format marker, not text, entropy 7.956; twin search by same file name + same size: 1 other hash(es) probed, 0 intact, 1 not readable in B2; other-size copies of the name in the catalog: 0 (find_other_version would propose these for review; none is a same-size twin); no repair engine exists for this type"
B_unreadable_no_twin,_backup_import/Takeout/My Activity/Gemini Apps/K- Timeline-89edafca3ed7e379.json,consignatio/vault/v1/_backup_import/Takeout/My Activity/Gemini Apps/K- Timeline-89edafca3ed7e379.json,13344578,842d5a357705e25b4e41256df03387ddc063d291,json,_backup_import/Takeout/My Activity/Gemini Apps,7.929,f,confirmed unreadable: extension names a marker format but the head is random bytes,"head 4 KiB read (b2 ranged GET) -> no format marker, not text, entropy 7.929; twin search by same file name + same size: 1 other hash(es) probed, 0 intact, 1 not readable in B2; other-size copies of the name in the catalog: 0 (find_other_version would propose these for review; none is a same-size twin); no repair engine exists for this type"
B_unreadable_no_twin,_backup_import/Takeout/My Activity/Gemini Apps/place_id_db-5a74d8fe6aae4899.json,consignatio/vault/v1/_backup_import/Takeout/My Activity/Gemini Apps/place_id_db-5a74d8fe6aae4899.json,504914,714364f217b68874b89c45113ce08b40c4604f64,json,_backup_import/Takeout/My Activity/Gemini Apps,7.957,f,confirmed unreadable: extension names a marker format but the head is random bytes,"head 4 KiB read (b2 ranged GET) -> no format marker, not text, entropy 7.957; twin search by same file name + same size: 1 other hash(es) probed, 0 intact, 1 not readable in B2; other-size copies of the name in the catalog: 0 (find_other_version would propose these for review; none is a same-size twin); no repair engine exists for this type"
B_unreadable_no_twin,_backup_import/Takeout/My Activity/Gemini Apps/place_id_db-6a84e4b14c7ce4a8.json,consignatio/vault/v1/_backup_import/Takeout/My Activity/Gemini Apps/place_id_db-6a84e4b14c7ce4a8.json,504914,1ea50d3f976dbb904c73bfa1257105b695c96054,json,_backup_import/Takeout/My Activity/Gemini Apps,7.955,f,confirmed unreadable: extension names a marker format but the head is random bytes,"head 4 KiB read (b2 ranged GET) -> no format marker, not text, entropy 7.955; twin search by same file name + same size: 0 other hash(es) probed, 0 intact, 0 not readable in B2; other-size copies of the name in the catalog: 0 (find_other_version would propose these for review; none is a same-size twin); no repair engine exists for this type"
B_unreadable_no_twin,_backup_import/Takeout/My Activity/Gemini Apps/Records-382ce85869306304.json,consignatio/vault/v1/_backup_import/Takeout/My Activity/Gemini Apps/Records-382ce85869306304.json,13344579,a9db17d8d93b5391fb5400a46ebce2cf27d29152,json,_backup_import/Takeout/My Activity/Gemini Apps,7.957,f,confirmed unreadable: extension names a marker format but the head is random bytes,"head 4 KiB read (b2 ranged GET) -> no format marker, not text, entropy 7.957; twin search by same file name + same size: 1 other hash(es) probed, 0 intact, 1 not readable in B2; other-size copies of the name in the catalog: 0 (find_other_version would propose these for review; none is a same-size twin); no repair engine exists for this type"
B_unreadable_no_twin,_backup_import/Takeout/My Activity/Gemini Apps/Records-ad098be921122465.json,consignatio/vault/v1/_backup_import/Takeout/My Activity/Gemini Apps/Records-ad098be921122465.json,13344579,466acedba69776bcbbdb36dccff295884415f177,json,_backup_import/Takeout/My Activity/Gemini Apps,7.92,f,confirmed unreadable: extension names a marker format but the head is random bytes,"head 4 KiB read (b2 ranged GET) -> no format marker, not text, entropy 7.92; twin search by same file name + same size: 0 other hash(es) probed, 0 intact, 0 not readable in B2; other-size copies of the name in the catalog: 0 (find_other_version would propose these for review; none is a same-size twin); no repair engine exists for this type"
B_unreadable_no_twin,_backup_import/Takeout/My Activity/Gemini Apps/timeline_chunk_2024-Q2-bf6b4b716cc5fb29.json,consignatio/vault/v1/_backup_import/Takeout/My Activity/Gemini Apps/timeline_chunk_2024-Q2-bf6b4b716cc5fb29.json,1272678,dd966e02491cd8d32eeffbf9e8ab0736c1f50064,json,_backup_import/Takeout/My Activity/Gemini Apps,7.956,f,confirmed unreadable: extension names a marker format but the head is random bytes,"head 4 KiB read (b2 ranged GET) -> no format marker, not text, entropy 7.956; twin search by same file name + same size: 1 other hash(es) probed, 0 intact, 1 not readable in B2; other-size copies of the name in the catalog: 0 (find_other_version would propose these for review; none is a same-size twin); no repair engine exists for this type"
B_unreadable_no_twin,moved/court/fb/aaronbaldridge_10158197098971046/message_1.json,consignatio/vault/v1/moved/court/fb/aaronbaldridge_10158197098971046/message_1.json,4609,0a199cfb0e21b867dee437d799a4d89a005840fe,json,moved/court/fb/aaronbaldridge_10158197098971046,7.946,f,confirmed unreadable: extension names a marker format but the head is random bytes,"head 4 KiB read (b2 ranged GET) -> no format marker, not text, entropy 7.946; twin search by same file name + same size: 1 other hash(es) probed, 0 intact, 1 not readable in B2; other-size copies of the name in the catalog: 675 (find_other_version would propose these for review; none is a same-size twin); no repair engine exists for this type"
B_unreadable_no_twin,moved/court/fb/albertzerka_2127401007271158/message_1.json,consignatio/vault/v1/moved/court/fb/albertzerka_2127401007271158/message_1.json,20076,5ea8c0c8c83cf51421efa4345970959678d6b7c3,json,moved/court/fb/albertzerka_2127401007271158,7.948,f,confirmed unreadable: extension names a marker format but the head is random bytes,"head 4 KiB read (b2 ranged GET) -> no format marker, not text, entropy 7.948; twin search by same file name + same size: 1 other hash(es) probed, 0 intact, 1 not readable in B2; other-size copies of the name in the catalog: 675 (find_other_version would propose these for review; none is a same-size twin); no repair engine exists for this type"
B_unreadable_no_twin,moved/court/fb/facebook-potentiallycursed85-2025-08-18-o7HXs9tN/your_facebook_activity/posts/your_posts__check_ins__photos_and_videos_1.json,consignatio/vault/v1/moved/court/fb/facebook-potentiallycursed85-2025-08-18-o7HXs9tN/your_facebook_activity/posts/your_posts__check_ins__photos_and_videos_1.json,1170634,2fe2b65837128be45d3372069dd4073444de3df0,json,moved/court/fb/facebook-potentiallycursed85-2025-08-18-o7HXs9tN/your_facebook_activity/posts,7.912,f,confirmed unreadable: extension names a marker format but the head is random bytes,"head 4 KiB read (b2 ranged GET) -> no format marker, not text, entropy 7.912; twin search by same file name + same size: 1 other hash(es) probed, 0 intact, 1 not readable in B2; other-size copies of the name in the catalog: 0 (find_other_version would propose these for review; none is a same-size twin); no repair engine exists for this type"
B_unreadable_no_twin,moved/court/fb/recover'/Facebook-potentiallycursed85-2025-08-18/your_facebook_activity/messages/e2ee_cutover/beccamortenson_10210201658650235/message_1.json,consignatio/vault/v1/moved/court/fb/recover'/Facebook-potentiallycursed85-2025-08-18/your_facebook_activity/messages/e2ee_cutover/beccamortenson_10210201658650235/message_1.json,107553,8753465db718621a97fcd5b9cf5af58826d1b8ea,json,moved/court/fb/recover'/Facebook-potentiallycursed85-2025-08-18/your_facebook_activity/messages/e2ee_cutover/beccamortenson_10210201658650235,7.929,f,confirmed unreadable: extension names a marker format but the head is random bytes,"head 4 KiB read (b2 ranged GET) -> no format marker, not text, entropy 7.929; twin search by same file name + same size: 1 other hash(es) probed, 0 intact, 1 not readable in B2; other-size copies of the name in the catalog: 675 (find_other_version would propose these for review; none is a same-size twin); no repair engine exists for this type"
B_unreadable_no_twin,moved/court/fb/recover'/Facebook-potentiallycursed85-2025-08-18/your_facebook_activity/messages/e2ee_cutover/michelleroydraper_10204297737503493/message_1.json,consignatio/vault/v1/moved/court/fb/recover'/Facebook-potentiallycursed85-2025-08-18/your_facebook_activity/messages/e2ee_cutover/michelleroydraper_10204297737503493/message_1.json,31158,784c2145c223f2d9e98231416bf0480e3dcf59dc,json,moved/court/fb/recover'/Facebook-potentiallycursed85-2025-08-18/your_facebook_activity/messages/e2ee_cutover/michelleroydraper_10204297737503493,7.92,f,confirmed unreadable: extension names a marker format but the head is random bytes,"head 4 KiB read (b2 ranged GET) -> no format marker, not text, entropy 7.92; twin search by same file name + same size: 1 other hash(es) probed, 0 intact, 1 not readable in B2; other-size copies of the name in the catalog: 675 (find_other_version would propose these for review; none is a same-size twin); no repair engine exists for this type"
B_unreadable_no_twin,moved/court/fb/richgreene_1839119972784871/message_1.json,consignatio/vault/v1/moved/court/fb/richgreene_1839119972784871/message_1.json,416302,a56f325586d700a4b968ce64c4bb1da8903b1917,json,moved/court/fb/richgreene_1839119972784871,7.933,f,confirmed unreadable: extension names a marker format but the head is random bytes,"head 4 KiB read (b2 ranged GET) -> no format marker, not text, entropy 7.933; twin search by same file name + same size: 1 other hash(es) probed, 0 intact, 1 not readable in B2; other-size copies of the name in the catalog: 675 (find_other_version would propose these for review; none is a same-size twin); no repair engine exists for this type"
B_unreadable_no_twin,moved/court/fb/ryanstmarie_905227159552637/message_1.json,consignatio/vault/v1/moved/court/fb/ryanstmarie_905227159552637/message_1.json,228387,b10c11f95c94671b1298e99883a5ee9934d1b8b8,json,moved/court/fb/ryanstmarie_905227159552637,7.576,f,confirmed unreadable: extension names a marker format but the head is random bytes,"head 4 KiB read (b2 ranged GET) -> no format marker, not text, entropy 7.576; twin search by same file name + same size: 1 other hash(es) probed, 0 intact, 1 not readable in B2; other-size copies of the name in the catalog: 675 (find_other_version would propose these for review; none is a same-size twin); no repair engine exists for this type"
B_unreadable_no_twin,Documents/Images/Call Recording 2.m4a,consignatio/vault/v1/Documents/Images/Call Recording 2.m4a,8445935,6aecfecb17f5f4936e4aa57b09d9221645cf565c,m4a,Documents/Images,7.897,f,confirmed unreadable: extension names a marker format but the head is random bytes,"head 4 KiB read (b2 ranged GET) -> no format marker, not text, entropy 7.897; twin search by same file name + same size: 2 other hash(es) probed, 0 intact, 1 not readable in B2; other-size copies of the name in the catalog: 0 (find_other_version would propose these for review; none is a same-size twin); no repair engine exists for this type"
B_unreadable_no_twin,images/Call Recording 2.m4a,consignatio/vault/v1/images/Call Recording 2.m4a,8445935,065f12733200d45f772028c78a39ae004f67c9b5,m4a,images,7.917,f,confirmed unreadable: extension names a marker format but the head is random bytes,"head 4 KiB read (b2 ranged GET) -> no format marker, not text, entropy 7.917; twin search by same file name + same size: 2 other hash(es) probed, 0 intact, 1 not readable in B2; other-size copies of the name in the catalog: 0 (find_other_version would propose these for review; none is a same-size twin); no repair engine exists for this type"
B_unreadable_no_twin,onedrive/Pictures/2017-02-02 13-23-01.MOV,consignatio/vault/v1/onedrive/Pictures/2017-02-02 13-23-01.MOV,57658830,c4367e47639c6a33da677466f9c0a242021d029e,mov,onedrive/Pictures,7.945,f,confirmed unreadable: extension names a marker format but the head is random bytes,"head 4 KiB read (b2 ranged GET) -> no format marker, not text, entropy 7.945; twin search by same file name + same size: 1 other hash(es) probed, 0 intact, 1 not readable in B2; other-size copies of the name in the catalog: 0 (find_other_version would propose these for review; none is a same-size twin); no repair engine exists for this type"
B_unreadable_no_twin,onedrive/Pictures/2017-02-02 13-23-39.MOV,consignatio/vault/v1/onedrive/Pictures/2017-02-02 13-23-39.MOV,63576367,7f5bec34411b23d11c7ee29b434d039364c3f6a0,mov,onedrive/Pictures,7.903,f,confirmed unreadable: extension names a marker format but the head is random bytes,"head 4 KiB read (b2 ranged GET) -> no format marker, not text, entropy 7.903; twin search by same file name + same size: 1 other hash(es) probed, 0 intact, 1 not readable in B2; other-size copies of the name in the catalog: 0 (find_other_version would propose these for review; none is a same-size twin); no repair engine exists for this type"
B_unreadable_no_twin,onedrive/Pictures/2017-02-02 13-24-59.MOV,consignatio/vault/v1/onedrive/Pictures/2017-02-02 13-24-59.MOV,39758800,fa929410d9fee1d9d26a29d7a506b7fc85c01320,mov,onedrive/Pictures,7.768,f,confirmed unreadable: extension names a marker format but the head is random bytes,"head 4 KiB read (b2 ranged GET) -> no format marker, not text, entropy 7.768; twin search by same file name + same size: 1 other hash(es) probed, 0 intact, 1 not readable in B2; other-size copies of the name in the catalog: 0 (find_other_version would propose these for review; none is a same-size twin); no repair engine exists for this type"
B_unreadable_no_twin,_backup_import/Takeout/My Activity/Assistant/2024-11-02_15_08_18_149_UTC.mp3,consignatio/vault/v1/_backup_import/Takeout/My Activity/Assistant/2024-11-02_15_08_18_149_UTC.mp3,16524,d76a8cc6d611473096b407366b9a7234c858e8b2,mp3,_backup_import/Takeout/My Activity/Assistant,7.956,f,confirmed unreadable: extension names a marker format but the head is random bytes,"head 4 KiB read (b2 ranged GET) -> no format marker, not text, entropy 7.956; twin search by same file name + same size: 0 other hash(es) probed, 0 intact, 0 not readable in B2; other-size copies of the name in the catalog: 0 (find_other_version would propose these for review; none is a same-size twin); no repair engine exists for this type"
B_unreadable_no_twin,_backup_import/Takeout/My Activity/Assistant/2024-11-26_08_49_45_754_UTC.mp3,consignatio/vault/v1/_backup_import/Takeout/My Activity/Assistant/2024-11-26_08_49_45_754_UTC.mp3,23652,2acf8efc14c9c779b5a516be4430a0479d2fa271,mp3,_backup_import/Takeout/My Activity/Assistant,7.952,f,confirmed unreadable: extension names a marker format but the head is random bytes,"head 4 KiB read (b2 ranged GET) -> no format marker, not text, entropy 7.952; twin search by same file name + same size: 0 other hash(es) probed, 0 intact, 0 not readable in B2; other-size copies of the name in the catalog: 0 (find_other_version would propose these for review; none is a same-size twin); no repair engine exists for this type"
B_unreadable_no_twin,_backup_import/Takeout/My Activity/Assistant/2025-02-14_03_46_50_990_UTC.mp3,consignatio/vault/v1/_backup_import/Takeout/My Activity/Assistant/2025-02-14_03_46_50_990_UTC.mp3,17064,9ebedd3071ff60436d3aed9fe2cc18a22b96737c,mp3,_backup_import/Takeout/My Activity/Assistant,7.907,f,confirmed unreadable: extension names a marker format but the head is random bytes,"head 4 KiB read (b2 ranged GET) -> no format marker, not text, entropy 7.907; twin search by same file name + same size: 0 other hash(es) probed, 0 intact, 0 not readable in B2; other-size copies of the name in the catalog: 0 (find_other_version would propose these for review; none is a same-size twin); no repair engine exists for this type"
B_unreadable_no_twin,_backup_import/Takeout/My Activity/Search/2025-03-05_21_14_57_516_UTC.mp3,consignatio/vault/v1/_backup_import/Takeout/My Activity/Search/2025-03-05_21_14_57_516_UTC.mp3,11880,7ddfb79439ac49e518b4eb96f168f738b12c21af,mp3,_backup_import/Takeout/My Activity/Search,7.884,f,confirmed unreadable: extension names a marker format but the head is random bytes,"head 4 KiB read (b2 ranged GET) -> no format marker, not text, entropy 7.884; twin search by same file name + same size: 1 other hash(es) probed, 0 intact, 1 not readable in B2; other-size copies of the name in the catalog: 0 (find_other_version would propose these for review; none is a same-size twin); no repair engine exists for this type"
B_unreadable_no_twin,_backup_import/Takeout/My Activity/Search/2025-06-17_16_55_35_413_UTC.mp3,consignatio/vault/v1/_backup_import/Takeout/My Activity/Search/2025-06-17_16_55_35_413_UTC.mp3,18360,3d500ff0e5140d4f353c727c135699e58472477d,mp3,_backup_import/Takeout/My Activity/Search,7.905,f,confirmed unreadable: extension names a marker format but the head is random bytes,"head 4 KiB read (b2 ranged GET) -> no format marker, not text, entropy 7.905; twin search by same file name + same size: 0 other hash(es) probed, 0 intact, 0 not readable in B2; other-size copies of the name in the catalog: 0 (find_other_version would propose these for review; none is a same-size twin); no repair engine exists for this type"
B_unreadable_no_twin,_backup_import/Takeout/My Activity/Search/2025-07-14_03_46_19_998_UTC.mp3,consignatio/vault/v1/_backup_import/Takeout/My Activity/Search/2025-07-14_03_46_19_998_UTC.mp3,20952,354378cdce57adde02b6e65664dda2146ddd92b3,mp3,_backup_import/Takeout/My Activity/Search,7.923,f,confirmed unreadable: extension names a marker format but the head is random bytes,"head 4 KiB read (b2 ranged GET) -> no format marker, not text, entropy 7.923; twin search by same file name + same size: 0 other hash(es) probed, 0 intact, 0 not readable in B2; other-size copies of the name in the catalog: 0 (find_other_version would propose these for review; none is a same-size twin); no repair engine exists for this type"
B_unreadable_no_twin,_backup_import/Takeout/Voice/Calls/+16502651193 - Voicemail - 2024-12-02T04_25_17Z.mp3,consignatio/vault/v1/_backup_import/Takeout/Voice/Calls/+16502651193 - Voicemail - 2024-12-02T04_25_17Z.mp3,37512,ffbeb2a8dcc8dc1cae826fe914e223c4908571b5,mp3,_backup_import/Takeout/Voice/Calls,7.947,f,confirmed unreadable: extension names a marker format but the head is random bytes,"head 4 KiB read (b2 ranged GET) -> no format marker, not text, entropy 7.947; twin search by same file name + same size: 1 other hash(es) probed, 0 intact, 1 not readable in B2; other-size copies of the name in the catalog: 0 (find_other_version would propose these for review; none is a same-size twin); no repair engine exists for this type"
B_unreadable_no_twin,_backup_import/Takeout/Voice/Calls/+16502651193 - Voicemail - 2024-12-02T05_38_39Z.mp3,consignatio/vault/v1/_backup_import/Takeout/Voice/Calls/+16502651193 - Voicemail - 2024-12-02T05_38_39Z.mp3,37512,13e38f36fcd4ca22326c815b75bfd71c57bf5ec4,mp3,_backup_import/Takeout/Voice/Calls,7.955,f,confirmed unreadable: extension names a marker format but the head is random bytes,"head 4 KiB read (b2 ranged GET) -> no format marker, not text, entropy 7.955; twin search by same file name + same size: 0 other hash(es) probed, 0 intact, 0 not readable in B2; other-size copies of the name in the catalog: 0 (find_other_version would propose these for review; none is a same-size twin); no repair engine exists for this type"
B_unreadable_no_twin,_backup_import/Takeout/Voice/Calls/+18105165453 - Voicemail - 2024-12-03T21_57_53Z.mp3,consignatio/vault/v1/_backup_import/Takeout/Voice/Calls/+18105165453 - Voicemail - 2024-12-03T21_57_53Z.mp3,6098,bed0c7831147ef6d7983bed3278aeba21f6532e5,mp3,_backup_import/Takeout/Voice/Calls,7.959,f,confirmed unreadable: extension names a marker format but the head is random bytes,"head 4 KiB read (b2 ranged GET) -> no format marker, not text, entropy 7.959; twin search by same file name + same size: 1 other hash(es) probed, 0 intact, 1 not readable in B2; other-size copies of the name in the catalog: 0 (find_other_version would propose these for review; none is a same-size twin); no repair engine exists for this type"
B_unreadable_no_twin,99_Archive/Documents/memoryVideo-9752AF94-F6BA-48A4-84E7-9D3C9244FA77.mp4,consignatio/vault/v1/99_Archive/Documents/memoryVideo-9752AF94-F6BA-48A4-84E7-9D3C9244FA77.mp4,43370689,0118961cbe4ccf7a81b8c6c4728f616f3767dd80,mp4,99_Archive/Documents,7.942,f,confirmed unreadable: extension names a marker format but the head is random bytes,"head 4 KiB read (b2 ranged GET) -> no format marker, not text, entropy 7.942; twin search by same file name + same size: 1 other hash(es) probed, 0 intact, 1 not readable in B2; other-size copies of the name in the catalog: 0 (find_other_version would propose these for review; none is a same-size twin); no repair engine exists for this type"
B_unreadable_no_twin,_backup_import/bekarenae_10204547623320511 (1)/videos/483052068_9503707506384804_4335134993862335254_n_1046001700689637.mp4,consignatio/vault/v1/_backup_import/bekarenae_10204547623320511 (1)/videos/483052068_9503707506384804_4335134993862335254_n_1046001700689637.mp4,3013217,09e8e8a9fc77ff4679bff39cda4e7549eca86549,mp4,_backup_import/bekarenae_10204547623320511 (1)/videos,7.957,f,confirmed unreadable: extension names a marker format but the head is random bytes,"head 4 KiB read (b2 ranged GET) -> no format marker, not text, entropy 7.957; twin search by same file name + same size: 3 other hash(es) probed, 0 intact, 1 not readable in B2; other-size copies of the name in the catalog: 0 (find_other_version would propose these for review; none is a same-size twin); no repair engine exists for this type"
B_unreadable_no_twin,_backup_import/facebook-potentiallycursed85-2025-08-18-Ey12Pico (1)/your_facebook_activity/messages/archived_threads/jeraldmichaeljoubran_10154086179704199/videos/316057580_8927503487263407_687524097242277240_n_815393956415377.mp4,consignatio/vault/v1/_backup_import/facebook-potentiallycursed85-2025-08-18-Ey12Pico (1)/your_facebook_activity/messages/archived_threads/jeraldmichaeljoubran_10154086179704199/videos/316057580_8927503487263407_687524097242277240_n_815393956415377.mp4,5095589,48e5f6e6acc3f3a9f72eda7f7f65e246c921455e,mp4,_backup_import/facebook-potentiallycursed85-2025-08-18-Ey12Pico (1)/your_facebook_activity/messages/archived_threads/jeraldmichaeljoubran_10154086179704199/videos,7.893,f,confirmed unreadable: extension names a marker format but the head is random bytes,"head 4 KiB read (b2 ranged GET) -> no format marker, not text, entropy 7.893; twin search by same file name + same size: 4 other hash(es) probed, 0 intact, 1 not readable in B2; other-size copies of the name in the catalog: 0 (find_other_version would propose these for review; none is a same-size twin); no repair engine exists for this type"
B_unreadable_no_twin,_backup_import/Takeout/Google Photos/screens/20210223_150533.mp4,consignatio/vault/v1/_backup_import/Takeout/Google Photos/screens/20210223_150533.mp4,9196005,ad987017bbc263ec81db1ac3371e922c0f0d4d2c,mp4,_backup_import/Takeout/Google Photos/screens,7.903,f,confirmed unreadable: extension names a marker format but the head is random bytes,"head 4 KiB read (b2 ranged GET) -> no format marker, not text, entropy 7.903; twin search by same file name + same size: 1 other hash(es) probed, 0 intact, 1 not readable in B2; other-size copies of the name in the catalog: 0 (find_other_version would propose these for review; none is a same-size twin); no repair engine exists for this type"
B_unreadable_no_twin,_backup_import/Takeout/Google Photos/screens/20210223_150614.mp4,consignatio/vault/v1/_backup_import/Takeout/Google Photos/screens/20210223_150614.mp4,8720299,21f68f76e784382a71b59155aebd37ceecb3e483,mp4,_backup_import/Takeout/Google Photos/screens,7.9,f,confirmed unreadable: extension names a marker format but the head is random bytes,"head 4 KiB read (b2 ranged GET) -> no format marker, not text, entropy 7.9; twin search by same file name + same size: 1 other hash(es) probed, 0 intact, 1 not readable in B2; other-size copies of the name in the catalog: 0 (find_other_version would propose these for review; none is a same-size twin); no repair engine exists for this type"
B_unreadable_no_twin,_backup_import/Takeout/Google Photos/screens/VID_20240510_141000578.mp4,consignatio/vault/v1/_backup_import/Takeout/Google Photos/screens/VID_20240510_141000578.mp4,138472479,d3b3ca2b236fa24b7005f029401362627807c643,mp4,_backup_import/Takeout/Google Photos/screens,7.9,f,confirmed unreadable: extension names a marker format but the head is random bytes,"head 4 KiB read (b2 ranged GET) -> no format marker, not text, entropy 7.9; twin search by same file name + same size: 1 other hash(es) probed, 0 intact, 1 not readable in B2; other-size copies of the name in the catalog: 0 (find_other_version would propose these for review; none is a same-size twin); no repair engine exists for this type"
B_unreadable_no_twin,Documents//chat_media/2024-10-21_b~EiQSFWhuUWVSYXFFdG9Sd2JvN3FHWGNHNhoAGgAyAU9IAlAEYAE.mp4,consignatio/vault/v1/Documents//chat_media/2024-10-21_b~EiQSFWhuUWVSYXFFdG9Sd2JvN3FHWGNHNhoAGgAyAU9IAlAEYAE.mp4,10858,407765b93093ee50e69138a797e9bb5b59ccca33,mp4,Documents//chat_media,7.951,f,confirmed unreadable: extension names a marker format but the head is random bytes,"head 4 KiB read (b2 ranged GET) -> no format marker, not text, entropy 7.951; twin search by same file name + same size: 2 other hash(es) probed, 0 intact, 1 not readable in B2; other-size copies of the name in the catalog: 0 (find_other_version would propose these for review; none is a same-size twin); no repair engine exists for this type"
B_unreadable_no_twin,Documents/f46016136.mp4,consignatio/vault/v1/Documents/f46016136.mp4,20574208,f7ac48b1d51a822734c101043f7bdd4455a40e1b,mp4,Documents,7.833,f,confirmed unreadable: extension names a marker format but the head is random bytes,"head 4 KiB read (b2 ranged GET) -> no format marker, not text, entropy 7.833; twin search by same file name + same size: 1 other hash(es) probed, 0 intact, 0 not readable in B2; other-size copies of the name in the catalog: 1 (find_other_version would propose these for review; none is a same-size twin); no repair engine exists for this type"
B_unreadable_no_twin,Documents/f48648232.mp4,consignatio/vault/v1/Documents/f48648232.mp4,1019904,c4141cb5f6de31c903a2111d1e4da52c4cb2b4b2,mp4,Documents,7.957,f,confirmed unreadable: extension names a marker format but the head is random bytes,"head 4 KiB read (b2 ranged GET) -> no format marker, not text, entropy 7.957; twin search by same file name + same size: 1 other hash(es) probed, 0 intact, 0 not readable in B2; other-size copies of the name in the catalog: 1 (find_other_version would propose these for review; none is a same-size twin); no repair engine exists for this type"
B_unreadable_no_twin,moved/court/fb/archived_threads/jeraldmichaeljoubran_10154086179704199/videos/316057580_8927503487263407_687524097242277240_n_815393956415377.mp4,consignatio/vault/v1/moved/court/fb/archived_threads/jeraldmichaeljoubran_10154086179704199/videos/316057580_8927503487263407_687524097242277240_n_815393956415377.mp4,5095589,156e83025af14b98b2e9908d9e28ebc2f856e736,mp4,moved/court/fb/archived_threads/jeraldmichaeljoubran_10154086179704199/videos,7.95,f,confirmed unreadable: extension names a marker format but the head is random bytes,"head 4 KiB read (b2 ranged GET) -> no format marker, not text, entropy 7.95; twin search by same file name + same size: 4 other hash(es) probed, 0 intact, 1 not readable in B2; other-size copies of the name in the catalog: 0 (find_other_version would propose these for review; none is a same-size twin); no repair engine exists for this type"
B_unreadable_no_twin,moved/court/fb/e2ee_cutover/joshuaaaronpatterson_6447426962008472/audio/audioclip168996254400024844_796606415450914.mp4,consignatio/vault/v1/moved/court/fb/e2ee_cutover/joshuaaaronpatterson_6447426962008472/audio/audioclip168996254400024844_796606415450914.mp4,204717,64a97291f17b359629d3b40149153602f48f9383,mp4,moved/court/fb/e2ee_cutover/joshuaaaronpatterson_6447426962008472/audio,7.74,f,confirmed unreadable: extension names a marker format but the head is random bytes,"head 4 KiB read (b2 ranged GET) -> no format marker, not text, entropy 7.74; twin search by same file name + same size: 1 other hash(es) probed, 0 intact, 1 not readable in B2; other-size copies of the name in the catalog: 0 (find_other_version would propose these for review; none is a same-size twin); no repair engine exists for this type"
B_unreadable_no_twin,moved/court/fb/e2ee_cutover/joshuaaaronpatterson_6447426962008472/audio/audioclip1695568552000483257_7493147767367483.mp4,consignatio/vault/v1/moved/court/fb/e2ee_cutover/joshuaaaronpatterson_6447426962008472/audio/audioclip1695568552000483257_7493147767367483.mp4,3964401,2525790d23bcda78a6770e3b09c5308b2205aaaf,mp4,moved/court/fb/e2ee_cutover/joshuaaaronpatterson_6447426962008472/audio,7.951,f,confirmed unreadable: extension names a marker format but the head is random bytes,"head 4 KiB read (b2 ranged GET) -> no format marker, not text, entropy 7.951; twin search by same file name + same size: 2 other hash(es) probed, 0 intact, 1 not readable in B2; other-size copies of the name in the catalog: 0 (find_other_version would propose these for review; none is a same-size twin); no repair engine exists for this type"
B_unreadable_no_twin,moved/court/fb/e2ee_cutover/joshuaaaronpatterson_6447426962008472/videos/10000000_6610799365662633_1591611683059826377_n_847482470378954.mp4,consignatio/vault/v1/moved/court/fb/e2ee_cutover/joshuaaaronpatterson_6447426962008472/videos/10000000_6610799365662633_1591611683059826377_n_847482470378954.mp4,23493708,5b2e08ba7005385972e17840982c69e1ab2e3e4c,mp4,moved/court/fb/e2ee_cutover/joshuaaaronpatterson_6447426962008472/videos,7.86,f,confirmed unreadable: extension names a marker format but the head is random bytes,"head 4 KiB read (b2 ranged GET) -> no format marker, not text, entropy 7.86; twin search by same file name + same size: 2 other hash(es) probed, 0 intact, 1 not readable in B2; other-size copies of the name in the catalog: 0 (find_other_version would propose these for review; none is a same-size twin); no repair engine exists for this type"
B_unreadable_no_twin,moved/court/fb/facebook-potentiallycursed85-2025-08-18-Ey12Pico (1)/your_facebook_activity/messages/archived_threads/jeraldmichaeljoubran_10154086179704199/videos/316057580_8927503487263407_687524097242277240_n_815393956415377.mp4,consignatio/vault/v1/moved/court/fb/facebook-potentiallycursed85-2025-08-18-Ey12Pico (1)/your_facebook_activity/messages/archived_threads/jeraldmichaeljoubran_10154086179704199/videos/316057580_8927503487263407_687524097242277240_n_815393956415377.mp4,5095589,dc4da7e65304a5a5df63bd1fce01eda8ec88a400,mp4,moved/court/fb/facebook-potentiallycursed85-2025-08-18-Ey12Pico (1)/your_facebook_activity/messages/archived_threads/jeraldmichaeljoubran_10154086179704199/videos,7.893,f,confirmed unreadable: extension names a marker format but the head is random bytes,"head 4 KiB read (b2 ranged GET) -> no format marker, not text, entropy 7.893; twin search by same file name + same size: 4 other hash(es) probed, 0 intact, 1 not readable in B2; other-size copies of the name in the catalog: 0 (find_other_version would propose these for review; none is a same-size twin); no repair engine exists for this type"
B_unreadable_no_twin,moved/court/fb/facebook-potentiallycursed85-2025-08-18-Ey12Pico (1)/your_facebook_activity/messages/archived_threads/jeraldmichaeljoubran_10154086179704199/videos/328779512_6140441235979262_6212802300916037713_n_506825784928821.mp4,consignatio/vault/v1/moved/court/fb/facebook-potentiallycursed85-2025-08-18-Ey12Pico (1)/your_facebook_activity/messages/archived_threads/jeraldmichaeljoubran_10154086179704199/videos/328779512_6140441235979262_6212802300916037713_n_506825784928821.mp4,1534951,ad2040dbac84aaf6659332e37d7e460ffd7f13ab,mp4,moved/court/fb/facebook-potentiallycursed85-2025-08-18-Ey12Pico (1)/your_facebook_activity/messages/archived_threads/jeraldmichaeljoubran_10154086179704199/videos,7.937,f,confirmed unreadable: extension names a marker format but the head is random bytes,"head 4 KiB read (b2 ranged GET) -> no format marker, not text, entropy 7.937; twin search by same file name + same size: 2 other hash(es) probed, 0 intact, 1 not readable in B2; other-size copies of the name in the catalog: 0 (find_other_version would propose these for review; none is a same-size twin); no repair engine exists for this type"
B_unreadable_no_twin,moved/court/fb/files/facebook-potentiallycursed85-2025-08-18-FbdI23EK/your_facebook_activity/messages/inbox/amdgeneraldiscussion_1475777842546415/videos/AQM0Xuz4mC0KXGnZhpygVrdR8_I9QCzkLrUAYe7e9pVVC3W6V_i99bJQzpJylByIUaIs4XUfnG2jTQQ7HrNtIdcquWQZzXZ47EEZpOaVvnw3CS_604598467317856.mp4,consignatio/vault/v1/moved/court/fb/files/facebook-potentiallycursed85-2025-08-18-FbdI23EK/your_facebook_activity/messages/inbox/amdgeneraldiscussion_1475777842546415/videos/AQM0Xuz4mC0KXGnZhpygVrdR8_I9QCzkLrUAYe7e9pVVC3W6V_i99bJQzpJylByIUaIs4XUfnG2jTQQ7HrNtIdcquWQZzXZ47EEZpOaVvnw3CS_604598467317856.mp4,692455,cd68434ff8432dc2fdd2a7156695190ae99d8a00,mp4,moved/court/fb/files/facebook-potentiallycursed85-2025-08-18-FbdI23EK/your_facebook_activity/messages/inbox/amdgeneraldiscussion_1475777842546415/videos,7.952,f,confirmed unreadable: extension names a marker format but the head is random bytes,"head 4 KiB read (b2 ranged GET) -> no format marker, not text, entropy 7.952; twin search by same file name + same size: 1 other hash(es) probed, 0 intact, 1 not readable in B2; other-size copies of the name in the catalog: 0 (find_other_version would propose these for review; none is a same-size twin); no repair engine exists for this type"
B_unreadable_no_twin,moved/court/fb/files/facebook-potentiallycursed85-2025-08-18-FbdI23EK/your_facebook_activity/messages/inbox/amdgeneraldiscussion_1475777842546415/videos/AQM2pieF_KVo9Irfh2TBH5hYAzuVvzFxt7hZ6sXF68iAsk0NitQQxYaAOpFond0tFDAiQ9jT_uFMc3GJfhskqjMruQXESr5S9Wvcki4v4bo4UO_1329030970842472.mp4,consignatio/vault/v1/moved/court/fb/files/facebook-potentiallycursed85-2025-08-18-FbdI23EK/your_facebook_activity/messages/inbox/amdgeneraldiscussion_1475777842546415/videos/AQM2pieF_KVo9Irfh2TBH5hYAzuVvzFxt7hZ6sXF68iAsk0NitQQxYaAOpFond0tFDAiQ9jT_uFMc3GJfhskqjMruQXESr5S9Wvcki4v4bo4UO_1329030970842472.mp4,1790563,7705900bc5c20dcb73e173c300d5d2c152bea052,mp4,moved/court/fb/files/facebook-potentiallycursed85-2025-08-18-FbdI23EK/your_facebook_activity/messages/inbox/amdgeneraldiscussion_1475777842546415/videos,7.959,f,confirmed unreadable: extension names a marker format but the head is random bytes,"head 4 KiB read (b2 ranged GET) -> no format marker, not text, entropy 7.959; twin search by same file name + same size: 1 other hash(es) probed, 0 intact, 1 not readable in B2; other-size copies of the name in the catalog: 0 (find_other_version would propose these for review; none is a same-size twin); no repair engine exists for this type"
B_unreadable_no_twin,moved/court/fb/files/facebook-potentiallycursed85-2025-08-18-FbdI23EK/your_facebook_activity/messages/inbox/amdgeneraldiscussion_1475777842546415/videos/AQMczcEajL056M2GiyxpMmJnrgzGm1XaBlg_k4_71FrxvMwonQwwXj2cHvX1c4n6wdAUZIeHr8KmIj5VMNuv1W8gFedKs2KV2ra_ntQFqTEftJ_375137337750125.mp4,consignatio/vault/v1/moved/court/fb/files/facebook-potentiallycursed85-2025-08-18-FbdI23EK/your_facebook_activity/messages/inbox/amdgeneraldiscussion_1475777842546415/videos/AQMczcEajL056M2GiyxpMmJnrgzGm1XaBlg_k4_71FrxvMwonQwwXj2cHvX1c4n6wdAUZIeHr8KmIj5VMNuv1W8gFedKs2KV2ra_ntQFqTEftJ_375137337750125.mp4,2833455,edc5e611cb68e13bb71b13da0555f5563eba7039,mp4,moved/court/fb/files/facebook-potentiallycursed85-2025-08-18-FbdI23EK/your_facebook_activity/messages/inbox/amdgeneraldiscussion_1475777842546415/videos,7.949,f,confirmed unreadable: extension names a marker format but the head is random bytes,"head 4 KiB read (b2 ranged GET) -> no format marker, not text, entropy 7.949; twin search by same file name + same size: 1 other hash(es) probed, 0 intact, 1 not readable in B2; other-size copies of the name in the catalog: 0 (find_other_version would propose these for review; none is a same-size twin); no repair engine exists for this type"
B_unreadable_no_twin,moved/court/fb/files/facebook-potentiallycursed85-2025-08-18-FbdI23EK/your_facebook_activity/messages/inbox/amdgeneraldiscussion_1475777842546415/videos/AQMF7xFDp93B8NVytayOYumfAZtqKW278KOCmJvjBhsX2MwyH9SFDrWSzc4Cja0NtdzdRN2ps61C8YgX0OoSxxLmune8AYWXEQr2k9BDAVGqo7_1553619085016005.mp4,consignatio/vault/v1/moved/court/fb/files/facebook-potentiallycursed85-2025-08-18-FbdI23EK/your_facebook_activity/messages/inbox/amdgeneraldiscussion_1475777842546415/videos/AQMF7xFDp93B8NVytayOYumfAZtqKW278KOCmJvjBhsX2MwyH9SFDrWSzc4Cja0NtdzdRN2ps61C8YgX0OoSxxLmune8AYWXEQr2k9BDAVGqo7_1553619085016005.mp4,1220946,cb747663f637f074a7943a7737261b8c502795a2,mp4,moved/court/fb/files/facebook-potentiallycursed85-2025-08-18-FbdI23EK/your_facebook_activity/messages/inbox/amdgeneraldiscussion_1475777842546415/videos,7.691,f,confirmed unreadable: extension names a marker format but the head is random bytes,"head 4 KiB read (b2 ranged GET) -> no format marker, not text, entropy 7.691; twin search by same file name + same size: 1 other hash(es) probed, 0 intact, 1 not readable in B2; other-size copies of the name in the catalog: 0 (find_other_version would propose these for review; none is a same-size twin); no repair engine exists for this type"
B_unreadable_no_twin,moved/court/fb/files/facebook-potentiallycursed85-2025-08-18-FbdI23EK/your_facebook_activity/messages/inbox/amdgeneraldiscussion_1475777842546415/videos/AQMGLq4jSBUspaNsWlthKvbtUZoZCmSJOkk30qCwsXKB98CMh3UB0nlu0icqtSBTQqt8HZtVNG86Ux8SLxunz96vDl2W_Dwz7XMEi6YwNg8R2m_3045849649076721.mp4,consignatio/vault/v1/moved/court/fb/files/facebook-potentiallycursed85-2025-08-18-FbdI23EK/your_facebook_activity/messages/inbox/amdgeneraldiscussion_1475777842546415/videos/AQMGLq4jSBUspaNsWlthKvbtUZoZCmSJOkk30qCwsXKB98CMh3UB0nlu0icqtSBTQqt8HZtVNG86Ux8SLxunz96vDl2W_Dwz7XMEi6YwNg8R2m_3045849649076721.mp4,5754005,0306d51a0d3a7c22df7f59fd1fa67ac8d43432c2,mp4,moved/court/fb/files/facebook-potentiallycursed85-2025-08-18-FbdI23EK/your_facebook_activity/messages/inbox/amdgeneraldiscussion_1475777842546415/videos,7.801,f,confirmed unreadable: extension names a marker format but the head is random bytes,"head 4 KiB read (b2 ranged GET) -> no format marker, not text, entropy 7.801; twin search by same file name + same size: 1 other hash(es) probed, 0 intact, 1 not readable in B2; other-size copies of the name in the catalog: 0 (find_other_version would propose these for review; none is a same-size twin); no repair engine exists for this type"
B_unreadable_no_twin,moved/court/fb/files/facebook-potentiallycursed85-2025-08-18-FbdI23EK/your_facebook_activity/messages/inbox/amdgeneraldiscussion_1475777842546415/videos/AQMgTWcbVQfntKsD8nlINSMl8f_L8MzF4ZaIyUwfVZyRStz6MX2hvUiT7Qaodcs3hNvd7iXJDCUEFinxUhMYL6GOU5y9fh2jO2XjsJbsJ5yet3_1287473741734998.mp4,consignatio/vault/v1/moved/court/fb/files/facebook-potentiallycursed85-2025-08-18-FbdI23EK/your_facebook_activity/messages/inbox/amdgeneraldiscussion_1475777842546415/videos/AQMgTWcbVQfntKsD8nlINSMl8f_L8MzF4ZaIyUwfVZyRStz6MX2hvUiT7Qaodcs3hNvd7iXJDCUEFinxUhMYL6GOU5y9fh2jO2XjsJbsJ5yet3_1287473741734998.mp4,3189053,a8865ae41ca87a2e62c3bba48f6ea28ca872aa79,mp4,moved/court/fb/files/facebook-potentiallycursed85-2025-08-18-FbdI23EK/your_facebook_activity/messages/inbox/amdgeneraldiscussion_1475777842546415/videos,7.949,f,confirmed unreadable: extension names a marker format but the head is random bytes,"head 4 KiB read (b2 ranged GET) -> no format marker, not text, entropy 7.949; twin search by same file name + same size: 1 other hash(es) probed, 0 intact, 1 not readable in B2; other-size copies of the name in the catalog: 0 (find_other_version would propose these for review; none is a same-size twin); no repair engine exists for this type"
B_unreadable_no_twin,moved/court/fb/files/facebook-potentiallycursed85-2025-08-18-FbdI23EK/your_facebook_activity/messages/inbox/amdgeneraldiscussion_1475777842546415/videos/AQMQnhhuXmsUCnJX3WKpFACS7Vj0CunTRT8kJsY4WjS9FCsLopcX_HS1E4sP8r1TH3vVMXnHf2zqj2SjyZEB07lyg8IKhVz6aZ0HXjr3xcHxwp_1311661889668380.mp4,consignatio/vault/v1/moved/court/fb/files/facebook-potentiallycursed85-2025-08-18-FbdI23EK/your_facebook_activity/messages/inbox/amdgeneraldiscussion_1475777842546415/videos/AQMQnhhuXmsUCnJX3WKpFACS7Vj0CunTRT8kJsY4WjS9FCsLopcX_HS1E4sP8r1TH3vVMXnHf2zqj2SjyZEB07lyg8IKhVz6aZ0HXjr3xcHxwp_1311661889668380.mp4,1650223,8fd4357bff45a0a025b6e2735a64fc5138c8a4a7,mp4,moved/court/fb/files/facebook-potentiallycursed85-2025-08-18-FbdI23EK/your_facebook_activity/messages/inbox/amdgeneraldiscussion_1475777842546415/videos,7.953,f,confirmed unreadable: extension names a marker format but the head is random bytes,"head 4 KiB read (b2 ranged GET) -> no format marker, not text, entropy 7.953; twin search by same file name + same size: 1 other hash(es) probed, 0 intact, 1 not readable in B2; other-size copies of the name in the catalog: 0 (find_other_version would propose these for review; none is a same-size twin); no repair engine exists for this type"
B_unreadable_no_twin,moved/court/fb/files/facebook-potentiallycursed85-2025-08-18-FbdI23EK/your_facebook_activity/messages/inbox/amdgeneraldiscussion_1475777842546415/videos/AQNJQC4Ga54cEamQJMUSaHPFElE4PTb5HHWZR4JDI3guPzlJNtTmgcXTM_ZG6WDKVkKQTOj7Jh0rHnN7l9lOHCMpJVk9DsutoCoSsdHDid1Yba_748139862810527.mp4,consignatio/vault/v1/moved/court/fb/files/facebook-potentiallycursed85-2025-08-18-FbdI23EK/your_facebook_activity/messages/inbox/amdgeneraldiscussion_1475777842546415/videos/AQNJQC4Ga54cEamQJMUSaHPFElE4PTb5HHWZR4JDI3guPzlJNtTmgcXTM_ZG6WDKVkKQTOj7Jh0rHnN7l9lOHCMpJVk9DsutoCoSsdHDid1Yba_748139862810527.mp4,1230235,b80c3761b5d49b6eb70077df0ad3e79d97c48e17,mp4,moved/court/fb/files/facebook-potentiallycursed85-2025-08-18-FbdI23EK/your_facebook_activity/messages/inbox/amdgeneraldiscussion_1475777842546415/videos,7.949,f,confirmed unreadable: extension names a marker format but the head is random bytes,"head 4 KiB read (b2 ranged GET) -> no format marker, not text, entropy 7.949; twin search by same file name + same size: 1 other hash(es) probed, 0 intact, 1 not readable in B2; other-size copies of the name in the catalog: 0 (find_other_version would propose these for review; none is a same-size twin); no repair engine exists for this type"
B_unreadable_no_twin,moved/court/fb/files/facebook-potentiallycursed85-2025-08-18-FbdI23EK/your_facebook_activity/messages/inbox/amdgeneraldiscussion_1475777842546415/videos/AQNq8J0PRWNCTo0vFlIH0RryaeUy83LFwyP0cZN21UOhLo32NlaInpelgR84aICmDE0TJdu_Yutvw5Fl3si1_SMJ7Pm45sHI0zi6z5qAI0S7G0_302820568561125.mp4,consignatio/vault/v1/moved/court/fb/files/facebook-potentiallycursed85-2025-08-18-FbdI23EK/your_facebook_activity/messages/inbox/amdgeneraldiscussion_1475777842546415/videos/AQNq8J0PRWNCTo0vFlIH0RryaeUy83LFwyP0cZN21UOhLo32NlaInpelgR84aICmDE0TJdu_Yutvw5Fl3si1_SMJ7Pm45sHI0zi6z5qAI0S7G0_302820568561125.mp4,945835,a9ee34359428f8989cd70399d30ed6b832b20895,mp4,moved/court/fb/files/facebook-potentiallycursed85-2025-08-18-FbdI23EK/your_facebook_activity/messages/inbox/amdgeneraldiscussion_1475777842546415/videos,7.835,f,confirmed unreadable: extension names a marker format but the head is random bytes,"head 4 KiB read (b2 ranged GET) -> no format marker, not text, entropy 7.835; twin search by same file name + same size: 1 other hash(es) probed, 0 intact, 1 not readable in B2; other-size copies of the name in the catalog: 0 (find_other_version would propose these for review; none is a same-size twin); no repair engine exists for this type"
B_unreadable_no_twin,moved/court/fb/files/facebook-potentiallycursed85-2025-08-18-FbdI23EK/your_facebook_activity/messages/inbox/amdgeneraldiscussion_1475777842546415/videos/AQNSMfDVcv1puGehrMBHl6BUxVmxiO5UDkCpGch35vpLux83FtzhHhc00sFdsaMyJNOqwFJbNgL_dNX3Gf4ksT6_cnQaYEdMqgIxTE6auJZ0uW_990536338549138.mp4,consignatio/vault/v1/moved/court/fb/files/facebook-potentiallycursed85-2025-08-18-FbdI23EK/your_facebook_activity/messages/inbox/amdgeneraldiscussion_1475777842546415/videos/AQNSMfDVcv1puGehrMBHl6BUxVmxiO5UDkCpGch35vpLux83FtzhHhc00sFdsaMyJNOqwFJbNgL_dNX3Gf4ksT6_cnQaYEdMqgIxTE6auJZ0uW_990536338549138.mp4,1480025,ff2fc8f0425d919f6d84296a43bc292024277f13,mp4,moved/court/fb/files/facebook-potentiallycursed85-2025-08-18-FbdI23EK/your_facebook_activity/messages/inbox/amdgeneraldiscussion_1475777842546415/videos,7.952,f,confirmed unreadable: extension names a marker format but the head is random bytes,"head 4 KiB read (b2 ranged GET) -> no format marker, not text, entropy 7.952; twin search by same file name + same size: 1 other hash(es) probed, 0 intact, 1 not readable in B2; other-size copies of the name in the catalog: 0 (find_other_version would propose these for review; none is a same-size twin); no repair engine exists for this type"
B_unreadable_no_twin,moved/court/fb/files/facebook-potentiallycursed85-2025-08-18-FbdI23EK/your_facebook_activity/messages/inbox/amdgeneraldiscussion_1475777842546415/videos/AQNVLyKNfUKAf9WV4U2CA8pNU4ftxEpmJfpSQYoGEEuTnPlDBi0it2bQyClE4A8k_BnmjMSBkyLzwE2V8CvpJjaSL8cKpmxwhCykFLavRo4s5z_1422974108162983.mp4,consignatio/vault/v1/moved/court/fb/files/facebook-potentiallycursed85-2025-08-18-FbdI23EK/your_facebook_activity/messages/inbox/amdgeneraldiscussion_1475777842546415/videos/AQNVLyKNfUKAf9WV4U2CA8pNU4ftxEpmJfpSQYoGEEuTnPlDBi0it2bQyClE4A8k_BnmjMSBkyLzwE2V8CvpJjaSL8cKpmxwhCykFLavRo4s5z_1422974108162983.mp4,2756931,2ed79ae0047b087bbf46425c3b5ce2f3a44fd6ed,mp4,moved/court/fb/files/facebook-potentiallycursed85-2025-08-18-FbdI23EK/your_facebook_activity/messages/inbox/amdgeneraldiscussion_1475777842546415/videos,7.952,f,confirmed unreadable: extension names a marker format but the head is random bytes,"head 4 KiB read (b2 ranged GET) -> no format marker, not text, entropy 7.952; twin search by same file name + same size: 1 other hash(es) probed, 0 intact, 1 not readable in B2; other-size copies of the name in the catalog: 0 (find_other_version would propose these for review; none is a same-size twin); no repair engine exists for this type"
B_unreadable_no_twin,moved/court/fb/files/facebook-potentiallycursed85-2025-08-18-FbdI23EK/your_facebook_activity/messages/inbox/amdgeneraldiscussion_1475777842546415/videos/AQNZa0e6vliVcVinfbDU_BanVXWbr5vJhq8dQMS5XO9v4J7p9kk1i4qAekg13ZKpiv9HHfwdyDupVHft1kUyV8n9zlIaAaOhQ8BqEGUTrlCdhB_1097413661018165.mp4,consignatio/vault/v1/moved/court/fb/files/facebook-potentiallycursed85-2025-08-18-FbdI23EK/your_facebook_activity/messages/inbox/amdgeneraldiscussion_1475777842546415/videos/AQNZa0e6vliVcVinfbDU_BanVXWbr5vJhq8dQMS5XO9v4J7p9kk1i4qAekg13ZKpiv9HHfwdyDupVHft1kUyV8n9zlIaAaOhQ8BqEGUTrlCdhB_1097413661018165.mp4,3520987,814ead5eefd6393d75a2711aef66d412ac774997,mp4,moved/court/fb/files/facebook-potentiallycursed85-2025-08-18-FbdI23EK/your_facebook_activity/messages/inbox/amdgeneraldiscussion_1475777842546415/videos,7.946,f,confirmed unreadable: extension names a marker format but the head is random bytes,"head 4 KiB read (b2 ranged GET) -> no format marker, not text, entropy 7.946; twin search by same file name + same size: 1 other hash(es) probed, 0 intact, 1 not readable in B2; other-size copies of the name in the catalog: 0 (find_other_version would propose these for review; none is a same-size twin); no repair engine exists for this type"
B_unreadable_no_twin,moved/court/fb/files/facebook-potentiallycursed85-2025-08-18-FbdI23EK/your_facebook_activity/messages/inbox/amdgeneraldiscussion_1475777842546415/videos/AQO1ycxOXNc9kHqWDuahCwzYrWQwl8oltG3i0pX_ddSw6OOF6G9XlKBYX9RMSi8ZgStzM_DxKoz8YN7ndnXPdZuUVfEx8bVQ0eR6hY0kKePRYX_390565189536439.mp4,consignatio/vault/v1/moved/court/fb/files/facebook-potentiallycursed85-2025-08-18-FbdI23EK/your_facebook_activity/messages/inbox/amdgeneraldiscussion_1475777842546415/videos/AQO1ycxOXNc9kHqWDuahCwzYrWQwl8oltG3i0pX_ddSw6OOF6G9XlKBYX9RMSi8ZgStzM_DxKoz8YN7ndnXPdZuUVfEx8bVQ0eR6hY0kKePRYX_390565189536439.mp4,1168147,9a90da06f02ffab6700fc3afce475b497aff1784,mp4,moved/court/fb/files/facebook-potentiallycursed85-2025-08-18-FbdI23EK/your_facebook_activity/messages/inbox/amdgeneraldiscussion_1475777842546415/videos,7.958,f,confirmed unreadable: extension names a marker format but the head is random bytes,"head 4 KiB read (b2 ranged GET) -> no format marker, not text, entropy 7.958; twin search by same file name + same size: 1 other hash(es) probed, 0 intact, 1 not readable in B2; other-size copies of the name in the catalog: 0 (find_other_version would propose these for review; none is a same-size twin); no repair engine exists for this type"
B_unreadable_no_twin,moved/court/fb/files/facebook-potentiallycursed85-2025-08-18-FbdI23EK/your_facebook_activity/messages/inbox/amdgeneraldiscussion_1475777842546415/videos/AQO2Nq67q6UeW7Tm__jFX2EBwt8V6tupcSkwHxDAZFD8ThVkrRgGKCU06kV41IpzDMFsenvAcmFYkWbZF7i8aV8wmU6hqs6j7o5LJwckJcuFOV_634671304405710.mp4,consignatio/vault/v1/moved/court/fb/files/facebook-potentiallycursed85-2025-08-18-FbdI23EK/your_facebook_activity/messages/inbox/amdgeneraldiscussion_1475777842546415/videos/AQO2Nq67q6UeW7Tm__jFX2EBwt8V6tupcSkwHxDAZFD8ThVkrRgGKCU06kV41IpzDMFsenvAcmFYkWbZF7i8aV8wmU6hqs6j7o5LJwckJcuFOV_634671304405710.mp4,553119,ff94da1aaae3da71f0b4cd7f3b1e236f7d3261bd,mp4,moved/court/fb/files/facebook-potentiallycursed85-2025-08-18-FbdI23EK/your_facebook_activity/messages/inbox/amdgeneraldiscussion_1475777842546415/videos,7.956,f,confirmed unreadable: extension names a marker format but the head is random bytes,"head 4 KiB read (b2 ranged GET) -> no format marker, not text, entropy 7.956; twin search by same file name + same size: 1 other hash(es) probed, 0 intact, 1 not readable in B2; other-size copies of the name in the catalog: 0 (find_other_version would propose these for review; none is a same-size twin); no repair engine exists for this type"
B_unreadable_no_twin,moved/court/fb/files/facebook-potentiallycursed85-2025-08-18-FbdI23EK/your_facebook_activity/messages/inbox/amdgeneraldiscussion_1475777842546415/videos/AQO7qz8XEZzLEpv7dXEqUUyKETyQNQZWDI_n7HT9NlTQ8oxVYbGU4V1cLzJGOSkNTxSvnrRiUb_7qOR88kRokuO2NMHwkiG_wBxLJKVE6t2TqH_661205471965779.mp4,consignatio/vault/v1/moved/court/fb/files/facebook-potentiallycursed85-2025-08-18-FbdI23EK/your_facebook_activity/messages/inbox/amdgeneraldiscussion_1475777842546415/videos/AQO7qz8XEZzLEpv7dXEqUUyKETyQNQZWDI_n7HT9NlTQ8oxVYbGU4V1cLzJGOSkNTxSvnrRiUb_7qOR88kRokuO2NMHwkiG_wBxLJKVE6t2TqH_661205471965779.mp4,1258225,038e854bd8d05bcd3f39b97a403c424c87d37770,mp4,moved/court/fb/files/facebook-potentiallycursed85-2025-08-18-FbdI23EK/your_facebook_activity/messages/inbox/amdgeneraldiscussion_1475777842546415/videos,7.668,f,confirmed unreadable: extension names a marker format but the head is random bytes,"head 4 KiB read (b2 ranged GET) -> no format marker, not text, entropy 7.668; twin search by same file name + same size: 1 other hash(es) probed, 0 intact, 1 not readable in B2; other-size copies of the name in the catalog: 0 (find_other_version would propose these for review; none is a same-size twin); no repair engine exists for this type"
B_unreadable_no_twin,moved/court/fb/files/facebook-potentiallycursed85-2025-08-18-FbdI23EK/your_facebook_activity/messages/inbox/amdgeneraldiscussion_1475777842546415/videos/AQOhwbA_f596vRYquJ6qifrLivAJ7iSLR2LsvJKJPqA3ukqKNrDqq_ehhfqGIKowqMIwM1bt_Nc4qAb6LtCAW4fatcM4Jk27vn7txJHTZkAUKC_627507561799383.mp4,consignatio/vault/v1/moved/court/fb/files/facebook-potentiallycursed85-2025-08-18-FbdI23EK/your_facebook_activity/messages/inbox/amdgeneraldiscussion_1475777842546415/videos/AQOhwbA_f596vRYquJ6qifrLivAJ7iSLR2LsvJKJPqA3ukqKNrDqq_ehhfqGIKowqMIwM1bt_Nc4qAb6LtCAW4fatcM4Jk27vn7txJHTZkAUKC_627507561799383.mp4,7739008,470110bffb8d40d9d7479c6ab64075b439c57b70,mp4,moved/court/fb/files/facebook-potentiallycursed85-2025-08-18-FbdI23EK/your_facebook_activity/messages/inbox/amdgeneraldiscussion_1475777842546415/videos,7.957,f,confirmed unreadable: extension names a marker format but the head is random bytes,"head 4 KiB read (b2 ranged GET) -> no format marker, not text, entropy 7.957; twin search by same file name + same size: 1 other hash(es) probed, 0 intact, 1 not readable in B2; other-size copies of the name in the catalog: 0 (find_other_version would propose these for review; none is a same-size twin); no repair engine exists for this type"
B_unreadable_no_twin,moved/court/fb/files/facebook-potentiallycursed85-2025-08-18-FbdI23EK/your_facebook_activity/messages/inbox/amdgeneraldiscussion_1475777842546415/videos/AQOiMaqQiAxe35BNs0TV_SOQwXuDBTL4LaxQuH5BDTBe8scT3_Tw6KHydTMd9YTEiUx_DY9nompP8ZGNqRm4jJBrU3yimoOhPNryr7GfZQynSC_965759531010430.mp4,consignatio/vault/v1/moved/court/fb/files/facebook-potentiallycursed85-2025-08-18-FbdI23EK/your_facebook_activity/messages/inbox/amdgeneraldiscussion_1475777842546415/videos/AQOiMaqQiAxe35BNs0TV_SOQwXuDBTL4LaxQuH5BDTBe8scT3_Tw6KHydTMd9YTEiUx_DY9nompP8ZGNqRm4jJBrU3yimoOhPNryr7GfZQynSC_965759531010430.mp4,2628240,38b764ee1f51c2ea54b59be4c78e72879fd51294,mp4,moved/court/fb/files/facebook-potentiallycursed85-2025-08-18-FbdI23EK/your_facebook_activity/messages/inbox/amdgeneraldiscussion_1475777842546415/videos,7.955,f,confirmed unreadable: extension names a marker format but the head is random bytes,"head 4 KiB read (b2 ranged GET) -> no format marker, not text, entropy 7.955; twin search by same file name + same size: 1 other hash(es) probed, 0 intact, 1 not readable in B2; other-size copies of the name in the catalog: 0 (find_other_version would propose these for review; none is a same-size twin); no repair engine exists for this type"
B_unreadable_no_twin,moved/court/fb/files/facebook-potentiallycursed85-2025-08-18-FbdI23EK/your_facebook_activity/messages/inbox/amdgeneraldiscussion_1475777842546415/videos/AQOrmFxwoNvwuuLdMy3IIqNlXGwsbDqPJjxolq5Z5EJk8858nIHZoUUME1figKKgh5Eoi3jqaYBTIM_soPFXTIm_PzekwV0i6KkOKewymtrTzs_623923042195771.mp4,consignatio/vault/v1/moved/court/fb/files/facebook-potentiallycursed85-2025-08-18-FbdI23EK/your_facebook_activity/messages/inbox/amdgeneraldiscussion_1475777842546415/videos/AQOrmFxwoNvwuuLdMy3IIqNlXGwsbDqPJjxolq5Z5EJk8858nIHZoUUME1figKKgh5Eoi3jqaYBTIM_soPFXTIm_PzekwV0i6KkOKewymtrTzs_623923042195771.mp4,571866,212d25cbc907841eca7583c9353ba94e38c17120,mp4,moved/court/fb/files/facebook-potentiallycursed85-2025-08-18-FbdI23EK/your_facebook_activity/messages/inbox/amdgeneraldiscussion_1475777842546415/videos,7.791,f,confirmed unreadable: extension names a marker format but the head is random bytes,"head 4 KiB read (b2 ranged GET) -> no format marker, not text, entropy 7.791; twin search by same file name + same size: 1 other hash(es) probed, 0 intact, 1 not readable in B2; other-size copies of the name in the catalog: 0 (find_other_version would propose these for review; none is a same-size twin); no repair engine exists for this type"
B_unreadable_no_twin,moved/court/fb/files/facebook-potentiallycursed85-2025-08-18-FbdI23EK/your_facebook_activity/messages/inbox/amdgeneraldiscussion_1475777842546415/videos/AQORoY1LBwZJ_TkvyO24A7FN6D5r3aiyQ1tAmdLhWglO5iVpkN3hLXCRsKonLKqzeqEF2vfTI09Sc7Ob6i0C3XvQdrY9aXAVftOM6Wm5SuquWA_636443654071425.mp4,consignatio/vault/v1/moved/court/fb/files/facebook-potentiallycursed85-2025-08-18-FbdI23EK/your_facebook_activity/messages/inbox/amdgeneraldiscussion_1475777842546415/videos/AQORoY1LBwZJ_TkvyO24A7FN6D5r3aiyQ1tAmdLhWglO5iVpkN3hLXCRsKonLKqzeqEF2vfTI09Sc7Ob6i0C3XvQdrY9aXAVftOM6Wm5SuquWA_636443654071425.mp4,732919,e15787e5fcf2f62a12dd05e22878aaf4ebb8e863,mp4,moved/court/fb/files/facebook-potentiallycursed85-2025-08-18-FbdI23EK/your_facebook_activity/messages/inbox/amdgeneraldiscussion_1475777842546415/videos,7.961,f,confirmed unreadable: extension names a marker format but the head is random bytes,"head 4 KiB read (b2 ranged GET) -> no format marker, not text, entropy 7.961; twin search by same file name + same size: 1 other hash(es) probed, 0 intact, 1 not readable in B2; other-size copies of the name in the catalog: 0 (find_other_version would propose these for review; none is a same-size twin); no repair engine exists for this type"
B_unreadable_no_twin,moved/court/fb/files/facebook-potentiallycursed85-2025-08-18-FbdI23EK/your_facebook_activity/messages/inbox/amdgeneraldiscussion_1475777842546415/videos/AQOTEQfNFY16tY39WzhwEF5vEjhjbnun_HquMZwhnPdkEEpzfRnWnudMQdJ9Sh2NDb0jCf58oUReKK9ZrcPELWlSbYiWR5DCO5JyzBZzaZJW9G_4565862543524092.mp4,consignatio/vault/v1/moved/court/fb/files/facebook-potentiallycursed85-2025-08-18-FbdI23EK/your_facebook_activity/messages/inbox/amdgeneraldiscussion_1475777842546415/videos/AQOTEQfNFY16tY39WzhwEF5vEjhjbnun_HquMZwhnPdkEEpzfRnWnudMQdJ9Sh2NDb0jCf58oUReKK9ZrcPELWlSbYiWR5DCO5JyzBZzaZJW9G_4565862543524092.mp4,750470,50f0c597a76b4442751d6b807568d4bb391dd952,mp4,moved/court/fb/files/facebook-potentiallycursed85-2025-08-18-FbdI23EK/your_facebook_activity/messages/inbox/amdgeneraldiscussion_1475777842546415/videos,7.521,f,confirmed unreadable: extension names a marker format but the head is random bytes,"head 4 KiB read (b2 ranged GET) -> no format marker, not text, entropy 7.521; twin search by same file name + same size: 1 other hash(es) probed, 0 intact, 1 not readable in B2; other-size copies of the name in the catalog: 0 (find_other_version would propose these for review; none is a same-size twin); no repair engine exists for this type"
B_unreadable_no_twin,moved/court/fb/files/facebook-potentiallycursed85-2025-08-18-FbdI23EK/your_facebook_activity/messages/inbox/amdgeneraldiscussion_1475777842546415/videos/AQOyPBlo5RzIEQ5ZyZoZXobBocz1OrrIoPdEk8tWDgJTR6TkYo5CNK0s8aWOMQWyLZuNwqd7Il7sLGwEgGbtQrqflWeCYY__wHq_MMdoNoVhdW_609426130141863.mp4,consignatio/vault/v1/moved/court/fb/files/facebook-potentiallycursed85-2025-08-18-FbdI23EK/your_facebook_activity/messages/inbox/amdgeneraldiscussion_1475777842546415/videos/AQOyPBlo5RzIEQ5ZyZoZXobBocz1OrrIoPdEk8tWDgJTR6TkYo5CNK0s8aWOMQWyLZuNwqd7Il7sLGwEgGbtQrqflWeCYY__wHq_MMdoNoVhdW_609426130141863.mp4,1455260,7d7c2ac37892f4b587a4ce587b4293b07b44cf43,mp4,moved/court/fb/files/facebook-potentiallycursed85-2025-08-18-FbdI23EK/your_facebook_activity/messages/inbox/amdgeneraldiscussion_1475777842546415/videos,7.963,f,confirmed unreadable: extension names a marker format but the head is random bytes,"head 4 KiB read (b2 ranged GET) -> no format marker, not text, entropy 7.963; twin search by same file name + same size: 1 other hash(es) probed, 0 intact, 1 not readable in B2; other-size copies of the name in the catalog: 0 (find_other_version would propose these for review; none is a same-size twin); no repair engine exists for this type"
B_unreadable_no_twin,moved/court/fb/files/facebook-potentiallycursed85-2025-08-18-FbdI23EK/your_facebook_activity/messages/inbox/amdgeneraldiscussion_1475777842546415/videos/AQP2oXeTltvASnCVCFt3zlv_MF0iJTD6g14HGLi5koaXPMrVadBJfAgFiuOfxu8vfu1EXwgmF0SjpMypv0XQgjSeiVoKSu_UnAK28JrXm0jaHR_955534855398142.mp4,consignatio/vault/v1/moved/court/fb/files/facebook-potentiallycursed85-2025-08-18-FbdI23EK/your_facebook_activity/messages/inbox/amdgeneraldiscussion_1475777842546415/videos/AQP2oXeTltvASnCVCFt3zlv_MF0iJTD6g14HGLi5koaXPMrVadBJfAgFiuOfxu8vfu1EXwgmF0SjpMypv0XQgjSeiVoKSu_UnAK28JrXm0jaHR_955534855398142.mp4,970869,d8a18789726252e9b26ab4d7c1f5d9dddafefda8,mp4,moved/court/fb/files/facebook-potentiallycursed85-2025-08-18-FbdI23EK/your_facebook_activity/messages/inbox/amdgeneraldiscussion_1475777842546415/videos,7.936,f,confirmed unreadable: extension names a marker format but the head is random bytes,"head 4 KiB read (b2 ranged GET) -> no format marker, not text, entropy 7.936; twin search by same file name + same size: 1 other hash(es) probed, 0 intact, 1 not readable in B2; other-size copies of the name in the catalog: 0 (find_other_version would propose these for review; none is a same-size twin); no repair engine exists for this type"
B_unreadable_no_twin,moved/court/fb/files/facebook-potentiallycursed85-2025-08-18-FbdI23EK/your_facebook_activity/messages/inbox/amdgeneraldiscussion_1475777842546415/videos/AQP7O1SxcbTxPpERMNNVM4elekuG1xHZGZ90SR1Mkb2Bw7_pVR_2HWz6_SvhWVenGWFknaPaFL6Qd5gNWadGgVYrEJC1o7RpxBmAZomeAhGxxV_461093068902407.mp4,consignatio/vault/v1/moved/court/fb/files/facebook-potentiallycursed85-2025-08-18-FbdI23EK/your_facebook_activity/messages/inbox/amdgeneraldiscussion_1475777842546415/videos/AQP7O1SxcbTxPpERMNNVM4elekuG1xHZGZ90SR1Mkb2Bw7_pVR_2HWz6_SvhWVenGWFknaPaFL6Qd5gNWadGgVYrEJC1o7RpxBmAZomeAhGxxV_461093068902407.mp4,1473176,01ab7bb6241138f353a0c747013f40b2f81d15d1,mp4,moved/court/fb/files/facebook-potentiallycursed85-2025-08-18-FbdI23EK/your_facebook_activity/messages/inbox/amdgeneraldiscussion_1475777842546415/videos,7.947,f,confirmed unreadable: extension names a marker format but the head is random bytes,"head 4 KiB read (b2 ranged GET) -> no format marker, not text, entropy 7.947; twin search by same file name + same size: 1 other hash(es) probed, 0 intact, 1 not readable in B2; other-size copies of the name in the catalog: 0 (find_other_version would propose these for review; none is a same-size twin); no repair engine exists for this type"
B_unreadable_no_twin,moved/court/fb/files/facebook-potentiallycursed85-2025-08-18-FbdI23EK/your_facebook_activity/messages/inbox/amdgeneraldiscussion_1475777842546415/videos/AQP8_LRY4bSzHBMZQF1BVnSk8YyjiMDy41vnqU5XgB9CMMnKD3qFQ2gMQNnniX0XLREfmdNb01fjapfTzm5HumnEXdCaTycB7s8M6KwGeEOQqY_1153931465376808.mp4,consignatio/vault/v1/moved/court/fb/files/facebook-potentiallycursed85-2025-08-18-FbdI23EK/your_facebook_activity/messages/inbox/amdgeneraldiscussion_1475777842546415/videos/AQP8_LRY4bSzHBMZQF1BVnSk8YyjiMDy41vnqU5XgB9CMMnKD3qFQ2gMQNnniX0XLREfmdNb01fjapfTzm5HumnEXdCaTycB7s8M6KwGeEOQqY_1153931465376808.mp4,8626777,1dbf6e81437498790b3d72e3ca3ba4ae5a9a8cc6,mp4,moved/court/fb/files/facebook-potentiallycursed85-2025-08-18-FbdI23EK/your_facebook_activity/messages/inbox/amdgeneraldiscussion_1475777842546415/videos,7.891,f,confirmed unreadable: extension names a marker format but the head is random bytes,"head 4 KiB read (b2 ranged GET) -> no format marker, not text, entropy 7.891; twin search by same file name + same size: 1 other hash(es) probed, 0 intact, 1 not readable in B2; other-size copies of the name in the catalog: 0 (find_other_version would propose these for review; none is a same-size twin); no repair engine exists for this type"
B_unreadable_no_twin,moved/court/fb/files/facebook-potentiallycursed85-2025-08-18-FbdI23EK/your_facebook_activity/messages/inbox/amdgeneraldiscussion_1475777842546415/videos/AQPbxy7iI0WBXkU08L8CnqcbngeNCDt0fuVjoQGTtUDvkIa8UnvFCln02BCqkeyTrtO2YB2aiP8AbI_E12YBLx7zvh_l5jmWBVQ05e_IXiA_li_1853885408140758.mp4,consignatio/vault/v1/moved/court/fb/files/facebook-potentiallycursed85-2025-08-18-FbdI23EK/your_facebook_activity/messages/inbox/amdgeneraldiscussion_1475777842546415/videos/AQPbxy7iI0WBXkU08L8CnqcbngeNCDt0fuVjoQGTtUDvkIa8UnvFCln02BCqkeyTrtO2YB2aiP8AbI_E12YBLx7zvh_l5jmWBVQ05e_IXiA_li_1853885408140758.mp4,3485660,32fd95e517fbccde4ab665c5f8e4ad0d3c738e91,mp4,moved/court/fb/files/facebook-potentiallycursed85-2025-08-18-FbdI23EK/your_facebook_activity/messages/inbox/amdgeneraldiscussion_1475777842546415/videos,7.954,f,confirmed unreadable: extension names a marker format but the head is random bytes,"head 4 KiB read (b2 ranged GET) -> no format marker, not text, entropy 7.954; twin search by same file name + same size: 1 other hash(es) probed, 0 intact, 1 not readable in B2; other-size copies of the name in the catalog: 0 (find_other_version would propose these for review; none is a same-size twin); no repair engine exists for this type"
B_unreadable_no_twin,moved/court/fb/files/facebook-potentiallycursed85-2025-08-18-FbdI23EK/your_facebook_activity/messages/inbox/amdgeneraldiscussion_1475777842546415/videos/AQPcJdtuqcIWvtqSl7OxQEnLN5kZqnL28HJeollSDjgone0PGhQ1b2TIdjTc3FLGqRj2QG5OjsBFvbZ9WO5P2STCmCoW7pJ882K9Bx4LEqBiXC_1598014633898753.mp4,consignatio/vault/v1/moved/court/fb/files/facebook-potentiallycursed85-2025-08-18-FbdI23EK/your_facebook_activity/messages/inbox/amdgeneraldiscussion_1475777842546415/videos/AQPcJdtuqcIWvtqSl7OxQEnLN5kZqnL28HJeollSDjgone0PGhQ1b2TIdjTc3FLGqRj2QG5OjsBFvbZ9WO5P2STCmCoW7pJ882K9Bx4LEqBiXC_1598014633898753.mp4,922970,92c56140364b96b3cf2a1a0c3d35e470d3f57149,mp4,moved/court/fb/files/facebook-potentiallycursed85-2025-08-18-FbdI23EK/your_facebook_activity/messages/inbox/amdgeneraldiscussion_1475777842546415/videos,7.95,f,confirmed unreadable: extension names a marker format but the head is random bytes,"head 4 KiB read (b2 ranged GET) -> no format marker, not text, entropy 7.95; twin search by same file name + same size: 1 other hash(es) probed, 0 intact, 1 not readable in B2; other-size copies of the name in the catalog: 0 (find_other_version would propose these for review; none is a same-size twin); no repair engine exists for this type"
B_unreadable_no_twin,moved/court/fb/files/facebook-potentiallycursed85-2025-08-18-FbdI23EK/your_facebook_activity/messages/inbox/amdgeneraldiscussion_1475777842546415/videos/AQPKtvDlQGnRKoXtdWNljSwvwhaGlbafav7erGxUJZJUR8Z0S7RbCiYOyOtGNrllKNsQHYSA1o8vgIbdWuNPDYXqxdhOT1NrKJnlO0mY_Vy9sx_795752655154487.mp4,consignatio/vault/v1/moved/court/fb/files/facebook-potentiallycursed85-2025-08-18-FbdI23EK/your_facebook_activity/messages/inbox/amdgeneraldiscussion_1475777842546415/videos/AQPKtvDlQGnRKoXtdWNljSwvwhaGlbafav7erGxUJZJUR8Z0S7RbCiYOyOtGNrllKNsQHYSA1o8vgIbdWuNPDYXqxdhOT1NrKJnlO0mY_Vy9sx_795752655154487.mp4,2211458,2caaee8e6d4af213b2c4364dd6c19a2d303563df,mp4,moved/court/fb/files/facebook-potentiallycursed85-2025-08-18-FbdI23EK/your_facebook_activity/messages/inbox/amdgeneraldiscussion_1475777842546415/videos,7.89,f,confirmed unreadable: extension names a marker format but the head is random bytes,"head 4 KiB read (b2 ranged GET) -> no format marker, not text, entropy 7.89; twin search by same file name + same size: 1 other hash(es) probed, 0 intact, 1 not readable in B2; other-size copies of the name in the catalog: 0 (find_other_version would propose these for review; none is a same-size twin); no repair engine exists for this type"
B_unreadable_no_twin,moved/court/fb/files/facebook-potentiallycursed85-2025-08-18-FbdI23EK/your_facebook_activity/messages/inbox/amdgeneraldiscussion_1475777842546415/videos/AQPmiZcyyznbjwr8wf6AfGlgPWkhJPTEXWF1utPk0XQQUTHJCcb3rQqw1VG63QJvZ8o1L0YIr39YRcHzEIDXHpsNuhGL1J2FG0ruxKW88fqxzz_436305697855401.mp4,consignatio/vault/v1/moved/court/fb/files/facebook-potentiallycursed85-2025-08-18-FbdI23EK/your_facebook_activity/messages/inbox/amdgeneraldiscussion_1475777842546415/videos/AQPmiZcyyznbjwr8wf6AfGlgPWkhJPTEXWF1utPk0XQQUTHJCcb3rQqw1VG63QJvZ8o1L0YIr39YRcHzEIDXHpsNuhGL1J2FG0ruxKW88fqxzz_436305697855401.mp4,1243188,928c6ce072cf7c7a3f3d3dd434b13518f48ec2a7,mp4,moved/court/fb/files/facebook-potentiallycursed85-2025-08-18-FbdI23EK/your_facebook_activity/messages/inbox/amdgeneraldiscussion_1475777842546415/videos,7.951,f,confirmed unreadable: extension names a marker format but the head is random bytes,"head 4 KiB read (b2 ranged GET) -> no format marker, not text, entropy 7.951; twin search by same file name + same size: 1 other hash(es) probed, 0 intact, 1 not readable in B2; other-size copies of the name in the catalog: 0 (find_other_version would propose these for review; none is a same-size twin); no repair engine exists for this type"
B_unreadable_no_twin,moved/court/fb/files/facebook-potentiallycursed85-2025-08-18-FbdI23EK/your_facebook_activity/messages/inbox/amdgeneraldiscussion_1475777842546415/videos/AQP_pIUX_tsNzovVVNM5Sg2wcRprYSuACbQCyku7cfVnYVtRKFO2gfm44fhbWL37p3MOjfLKckcXz3Q82z4t35OLv78IAuA51MZcXTTlrfcod8_257413093137064.mp4,consignatio/vault/v1/moved/court/fb/files/facebook-potentiallycursed85-2025-08-18-FbdI23EK/your_facebook_activity/messages/inbox/amdgeneraldiscussion_1475777842546415/videos/AQP_pIUX_tsNzovVVNM5Sg2wcRprYSuACbQCyku7cfVnYVtRKFO2gfm44fhbWL37p3MOjfLKckcXz3Q82z4t35OLv78IAuA51MZcXTTlrfcod8_257413093137064.mp4,18973472,1e84ee9a83adb9430a744eb7b0dddf09420fdbae,mp4,moved/court/fb/files/facebook-potentiallycursed85-2025-08-18-FbdI23EK/your_facebook_activity/messages/inbox/amdgeneraldiscussion_1475777842546415/videos,7.548,f,confirmed unreadable: extension names a marker format but the head is random bytes,"head 4 KiB read (b2 ranged GET) -> no format marker, not text, entropy 7.548; twin search by same file name + same size: 1 other hash(es) probed, 0 intact, 1 not readable in B2; other-size copies of the name in the catalog: 0 (find_other_version would propose these for review; none is a same-size twin); no repair engine exists for this type"
B_unreadable_no_twin,moved/court/fb/files/facebook-potentiallycursed85-2025-08-18-FbdI23EK/your_facebook_activity/messages/inbox/bekarenae_10204547623320511/audio/audioclip1730812550000271348_1118462786556643.mp4,consignatio/vault/v1/moved/court/fb/files/facebook-potentiallycursed85-2025-08-18-FbdI23EK/your_facebook_activity/messages/inbox/bekarenae_10204547623320511/audio/audioclip1730812550000271348_1118462786556643.mp4,6574872,25c5a75de27d7b7ded9667ab55f11c38b3536a7d,mp4,moved/court/fb/files/facebook-potentiallycursed85-2025-08-18-FbdI23EK/your_facebook_activity/messages/inbox/bekarenae_10204547623320511/audio,7.715,f,confirmed unreadable: extension names a marker format but the head is random bytes,"head 4 KiB read (b2 ranged GET) -> no format marker, not text, entropy 7.715; twin search by same file name + same size: 2 other hash(es) probed, 0 intact, 0 not readable in B2; other-size copies of the name in the catalog: 0 (find_other_version would propose these for review; none is a same-size twin); no repair engine exists for this type"
B_unreadable_no_twin,moved/court/fb/files/facebook-potentiallycursed85-2025-08-18-FbdI23EK/your_facebook_activity/messages/inbox/bekarenae_10204547623320511/videos/483052068_9503707506384804_4335134993862335254_n_1046001700689637.mp4,consignatio/vault/v1/moved/court/fb/files/facebook-potentiallycursed85-2025-08-18-FbdI23EK/your_facebook_activity/messages/inbox/bekarenae_10204547623320511/videos/483052068_9503707506384804_4335134993862335254_n_1046001700689637.mp4,3013217,b381292a6b402f41ddca4a8ef2b870584147b12d,mp4,moved/court/fb/files/facebook-potentiallycursed85-2025-08-18-FbdI23EK/your_facebook_activity/messages/inbox/bekarenae_10204547623320511/videos,7.703,f,confirmed unreadable: extension names a marker format but the head is random bytes,"head 4 KiB read (b2 ranged GET) -> no format marker, not text, entropy 7.703; twin search by same file name + same size: 3 other hash(es) probed, 0 intact, 1 not readable in B2; other-size copies of the name in the catalog: 0 (find_other_version would propose these for review; none is a same-size twin); no repair engine exists for this type"
B_unreadable_no_twin,moved/court/fb/files/messages (1)/inbox/amdgamingenthusiastschat_9673469312665198/videos/520783823_24682081251384865_7122464976337772997_n_1663017661159150.mp4,consignatio/vault/v1/moved/court/fb/files/messages (1)/inbox/amdgamingenthusiastschat_9673469312665198/videos/520783823_24682081251384865_7122464976337772997_n_1663017661159150.mp4,877251,189ec860eff88dfdfffd189fa7a7002dd799a3ff,mp4,moved/court/fb/files/messages (1)/inbox/amdgamingenthusiastschat_9673469312665198/videos,7.957,f,confirmed unreadable: extension names a marker format but the head is random bytes,"head 4 KiB read (b2 ranged GET) -> no format marker, not text, entropy 7.957; twin search by same file name + same size: 1 other hash(es) probed, 0 intact, 1 not readable in B2; other-size copies of the name in the catalog: 0 (find_other_version would propose these for review; none is a same-size twin); no repair engine exists for this type"
B_unreadable_no_twin,moved/court/fb/files/messages (1)/inbox/amdgamingenthusiastschat_9673469312665198/videos/521575685_30561571550156025_5151453221094659870_n_755545366871993.mp4,consignatio/vault/v1/moved/court/fb/files/messages (1)/inbox/amdgamingenthusiastschat_9673469312665198/videos/521575685_30561571550156025_5151453221094659870_n_755545366871993.mp4,3302277,b8c038d6abdd1c5411b7497009f2a248500878e3,mp4,moved/court/fb/files/messages (1)/inbox/amdgamingenthusiastschat_9673469312665198/videos,7.945,f,confirmed unreadable: extension names a marker format but the head is random bytes,"head 4 KiB read (b2 ranged GET) -> no format marker, not text, entropy 7.945; twin search by same file name + same size: 1 other hash(es) probed, 0 intact, 1 not readable in B2; other-size copies of the name in the catalog: 0 (find_other_version would propose these for review; none is a same-size twin); no repair engine exists for this type"
B_unreadable_no_twin,moved/court/fb/files/messages (1)/inbox/amdgamingenthusiastschat_9673469312665198/videos/523871700_24189497754002534_5252552829476838064_n_721503690864921.mp4,consignatio/vault/v1/moved/court/fb/files/messages (1)/inbox/amdgamingenthusiastschat_9673469312665198/videos/523871700_24189497754002534_5252552829476838064_n_721503690864921.mp4,9815177,627bd854eda96a77aa2a080a92f62db8c27bb9eb,mp4,moved/court/fb/files/messages (1)/inbox/amdgamingenthusiastschat_9673469312665198/videos,7.796,f,confirmed unreadable: extension names a marker format but the head is random bytes,"head 4 KiB read (b2 ranged GET) -> no format marker, not text, entropy 7.796; twin search by same file name + same size: 1 other hash(es) probed, 0 intact, 1 not readable in B2; other-size copies of the name in the catalog: 0 (find_other_version would propose these for review; none is a same-size twin); no repair engine exists for this type"
B_unreadable_no_twin,moved/court/fb/files/messages (1)/inbox/amdgamingenthusiastschat_9673469312665198/videos/524750102_24394374003513063_7006153907118251523_n_1094176678772979.mp4,consignatio/vault/v1/moved/court/fb/files/messages (1)/inbox/amdgamingenthusiastschat_9673469312665198/videos/524750102_24394374003513063_7006153907118251523_n_1094176678772979.mp4,2736685,7a2fb43f403e61ca1ab54ab65080e332f2aef8ef,mp4,moved/court/fb/files/messages (1)/inbox/amdgamingenthusiastschat_9673469312665198/videos,7.95,f,confirmed unreadable: extension names a marker format but the head is random bytes,"head 4 KiB read (b2 ranged GET) -> no format marker, not text, entropy 7.95; twin search by same file name + same size: 1 other hash(es) probed, 0 intact, 1 not readable in B2; other-size copies of the name in the catalog: 0 (find_other_version would propose these for review; none is a same-size twin); no repair engine exists for this type"
B_unreadable_no_twin,moved/court/fb/files/messages (1)/inbox/amdgamingenthusiastschat_9673469312665198/videos/526314175_24114333481518998_9221531882267232788_n_1256889339179287.mp4,consignatio/vault/v1/moved/court/fb/files/messages (1)/inbox/amdgamingenthusiastschat_9673469312665198/videos/526314175_24114333481518998_9221531882267232788_n_1256889339179287.mp4,7601362,fcdeea03baa7c3c7dcd4c17b80275739adac6dd0,mp4,moved/court/fb/files/messages (1)/inbox/amdgamingenthusiastschat_9673469312665198/videos,7.959,f,confirmed unreadable: extension names a marker format but the head is random bytes,"head 4 KiB read (b2 ranged GET) -> no format marker, not text, entropy 7.959; twin search by same file name + same size: 1 other hash(es) probed, 0 intact, 1 not readable in B2; other-size copies of the name in the catalog: 0 (find_other_version would propose these for review; none is a same-size twin); no repair engine exists for this type"
B_unreadable_no_twin,moved/court/fb/files/messages (1)/inbox/amdgamingenthusiastschat_9673469312665198/videos/527442217_24692722730326018_1957007799408573342_n_2596936987315134.mp4,consignatio/vault/v1/moved/court/fb/files/messages (1)/inbox/amdgamingenthusiastschat_9673469312665198/videos/527442217_24692722730326018_1957007799408573342_n_2596936987315134.mp4,1024693,e4405bb958341388050cf43ea5944ed2c6862c87,mp4,moved/court/fb/files/messages (1)/inbox/amdgamingenthusiastschat_9673469312665198/videos,7.951,f,confirmed unreadable: extension names a marker format but the head is random bytes,"head 4 KiB read (b2 ranged GET) -> no format marker, not text, entropy 7.951; twin search by same file name + same size: 1 other hash(es) probed, 0 intact, 1 not readable in B2; other-size copies of the name in the catalog: 0 (find_other_version would propose these for review; none is a same-size twin); no repair engine exists for this type"
B_unreadable_no_twin,moved/court/fb/katrinakinzel_1614217831996100/videos/10000000_6872170176200110_3776223599012825367_n_215068828238993.mp4,consignatio/vault/v1/moved/court/fb/katrinakinzel_1614217831996100/videos/10000000_6872170176200110_3776223599012825367_n_215068828238993.mp4,8690626,4f4cc7830471e821551fbed83d7bf79b9e6ede72,mp4,moved/court/fb/katrinakinzel_1614217831996100/videos,7.949,f,confirmed unreadable: extension names a marker format but the head is random bytes,"head 4 KiB read (b2 ranged GET) -> no format marker, not text, entropy 7.949; twin search by same file name + same size: 1 other hash(es) probed, 0 intact, 1 not readable in B2; other-size copies of the name in the catalog: 0 (find_other_version would propose these for review; none is a same-size twin); no repair engine exists for this type"
B_unreadable_no_twin,moved/court/fb/katrinakinzel_1614217831996100/videos/10000000_6934882369882137_9215849645768173932_n_369348815778487.mp4,consignatio/vault/v1/moved/court/fb/katrinakinzel_1614217831996100/videos/10000000_6934882369882137_9215849645768173932_n_369348815778487.mp4,8452046,9023a3fe82587c98d4c553b139d82dd461c63d39,mp4,moved/court/fb/katrinakinzel_1614217831996100/videos,7.951,f,confirmed unreadable: extension names a marker format but the head is random bytes,"head 4 KiB read (b2 ranged GET) -> no format marker, not text, entropy 7.951; twin search by same file name + same size: 1 other hash(es) probed, 0 intact, 1 not readable in B2; other-size copies of the name in the catalog: 0 (find_other_version would propose these for review; none is a same-size twin); no repair engine exists for this type"
B_unreadable_no_twin,moved/court/fb/katrinakinzel_1614217831996100/videos/365425325_6003518123085418_374511687258735917_n_837622131160614.mp4,consignatio/vault/v1/moved/court/fb/katrinakinzel_1614217831996100/videos/365425325_6003518123085418_374511687258735917_n_837622131160614.mp4,2808450,83caa28b69ed7e2c488b433d12f4ae99ea6c5428,mp4,moved/court/fb/katrinakinzel_1614217831996100/videos,7.88,f,confirmed unreadable: extension names a marker format but the head is random bytes,"head 4 KiB read (b2 ranged GET) -> no format marker, not text, entropy 7.88; twin search by same file name + same size: 1 other hash(es) probed, 0 intact, 1 not readable in B2; other-size copies of the name in the catalog: 0 (find_other_version would propose these for review; none is a same-size twin); no repair engine exists for this type"
B_unreadable_no_twin,moved/court/fb/katrinakinzel_1614217831996100/videos/370921382_6509882762399022_4307227285517017971_n_1383661855892885.mp4,consignatio/vault/v1/moved/court/fb/katrinakinzel_1614217831996100/videos/370921382_6509882762399022_4307227285517017971_n_1383661855892885.mp4,4696955,182e08cab4318a053fb0593b11f418d4aaf68a31,mp4,moved/court/fb/katrinakinzel_1614217831996100/videos,7.902,f,confirmed unreadable: extension names a marker format but the head is random bytes,"head 4 KiB read (b2 ranged GET) -> no format marker, not text, entropy 7.902; twin search by same file name + same size: 1 other hash(es) probed, 0 intact, 1 not readable in B2; other-size copies of the name in the catalog: 0 (find_other_version would propose these for review; none is a same-size twin); no repair engine exists for this type"
B_unreadable_no_twin,moved/court/fb/katrinakinzel_1614217831996100/videos/381791510_6676126389169296_952087788487504956_n_157112660798620.mp4,consignatio/vault/v1/moved/court/fb/katrinakinzel_1614217831996100/videos/381791510_6676126389169296_952087788487504956_n_157112660798620.mp4,3150716,089345a287b57bcb057ef9a729ffacc9e22809fb,mp4,moved/court/fb/katrinakinzel_1614217831996100/videos,7.904,f,confirmed unreadable: extension names a marker format but the head is random bytes,"head 4 KiB read (b2 ranged GET) -> no format marker, not text, entropy 7.904; twin search by same file name + same size: 1 other hash(es) probed, 0 intact, 1 not readable in B2; other-size copies of the name in the catalog: 0 (find_other_version would propose these for review; none is a same-size twin); no repair engine exists for this type"
B_unreadable_no_twin,moved/court/fb/katrinakinzel_1614217831996100/videos/408910609_6836685769774598_6221235088799868995_n_340625291622350.mp4,consignatio/vault/v1/moved/court/fb/katrinakinzel_1614217831996100/videos/408910609_6836685769774598_6221235088799868995_n_340625291622350.mp4,3789059,a6ae60ff32b147a82e4d75ad80f1727d878004b5,mp4,moved/court/fb/katrinakinzel_1614217831996100/videos,7.924,f,confirmed unreadable: extension names a marker format but the head is random bytes,"head 4 KiB read (b2 ranged GET) -> no format marker, not text, entropy 7.924; twin search by same file name + same size: 1 other hash(es) probed, 0 intact, 1 not readable in B2; other-size copies of the name in the catalog: 0 (find_other_version would propose these for review; none is a same-size twin); no repair engine exists for this type"
B_unreadable_no_twin,moved/court/fb/katrinakinzel_1614217831996100/videos/408938216_7324177450954541_4409119929656071842_n_1040907843637684.mp4,consignatio/vault/v1/moved/court/fb/katrinakinzel_1614217831996100/videos/408938216_7324177450954541_4409119929656071842_n_1040907843637684.mp4,5613211,34535075b6fedb0e4aa786440403d78381dfcf91,mp4,moved/court/fb/katrinakinzel_1614217831996100/videos,7.908,f,confirmed unreadable: extension names a marker format but the head is random bytes,"head 4 KiB read (b2 ranged GET) -> no format marker, not text, entropy 7.908; twin search by same file name + same size: 1 other hash(es) probed, 0 intact, 1 not readable in B2; other-size copies of the name in the catalog: 0 (find_other_version would propose these for review; none is a same-size twin); no repair engine exists for this type"
B_unreadable_no_twin,moved/court/fb/katrinakinzel_1614217831996100/videos/410562999_7223124334406451_2457274711508857504_n_683437900594255.mp4,consignatio/vault/v1/moved/court/fb/katrinakinzel_1614217831996100/videos/410562999_7223124334406451_2457274711508857504_n_683437900594255.mp4,548981,f910db7dd12715ff814c622f36f21bdd22da2da1,mp4,moved/court/fb/katrinakinzel_1614217831996100/videos,7.905,f,confirmed unreadable: extension names a marker format but the head is random bytes,"head 4 KiB read (b2 ranged GET) -> no format marker, not text, entropy 7.905; twin search by same file name + same size: 1 other hash(es) probed, 0 intact, 1 not readable in B2; other-size copies of the name in the catalog: 0 (find_other_version would propose these for review; none is a same-size twin); no repair engine exists for this type"
B_unreadable_no_twin,moved/court/fb/katrinakinzel_1614217831996100/videos/410569671_6970608526361663_8232308372218522883_n_314394441423847.mp4,consignatio/vault/v1/moved/court/fb/katrinakinzel_1614217831996100/videos/410569671_6970608526361663_8232308372218522883_n_314394441423847.mp4,2553637,f63dc75961007339284ed9e61912d348e939ff0b,mp4,moved/court/fb/katrinakinzel_1614217831996100/videos,7.93,f,confirmed unreadable: extension names a marker format but the head is random bytes,"head 4 KiB read (b2 ranged GET) -> no format marker, not text, entropy 7.93; twin search by same file name + same size: 1 other hash(es) probed, 0 intact, 1 not readable in B2; other-size copies of the name in the catalog: 0 (find_other_version would propose these for review; none is a same-size twin); no repair engine exists for this type"
B_unreadable_no_twin,moved/court/fb/katrinakinzel_1614217831996100/videos/410590823_24349812254662657_2477344034918887450_n_1538200883601703.mp4,consignatio/vault/v1/moved/court/fb/katrinakinzel_1614217831996100/videos/410590823_24349812254662657_2477344034918887450_n_1538200883601703.mp4,1707549,cd62040be2436b487228ce2dda4fc25e1fcf1db2,mp4,moved/court/fb/katrinakinzel_1614217831996100/videos,7.912,f,confirmed unreadable: extension names a marker format but the head is random bytes,"head 4 KiB read (b2 ranged GET) -> no format marker, not text, entropy 7.912; twin search by same file name + same size: 1 other hash(es) probed, 0 intact, 1 not readable in B2; other-size copies of the name in the catalog: 0 (find_other_version would propose these for review; none is a same-size twin); no repair engine exists for this type"
B_unreadable_no_twin,moved/court/fb/katrinakinzel_1614217831996100/videos/410597617_24480391458242110_7325116219948632443_n_668277592163485.mp4,consignatio/vault/v1/moved/court/fb/katrinakinzel_1614217831996100/videos/410597617_24480391458242110_7325116219948632443_n_668277592163485.mp4,4692229,2ae8f2119c5cb0af1167a383cf564b7fdbaf85e4,mp4,moved/court/fb/katrinakinzel_1614217831996100/videos,7.921,f,confirmed unreadable: extension names a marker format but the head is random bytes,"head 4 KiB read (b2 ranged GET) -> no format marker, not text, entropy 7.921; twin search by same file name + same size: 1 other hash(es) probed, 0 intact, 1 not readable in B2; other-size copies of the name in the catalog: 0 (find_other_version would propose these for review; none is a same-size twin); no repair engine exists for this type"
B_unreadable_no_twin,moved/court/fb/katrinakinzel_1614217831996100/videos/410645903_24482490164699865_7765289833824441624_n_342967701827480.mp4,consignatio/vault/v1/moved/court/fb/katrinakinzel_1614217831996100/videos/410645903_24482490164699865_7765289833824441624_n_342967701827480.mp4,5496796,7f07c44e448d59f50c9c2dc3c1add8723f3fe8ef,mp4,moved/court/fb/katrinakinzel_1614217831996100/videos,7.934,f,confirmed unreadable: extension names a marker format but the head is random bytes,"head 4 KiB read (b2 ranged GET) -> no format marker, not text, entropy 7.934; twin search by same file name + same size: 1 other hash(es) probed, 0 intact, 1 not readable in B2; other-size copies of the name in the catalog: 0 (find_other_version would propose these for review; none is a same-size twin); no repair engine exists for this type"
B_unreadable_no_twin,moved/court/fb/katrinakinzel_1614217831996100/videos/411163860_7287638264636915_2454227176935207995_n_330079279967996.mp4,consignatio/vault/v1/moved/court/fb/katrinakinzel_1614217831996100/videos/411163860_7287638264636915_2454227176935207995_n_330079279967996.mp4,3148554,87454f03be05fe49362ed139345d28d16049216f,mp4,moved/court/fb/katrinakinzel_1614217831996100/videos,7.929,f,confirmed unreadable: extension names a marker format but the head is random bytes,"head 4 KiB read (b2 ranged GET) -> no format marker, not text, entropy 7.929; twin search by same file name + same size: 1 other hash(es) probed, 0 intact, 1 not readable in B2; other-size copies of the name in the catalog: 0 (find_other_version would propose these for review; none is a same-size twin); no repair engine exists for this type"
B_unreadable_no_twin,moved/court/fb/katrinakinzel_1614217831996100/videos/411200980_7095444293841759_4626969142235940410_n_364242062954766.mp4,consignatio/vault/v1/moved/court/fb/katrinakinzel_1614217831996100/videos/411200980_7095444293841759_4626969142235940410_n_364242062954766.mp4,916399,1eac97679b8a12b207d14bac6d3348cf3a28cfa9,mp4,moved/court/fb/katrinakinzel_1614217831996100/videos,7.914,f,confirmed unreadable: extension names a marker format but the head is random bytes,"head 4 KiB read (b2 ranged GET) -> no format marker, not text, entropy 7.914; twin search by same file name + same size: 1 other hash(es) probed, 0 intact, 1 not readable in B2; other-size copies of the name in the catalog: 0 (find_other_version would propose these for review; none is a same-size twin); no repair engine exists for this type"
B_unreadable_no_twin,moved/court/fb/katrinakinzel_1614217831996100/videos/411251393_6878310408916606_9192943051767990978_n_329048693347913.mp4,consignatio/vault/v1/moved/court/fb/katrinakinzel_1614217831996100/videos/411251393_6878310408916606_9192943051767990978_n_329048693347913.mp4,1398418,ceb39256b5503375190ba21b9a733a59a1cb49a5,mp4,moved/court/fb/katrinakinzel_1614217831996100/videos,7.928,f,confirmed unreadable: extension names a marker format but the head is random bytes,"head 4 KiB read (b2 ranged GET) -> no format marker, not text, entropy 7.928; twin search by same file name + same size: 1 other hash(es) probed, 0 intact, 1 not readable in B2; other-size copies of the name in the catalog: 0 (find_other_version would propose these for review; none is a same-size twin); no repair engine exists for this type"
B_unreadable_no_twin,moved/court/fb/katrinakinzel_1614217831996100/videos/411434547_7309805025710114_6978154062325292455_n_1282348712457660.mp4,consignatio/vault/v1/moved/court/fb/katrinakinzel_1614217831996100/videos/411434547_7309805025710114_6978154062325292455_n_1282348712457660.mp4,2148633,f7ec1173018b85d5c485311f6bf5f8796ce767bc,mp4,moved/court/fb/katrinakinzel_1614217831996100/videos,7.916,f,confirmed unreadable: extension names a marker format but the head is random bytes,"head 4 KiB read (b2 ranged GET) -> no format marker, not text, entropy 7.916; twin search by same file name + same size: 1 other hash(es) probed, 0 intact, 1 not readable in B2; other-size copies of the name in the catalog: 0 (find_other_version would propose these for review; none is a same-size twin); no repair engine exists for this type"
B_unreadable_no_twin,moved/court/fb/katrinakinzel_1614217831996100/videos/411652058_7265188190180812_446069409722995103_n_1748585958978698.mp4,consignatio/vault/v1/moved/court/fb/katrinakinzel_1614217831996100/videos/411652058_7265188190180812_446069409722995103_n_1748585958978698.mp4,2808433,9fb5197fe8e76ce0e93b57500aff48bc4fd0f946,mp4,moved/court/fb/katrinakinzel_1614217831996100/videos,7.913,f,confirmed unreadable: extension names a marker format but the head is random bytes,"head 4 KiB read (b2 ranged GET) -> no format marker, not text, entropy 7.913; twin search by same file name + same size: 1 other hash(es) probed, 0 intact, 1 not readable in B2; other-size copies of the name in the catalog: 0 (find_other_version would propose these for review; none is a same-size twin); no repair engine exists for this type"
B_unreadable_no_twin,moved/court/fb/katrinakinzel_1614217831996100/videos/411677260_7374331099286425_7586370201125133363_n_901332431363047.mp4,consignatio/vault/v1/moved/court/fb/katrinakinzel_1614217831996100/videos/411677260_7374331099286425_7586370201125133363_n_901332431363047.mp4,2122914,9941020533d359725bc0a7e2827cb784ba39c1dc,mp4,moved/court/fb/katrinakinzel_1614217831996100/videos,7.726,f,confirmed unreadable: extension names a marker format but the head is random bytes,"head 4 KiB read (b2 ranged GET) -> no format marker, not text, entropy 7.726; twin search by same file name + same size: 1 other hash(es) probed, 0 intact, 1 not readable in B2; other-size copies of the name in the catalog: 0 (find_other_version would propose these for review; none is a same-size twin); no repair engine exists for this type"
B_unreadable_no_twin,moved/court/fb/katrinakinzel_1614217831996100/videos/411728677_6858155914292434_8660392819757587500_n_355158043776386.mp4,consignatio/vault/v1/moved/court/fb/katrinakinzel_1614217831996100/videos/411728677_6858155914292434_8660392819757587500_n_355158043776386.mp4,7177789,a29d0bb38891c93ff881eda5794688a0762b977f,mp4,moved/court/fb/katrinakinzel_1614217831996100/videos,7.938,f,confirmed unreadable: extension names a marker format but the head is random bytes,"head 4 KiB read (b2 ranged GET) -> no format marker, not text, entropy 7.938; twin search by same file name + same size: 1 other hash(es) probed, 0 intact, 1 not readable in B2; other-size copies of the name in the catalog: 0 (find_other_version would propose these for review; none is a same-size twin); no repair engine exists for this type"
B_unreadable_no_twin,moved/court/fb/katrinakinzel_1614217831996100/videos/411741179_6497685057004800_1557541399658633614_n_865768731998590.mp4,consignatio/vault/v1/moved/court/fb/katrinakinzel_1614217831996100/videos/411741179_6497685057004800_1557541399658633614_n_865768731998590.mp4,1882777,35dec39e0c99c9c3afe15dc85350a31e3a167c7f,mp4,moved/court/fb/katrinakinzel_1614217831996100/videos,7.923,f,confirmed unreadable: extension names a marker format but the head is random bytes,"head 4 KiB read (b2 ranged GET) -> no format marker, not text, entropy 7.923; twin search by same file name + same size: 1 other hash(es) probed, 0 intact, 1 not readable in B2; other-size copies of the name in the catalog: 0 (find_other_version would propose these for review; none is a same-size twin); no repair engine exists for this type"
B_unreadable_no_twin,moved/court/fb/katrinakinzel_1614217831996100/videos/411822368_24496063366707084_6254283533381159930_n_369655425551440.mp4,consignatio/vault/v1/moved/court/fb/katrinakinzel_1614217831996100/videos/411822368_24496063366707084_6254283533381159930_n_369655425551440.mp4,935895,d965f55583de4ddcc765c362da78bd8a923fe0d2,mp4,moved/court/fb/katrinakinzel_1614217831996100/videos,7.903,f,confirmed unreadable: extension names a marker format but the head is random bytes,"head 4 KiB read (b2 ranged GET) -> no format marker, not text, entropy 7.903; twin search by same file name + same size: 1 other hash(es) probed, 0 intact, 1 not readable in B2; other-size copies of the name in the catalog: 0 (find_other_version would propose these for review; none is a same-size twin); no repair engine exists for this type"
B_unreadable_no_twin,moved/court/fb/katrinakinzel_1614217831996100/videos/411828444_6760444084066234_3572843669359397266_n_1070291177508309.mp4,consignatio/vault/v1/moved/court/fb/katrinakinzel_1614217831996100/videos/411828444_6760444084066234_3572843669359397266_n_1070291177508309.mp4,2380688,ca45e94209177fdcaab2b65552811b55ce7f0b24,mp4,moved/court/fb/katrinakinzel_1614217831996100/videos,7.857,f,confirmed unreadable: extension names a marker format but the head is random bytes,"head 4 KiB read (b2 ranged GET) -> no format marker, not text, entropy 7.857; twin search by same file name + same size: 1 other hash(es) probed, 0 intact, 1 not readable in B2; other-size copies of the name in the catalog: 0 (find_other_version would propose these for review; none is a same-size twin); no repair engine exists for this type"
B_unreadable_no_twin,moved/court/fb/katrinakinzel_1614217831996100/videos/412738314_1826198354505960_7436205611617703306_n_362489316370520.mp4,consignatio/vault/v1/moved/court/fb/katrinakinzel_1614217831996100/videos/412738314_1826198354505960_7436205611617703306_n_362489316370520.mp4,1470529,aa7538f62e6c17a18224bbe52765dc4cb827c41d,mp4,moved/court/fb/katrinakinzel_1614217831996100/videos,7.94,f,confirmed unreadable: extension names a marker format but the head is random bytes,"head 4 KiB read (b2 ranged GET) -> no format marker, not text, entropy 7.94; twin search by same file name + same size: 1 other hash(es) probed, 0 intact, 1 not readable in B2; other-size copies of the name in the catalog: 0 (find_other_version would propose these for review; none is a same-size twin); no repair engine exists for this type"
B_unreadable_no_twin,moved/court/fb/katrinakinzel_1614217831996100/videos/427972163_7429009420495292_587246748448810090_n_923019595940816.mp4,consignatio/vault/v1/moved/court/fb/katrinakinzel_1614217831996100/videos/427972163_7429009420495292_587246748448810090_n_923019595940816.mp4,1745213,ef99c8958d030508708b7cf73f24e5b33f098927,mp4,moved/court/fb/katrinakinzel_1614217831996100/videos,7.941,f,confirmed unreadable: extension names a marker format but the head is random bytes,"head 4 KiB read (b2 ranged GET) -> no format marker, not text, entropy 7.941; twin search by same file name + same size: 1 other hash(es) probed, 0 intact, 1 not readable in B2; other-size copies of the name in the catalog: 0 (find_other_version would propose these for review; none is a same-size twin); no repair engine exists for this type"
B_unreadable_no_twin,moved/court/fb/katrinakinzel_1614217831996100/videos/428268951_7501305589930826_6655382103857731171_n_937547174047698.mp4,consignatio/vault/v1/moved/court/fb/katrinakinzel_1614217831996100/videos/428268951_7501305589930826_6655382103857731171_n_937547174047698.mp4,1757376,57f1aafd0dc7924d36bd41de5a3f17655294a6c8,mp4,moved/court/fb/katrinakinzel_1614217831996100/videos,7.883,f,confirmed unreadable: extension names a marker format but the head is random bytes,"head 4 KiB read (b2 ranged GET) -> no format marker, not text, entropy 7.883; twin search by same file name + same size: 1 other hash(es) probed, 0 intact, 1 not readable in B2; other-size copies of the name in the catalog: 0 (find_other_version would propose these for review; none is a same-size twin); no repair engine exists for this type"
B_unreadable_no_twin,moved/court/fb/katrinakinzel_1614217831996100/videos/434142288_7341271302637636_5678763055453645138_n_1117945306075096.mp4,consignatio/vault/v1/moved/court/fb/katrinakinzel_1614217831996100/videos/434142288_7341271302637636_5678763055453645138_n_1117945306075096.mp4,1609325,39153ccf489e85f16770f62a03450005f551989c,mp4,moved/court/fb/katrinakinzel_1614217831996100/videos,7.877,f,confirmed unreadable: extension names a marker format but the head is random bytes,"head 4 KiB read (b2 ranged GET) -> no format marker, not text, entropy 7.877; twin search by same file name + same size: 1 other hash(es) probed, 0 intact, 1 not readable in B2; other-size copies of the name in the catalog: 0 (find_other_version would propose these for review; none is a same-size twin); no repair engine exists for this type"
B_unreadable_no_twin,moved/court/fb/katrinakinzel_1614217831996100/videos/439611593_8172598482769938_1732843640790343848_n_399771162977793.mp4,consignatio/vault/v1/moved/court/fb/katrinakinzel_1614217831996100/videos/439611593_8172598482769938_1732843640790343848_n_399771162977793.mp4,4043029,94fd3b078f900a6ba9eeb233d1fcbe5eb8594a0d,mp4,moved/court/fb/katrinakinzel_1614217831996100/videos,7.883,f,confirmed unreadable: extension names a marker format but the head is random bytes,"head 4 KiB read (b2 ranged GET) -> no format marker, not text, entropy 7.883; twin search by same file name + same size: 1 other hash(es) probed, 0 intact, 1 not readable in B2; other-size copies of the name in the catalog: 0 (find_other_version would propose these for review; none is a same-size twin); no repair engine exists for this type"
B_unreadable_no_twin,moved/court/fb/katrinakinzel_1614217831996100/videos/AQND2VcvvQlUl5aAqzMU4mZiwfOT7FrymyB4ECtGaSLR0EyqgotwcrpdHunIqKkzzJa9mnbOzdxadDjZ3xHkS5vJu_L7knC5t6GhQY6GJ_9Tx6_424464985807551.mp4,consignatio/vault/v1/moved/court/fb/katrinakinzel_1614217831996100/videos/AQND2VcvvQlUl5aAqzMU4mZiwfOT7FrymyB4ECtGaSLR0EyqgotwcrpdHunIqKkzzJa9mnbOzdxadDjZ3xHkS5vJu_L7knC5t6GhQY6GJ_9Tx6_424464985807551.mp4,3830548,0f14ba3408b02ad318d0cd45c7db0c781bf406c0,mp4,moved/court/fb/katrinakinzel_1614217831996100/videos,7.932,f,confirmed unreadable: extension names a marker format but the head is random bytes,"head 4 KiB read (b2 ranged GET) -> no format marker, not text, entropy 7.932; twin search by same file name + same size: 1 other hash(es) probed, 0 intact, 1 not readable in B2; other-size copies of the name in the catalog: 0 (find_other_version would propose these for review; none is a same-size twin); no repair engine exists for this type"
B_unreadable_no_twin,moved/court/fb/katrinakinzel_1614217831996100/videos/AQO54ugt7S0W9ViBCEVcClFnFyt0TEev1GjUMYhfJ_CI3evWVWIkWr053dAtUcRT1I25PudY6PULKzYnSEvZC_G4rWRcsS3PueMN2kl2ns8HXS_2755340071378572.mp4,consignatio/vault/v1/moved/court/fb/katrinakinzel_1614217831996100/videos/AQO54ugt7S0W9ViBCEVcClFnFyt0TEev1GjUMYhfJ_CI3evWVWIkWr053dAtUcRT1I25PudY6PULKzYnSEvZC_G4rWRcsS3PueMN2kl2ns8HXS_2755340071378572.mp4,7946256,ec02b2bb929ab8caee73b03c35a1e01d8ece4817,mp4,moved/court/fb/katrinakinzel_1614217831996100/videos,7.86,f,confirmed unreadable: extension names a marker format but the head is random bytes,"head 4 KiB read (b2 ranged GET) -> no format marker, not text, entropy 7.86; twin search by same file name + same size: 1 other hash(es) probed, 0 intact, 1 not readable in B2; other-size copies of the name in the catalog: 0 (find_other_version would propose these for review; none is a same-size twin); no repair engine exists for this type"
B_unreadable_no_twin,moved/court/fb/katrinakinzel_1614217831996100/videos/AQOO4VahqYbsDmTiok4_Znc0hq55nmLv9h7LkhVW5b_unsxw3gQ53EkNQCSeQIxHq1d4cCar3szDKlwI7yYTKb425ZpjU9Glm0KhdiQNUl1vFl_772981023129196.mp4,consignatio/vault/v1/moved/court/fb/katrinakinzel_1614217831996100/videos/AQOO4VahqYbsDmTiok4_Znc0hq55nmLv9h7LkhVW5b_unsxw3gQ53EkNQCSeQIxHq1d4cCar3szDKlwI7yYTKb425ZpjU9Glm0KhdiQNUl1vFl_772981023129196.mp4,3642969,cdc7f41a7b66c3f52f4c987227a1a92231b4cfed,mp4,moved/court/fb/katrinakinzel_1614217831996100/videos,7.889,f,confirmed unreadable: extension names a marker format but the head is random bytes,"head 4 KiB read (b2 ranged GET) -> no format marker, not text, entropy 7.889; twin search by same file name + same size: 1 other hash(es) probed, 0 intact, 1 not readable in B2; other-size copies of the name in the catalog: 0 (find_other_version would propose these for review; none is a same-size twin); no repair engine exists for this type"
B_unreadable_no_twin,moved/court/fb/katrinakinzel_1614217831996100/videos/AQOsXkDdW6upviZvMYG7QprnWmMOuju8DKurjhZ3Tva_9W5IXZGi7YWeUlcoQhuzMZ_y8BislSznIW1b4O34MtvDhan_XpLG1TPKKS7EAOA23P_319043216898988.mp4,consignatio/vault/v1/moved/court/fb/katrinakinzel_1614217831996100/videos/AQOsXkDdW6upviZvMYG7QprnWmMOuju8DKurjhZ3Tva_9W5IXZGi7YWeUlcoQhuzMZ_y8BislSznIW1b4O34MtvDhan_XpLG1TPKKS7EAOA23P_319043216898988.mp4,4893799,5b4579013cb4d6116a21afb2fa56f991cb903ce3,mp4,moved/court/fb/katrinakinzel_1614217831996100/videos,7.878,f,confirmed unreadable: extension names a marker format but the head is random bytes,"head 4 KiB read (b2 ranged GET) -> no format marker, not text, entropy 7.878; twin search by same file name + same size: 1 other hash(es) probed, 0 intact, 1 not readable in B2; other-size copies of the name in the catalog: 0 (find_other_version would propose these for review; none is a same-size twin); no repair engine exists for this type"
B_unreadable_no_twin,moved/court/fb/katrinakinzel_1614217831996100/videos/AQP1mQWw9enltisvc2Xr_ydVQMwEjWKgbsz1yns0wSK3sf7v9F7PJkAipLCCSoRy6SrCFXDkVsSoTQ2gbG155NYz7mgwh7qCuAJ1px9cnDgzuP_982936152227974.mp4,consignatio/vault/v1/moved/court/fb/katrinakinzel_1614217831996100/videos/AQP1mQWw9enltisvc2Xr_ydVQMwEjWKgbsz1yns0wSK3sf7v9F7PJkAipLCCSoRy6SrCFXDkVsSoTQ2gbG155NYz7mgwh7qCuAJ1px9cnDgzuP_982936152227974.mp4,3834437,5856ca66ce8286666e1e63c7981a9f82d3986ae1,mp4,moved/court/fb/katrinakinzel_1614217831996100/videos,7.897,f,confirmed unreadable: extension names a marker format but the head is random bytes,"head 4 KiB read (b2 ranged GET) -> no format marker, not text, entropy 7.897; twin search by same file name + same size: 1 other hash(es) probed, 0 intact, 1 not readable in B2; other-size copies of the name in the catalog: 0 (find_other_version would propose these for review; none is a same-size twin); no repair engine exists for this type"
B_unreadable_no_twin,moved/court/fb/katrinakinzel_1614217831996100/videos/AQPdGkfB7snL380ZGNm0k0WG54LIc_u1Se2dtLmRSK4uX55Vri8ZedzwskrL0TUY3rM3VKoswO7nPl4hSV4WsxRE_hEK1BmBl0Rjo8nKSyrqJk_398905600755587.mp4,consignatio/vault/v1/moved/court/fb/katrinakinzel_1614217831996100/videos/AQPdGkfB7snL380ZGNm0k0WG54LIc_u1Se2dtLmRSK4uX55Vri8ZedzwskrL0TUY3rM3VKoswO7nPl4hSV4WsxRE_hEK1BmBl0Rjo8nKSyrqJk_398905600755587.mp4,6637629,f90bfc38d484e91b0ac6190f067683dc5d265c21,mp4,moved/court/fb/katrinakinzel_1614217831996100/videos,7.91,f,confirmed unreadable: extension names a marker format but the head is random bytes,"head 4 KiB read (b2 ranged GET) -> no format marker, not text, entropy 7.91; twin search by same file name + same size: 1 other hash(es) probed, 0 intact, 1 not readable in B2; other-size copies of the name in the catalog: 0 (find_other_version would propose these for review; none is a same-size twin); no repair engine exists for this type"
B_unreadable_no_twin,moved/court/fb/katrinakinzel_1614217831996100/videos/AQPtGa4L8hruBk6tHgIbeeNhEZiyUBWhFEveLIO0zVZnIHbZkv540Xt8nY8bZWzSa0H6QXW0kcev4JsqG3R_a0kVpEFnBtQhJnvI7Wd5oHuDId_2403736026373160.mp4,consignatio/vault/v1/moved/court/fb/katrinakinzel_1614217831996100/videos/AQPtGa4L8hruBk6tHgIbeeNhEZiyUBWhFEveLIO0zVZnIHbZkv540Xt8nY8bZWzSa0H6QXW0kcev4JsqG3R_a0kVpEFnBtQhJnvI7Wd5oHuDId_2403736026373160.mp4,3456247,8fcc0543a4d178cbd7afd81aba7e5a494cdf5152,mp4,moved/court/fb/katrinakinzel_1614217831996100/videos,7.921,f,confirmed unreadable: extension names a marker format but the head is random bytes,"head 4 KiB read (b2 ranged GET) -> no format marker, not text, entropy 7.921; twin search by same file name + same size: 1 other hash(es) probed, 0 intact, 1 not readable in B2; other-size copies of the name in the catalog: 0 (find_other_version would propose these for review; none is a same-size twin); no repair engine exists for this type"
B_unreadable_no_twin,moved/court/fb/messages (2)/archived_threads/benniemorin_1537031679714716/videos/AQMGS6IVCBUlVJ_A36wrWfreCCvQW6id4zZq8GxWfQhPyL8LGpCsf72exMjaqx2O5VUkFnGVCCeGA1CoBkAMA2sz1L0OaiOGKifE4Ygg60_VtJ_1640846695999880.mp4,consignatio/vault/v1/moved/court/fb/messages (2)/archived_threads/benniemorin_1537031679714716/videos/AQMGS6IVCBUlVJ_A36wrWfreCCvQW6id4zZq8GxWfQhPyL8LGpCsf72exMjaqx2O5VUkFnGVCCeGA1CoBkAMA2sz1L0OaiOGKifE4Ygg60_VtJ_1640846695999880.mp4,627921,b7925765554537ace3be3b3cd2132b7789fb7b86,mp4,moved/court/fb/messages (2)/archived_threads/benniemorin_1537031679714716/videos,7.948,f,confirmed unreadable: extension names a marker format but the head is random bytes,"head 4 KiB read (b2 ranged GET) -> no format marker, not text, entropy 7.948; twin search by same file name + same size: 1 other hash(es) probed, 0 intact, 1 not readable in B2; other-size copies of the name in the catalog: 0 (find_other_version would propose these for review; none is a same-size twin); no repair engine exists for this type"
B_unreadable_no_twin,moved/court/fb/messages (2)/archived_threads/benniemorin_1537031679714716/videos/AQMGS6IVCBUlVJ_A36wrWfreCCvQW6id4zZq8GxWfQhPyL8LGpCsf72exMjaqx2O5VUkFnGVCCeGA1CoBkAMA2sz1L0OaiOGKifE4Ygg60_VtJ_216748045728584.mp4,consignatio/vault/v1/moved/court/fb/messages (2)/archived_threads/benniemorin_1537031679714716/videos/AQMGS6IVCBUlVJ_A36wrWfreCCvQW6id4zZq8GxWfQhPyL8LGpCsf72exMjaqx2O5VUkFnGVCCeGA1CoBkAMA2sz1L0OaiOGKifE4Ygg60_VtJ_216748045728584.mp4,627921,7168274b42db8463637ecaffae2b59e34371d61c,mp4,moved/court/fb/messages (2)/archived_threads/benniemorin_1537031679714716/videos,7.953,f,confirmed unreadable: extension names a marker format but the head is random bytes,"head 4 KiB read (b2 ranged GET) -> no format marker, not text, entropy 7.953; twin search by same file name + same size: 0 other hash(es) probed, 0 intact, 0 not readable in B2; other-size copies of the name in the catalog: 0 (find_other_version would propose these for review; none is a same-size twin); no repair engine exists for this type"
B_unreadable_no_twin,moved/court/fb/messages (2)/archived_threads/benniemorin_1537031679714716/videos/AQOmfJaAMP_Mc6F9ZO75JPKSUJn5bj2p23Bruuz_HaKmHtQ0FDMhIpnlSpVwfE050pORR2514sSKnnEzn_OeBpZgxcns64God_OOBQwYqjVOjz_1583828701701680.mp4,consignatio/vault/v1/moved/court/fb/messages (2)/archived_threads/benniemorin_1537031679714716/videos/AQOmfJaAMP_Mc6F9ZO75JPKSUJn5bj2p23Bruuz_HaKmHtQ0FDMhIpnlSpVwfE050pORR2514sSKnnEzn_OeBpZgxcns64God_OOBQwYqjVOjz_1583828701701680.mp4,2338170,42b57a7bd5fc3b921dfb03d7f09166fac6584a55,mp4,moved/court/fb/messages (2)/archived_threads/benniemorin_1537031679714716/videos,7.953,f,confirmed unreadable: extension names a marker format but the head is random bytes,"head 4 KiB read (b2 ranged GET) -> no format marker, not text, entropy 7.953; twin search by same file name + same size: 1 other hash(es) probed, 0 intact, 1 not readable in B2; other-size copies of the name in the catalog: 1 (find_other_version would propose these for review; none is a same-size twin); no repair engine exists for this type"
B_unreadable_no_twin,moved/court/fb/messages (2)/inbox/amdgeneraldiscussion_1475777842546415/videos/433847965_25487878344136468_3704678308523526307_n_775558964132587.mp4,consignatio/vault/v1/moved/court/fb/messages (2)/inbox/amdgeneraldiscussion_1475777842546415/videos/433847965_25487878344136468_3704678308523526307_n_775558964132587.mp4,1776854,6fd3757652dd934e39622b957164e6ea42ecee1e,mp4,moved/court/fb/messages (2)/inbox/amdgeneraldiscussion_1475777842546415/videos,7.96,f,confirmed unreadable: extension names a marker format but the head is random bytes,"head 4 KiB read (b2 ranged GET) -> no format marker, not text, entropy 7.96; twin search by same file name + same size: 1 other hash(es) probed, 0 intact, 1 not readable in B2; other-size copies of the name in the catalog: 0 (find_other_version would propose these for review; none is a same-size twin); no repair engine exists for this type"
B_unreadable_no_twin,moved/court/fb/messages (2)/inbox/bekarenae_10204547623320511/audio/audioclip1730812550000271348_1118462786556643.mp4,consignatio/vault/v1/moved/court/fb/messages (2)/inbox/bekarenae_10204547623320511/audio/audioclip1730812550000271348_1118462786556643.mp4,6574872,4d965bec258e627e371264e8f72e9c1a376b6e1f,mp4,moved/court/fb/messages (2)/inbox/bekarenae_10204547623320511/audio,7.951,f,confirmed unreadable: extension names a marker format but the head is random bytes,"head 4 KiB read (b2 ranged GET) -> no format marker, not text, entropy 7.951; twin search by same file name + same size: 2 other hash(es) probed, 0 intact, 0 not readable in B2; other-size copies of the name in the catalog: 0 (find_other_version would propose these for review; none is a same-size twin); no repair engine exists for this type"
B_unreadable_no_twin,moved/court/fb/messages (2)/inbox/bekarenae_10204547623320511/videos/483052068_9503707506384804_4335134993862335254_n_1046001700689637.mp4,consignatio/vault/v1/moved/court/fb/messages (2)/inbox/bekarenae_10204547623320511/videos/483052068_9503707506384804_4335134993862335254_n_1046001700689637.mp4,3013217,97dcd097ddcd63dab6ee1324d4b77479d4560bed,mp4,moved/court/fb/messages (2)/inbox/bekarenae_10204547623320511/videos,7.958,f,confirmed unreadable: extension names a marker format but the head is random bytes,"head 4 KiB read (b2 ranged GET) -> no format marker, not text, entropy 7.958; twin search by same file name + same size: 3 other hash(es) probed, 0 intact, 1 not readable in B2; other-size copies of the name in the catalog: 0 (find_other_version would propose these for review; none is a same-size twin); no repair engine exists for this type"
B_unreadable_no_twin,moved/court/fb/messages (2)/inbox/benniemorin_1065302613554294/videos/AQOmfJaAMP_Mc6F9ZO75JPKSUJn5bj2p23Bruuz_HaKmHtQ0FDMhIpnlSpVwfE050pORR2514sSKnnEzn_OeBpZgxcns64God_OOBQwYqjVOjz_1583828918368325.mp4,consignatio/vault/v1/moved/court/fb/messages (2)/inbox/benniemorin_1065302613554294/videos/AQOmfJaAMP_Mc6F9ZO75JPKSUJn5bj2p23Bruuz_HaKmHtQ0FDMhIpnlSpVwfE050pORR2514sSKnnEzn_OeBpZgxcns64God_OOBQwYqjVOjz_1583828918368325.mp4,2338170,9eef6b867241b70bd0a7c9958b892bf8a0fb2d98,mp4,moved/court/fb/messages (2)/inbox/benniemorin_1065302613554294/videos,7.923,f,confirmed unreadable: extension names a marker format but the head is random bytes,"head 4 KiB read (b2 ranged GET) -> no format marker, not text, entropy 7.923; twin search by same file name + same size: 0 other hash(es) probed, 0 intact, 0 not readable in B2; other-size copies of the name in the catalog: 0 (find_other_version would propose these for review; none is a same-size twin); no repair engine exists for this type"
B_unreadable_no_twin,moved/court/fb/New Folder/jeraldmichaeljoubran_10154086179704199/videos/316057580_8927503487263407_687524097242277240_n_815393956415377.mp4,consignatio/vault/v1/moved/court/fb/New Folder/jeraldmichaeljoubran_10154086179704199/videos/316057580_8927503487263407_687524097242277240_n_815393956415377.mp4,5095589,3eae63f5f767be258936ae9f3b003147abd666e1,mp4,moved/court/fb/New Folder/jeraldmichaeljoubran_10154086179704199/videos,7.957,f,confirmed unreadable: extension names a marker format but the head is random bytes,"head 4 KiB read (b2 ranged GET) -> no format marker, not text, entropy 7.957; twin search by same file name + same size: 4 other hash(es) probed, 0 intact, 1 not readable in B2; other-size copies of the name in the catalog: 0 (find_other_version would propose these for review; none is a same-size twin); no repair engine exists for this type"
B_unreadable_no_twin,moved/court/fb/New Folder/joshuaaaronpatterson_6447426962008472/audio/audioclip1695568552000483257_7493147767367483.mp4,consignatio/vault/v1/moved/court/fb/New Folder/joshuaaaronpatterson_6447426962008472/audio/audioclip1695568552000483257_7493147767367483.mp4,3964401,85bc1336039f0d3be696a10fc1cedfc369f5a41f,mp4,moved/court/fb/New Folder/joshuaaaronpatterson_6447426962008472/audio,7.949,f,confirmed unreadable: extension names a marker format but the head is random bytes,"head 4 KiB read (b2 ranged GET) -> no format marker, not text, entropy 7.949; twin search by same file name + same size: 2 other hash(es) probed, 0 intact, 1 not readable in B2; other-size copies of the name in the catalog: 0 (find_other_version would propose these for review; none is a same-size twin); no repair engine exists for this type"
B_unreadable_no_twin,moved/court/fb/New Folder/joshuaaaronpatterson_6447426962008472/videos/10000000_6610799365662633_1591611683059826377_n_847482470378954.mp4,consignatio/vault/v1/moved/court/fb/New Folder/joshuaaaronpatterson_6447426962008472/videos/10000000_6610799365662633_1591611683059826377_n_847482470378954.mp4,23493708,4d7460f04d2008457dd57ffd0cffdee4db732d7c,mp4,moved/court/fb/New Folder/joshuaaaronpatterson_6447426962008472/videos,7.908,f,confirmed unreadable: extension names a marker format but the head is random bytes,"head 4 KiB read (b2 ranged GET) -> no format marker, not text, entropy 7.908; twin search by same file name + same size: 2 other hash(es) probed, 0 intact, 1 not readable in B2; other-size copies of the name in the catalog: 0 (find_other_version would propose these for review; none is a same-size twin); no repair engine exists for this type"
B_unreadable_no_twin,moved/court/fb/New Folder/Takeout/Google Photos/screens/20220120_185535.MP4,consignatio/vault/v1/moved/court/fb/New Folder/Takeout/Google Photos/screens/20220120_185535.MP4,4307441,0dba1a9094977d0f4fdcd8c9ca95f25b5eb1f84e,mp4,moved/court/fb/New Folder/Takeout/Google Photos/screens,7.937,f,confirmed unreadable: extension names a marker format but the head is random bytes,"head 4 KiB read (b2 ranged GET) -> no format marker, not text, entropy 7.937; twin search by same file name + same size: 1 other hash(es) probed, 0 intact, 1 not readable in B2; other-size copies of the name in the catalog: 0 (find_other_version would propose these for review; none is a same-size twin); no repair engine exists for this type"
B_unreadable_no_twin,moved/court/fb/New Folder/Takeout/Google Photos/screens/20220206_190748_01.mp4,consignatio/vault/v1/moved/court/fb/New Folder/Takeout/Google Photos/screens/20220206_190748_01.mp4,5328451,3fd6ca266db154d2b5077afaba0526c2e348c35d,mp4,moved/court/fb/New Folder/Takeout/Google Photos/screens,7.916,f,confirmed unreadable: extension names a marker format but the head is random bytes,"head 4 KiB read (b2 ranged GET) -> no format marker, not text, entropy 7.916; twin search by same file name + same size: 1 other hash(es) probed, 0 intact, 1 not readable in B2; other-size copies of the name in the catalog: 0 (find_other_version would propose these for review; none is a same-size twin); no repair engine exists for this type"
B_unreadable_no_twin,moved/court/fb/New Folder/Takeout/Google Photos/screens/IMG_7220(1).MP4,consignatio/vault/v1/moved/court/fb/New Folder/Takeout/Google Photos/screens/IMG_7220(1).MP4,2947928,9dd1e647fb1f7e182bb70769583cbc8c8a709008,mp4,moved/court/fb/New Folder/Takeout/Google Photos/screens,7.952,f,confirmed unreadable: extension names a marker format but the head is random bytes,"head 4 KiB read (b2 ranged GET) -> no format marker, not text, entropy 7.952; twin search by same file name + same size: 1 other hash(es) probed, 0 intact, 1 not readable in B2; other-size copies of the name in the catalog: 0 (find_other_version would propose these for review; none is a same-size twin); no repair engine exists for this type"
B_unreadable_no_twin,moved/court/fb/New Folder/Takeout/Google Photos/screens/IMG_7221(1).MP4,consignatio/vault/v1/moved/court/fb/New Folder/Takeout/Google Photos/screens/IMG_7221(1).MP4,1903420,dce4dfcbd5c07ca93e6db8197558ccc2420ca056,mp4,moved/court/fb/New Folder/Takeout/Google Photos/screens,7.961,f,confirmed unreadable: extension names a marker format but the head is random bytes,"head 4 KiB read (b2 ranged GET) -> no format marker, not text, entropy 7.961; twin search by same file name + same size: 1 other hash(es) probed, 0 intact, 1 not readable in B2; other-size copies of the name in the catalog: 0 (find_other_version would propose these for review; none is a same-size twin); no repair engine exists for this type"
B_unreadable_no_twin,moved/court/fb/New Folder/Takeout/Google Photos/screens/IMG_7223(1).MP4,consignatio/vault/v1/moved/court/fb/New Folder/Takeout/Google Photos/screens/IMG_7223(1).MP4,2229602,ca7a541d17d5850ac31226fa13f6d7697933b987,mp4,moved/court/fb/New Folder/Takeout/Google Photos/screens,7.951,f,confirmed unreadable: extension names a marker format but the head is random bytes,"head 4 KiB read (b2 ranged GET) -> no format marker, not text, entropy 7.951; twin search by same file name + same size: 1 other hash(es) probed, 0 intact, 1 not readable in B2; other-size copies of the name in the catalog: 0 (find_other_version would propose these for review; none is a same-size twin); no repair engine exists for this type"
B_unreadable_no_twin,moved/court/fb/your_facebook_activity/messages/e2ee_cutover/joycesalemlee_866173013467256/videos/AQOucxLh5_9egqNj03BneYHNZHT1C9vOH4CLeC_Gm8vKQmJDLiQt8KXLGSfAomfNsomD6DSgfmaE9izsh2ozgmohcWb6R690l_abfAmXQrsK7y_688144504984158.mp4,consignatio/vault/v1/moved/court/fb/your_facebook_activity/messages/e2ee_cutover/joycesalemlee_866173013467256/videos/AQOucxLh5_9egqNj03BneYHNZHT1C9vOH4CLeC_Gm8vKQmJDLiQt8KXLGSfAomfNsomD6DSgfmaE9izsh2ozgmohcWb6R690l_abfAmXQrsK7y_688144504984158.mp4,41697279,7e793e8f90f5f2fbaaaa66f9680fa3572218070d,mp4,moved/court/fb/your_facebook_activity/messages/e2ee_cutover/joycesalemlee_866173013467256/videos,7.948,f,confirmed unreadable: extension names a marker format but the head is random bytes,"head 4 KiB read (b2 ranged GET) -> no format marker, not text, entropy 7.948; twin search by same file name + same size: 1 other hash(es) probed, 0 intact, 1 not readable in B2; other-size copies of the name in the catalog: 0 (find_other_version would propose these for review; none is a same-size twin); no repair engine exists for this type"
B_unreadable_no_twin,moved/court/fb/your_facebook_activity/messages/inbox/bekarenae_10204547623320511/audio/audioclip1730812550000271348_1118462786556643.mp4,consignatio/vault/v1/moved/court/fb/your_facebook_activity/messages/inbox/bekarenae_10204547623320511/audio/audioclip1730812550000271348_1118462786556643.mp4,6574872,8c8a09f2add7e2ec26f825d16050eb0575ee6ad5,mp4,moved/court/fb/your_facebook_activity/messages/inbox/bekarenae_10204547623320511/audio,7.62,f,confirmed unreadable: extension names a marker format but the head is random bytes,"head 4 KiB read (b2 ranged GET) -> no format marker, not text, entropy 7.62; twin search by same file name + same size: 2 other hash(es) probed, 0 intact, 0 not readable in B2; other-size copies of the name in the catalog: 0 (find_other_version would propose these for review; none is a same-size twin); no repair engine exists for this type"
B_unreadable_no_twin,moved/court/fb/your_facebook_activity/messages/inbox/bekarenae_10204547623320511/videos/365412100_7347624081920458_4354940950276135225_n_1331070587840056.mp4,consignatio/vault/v1/moved/court/fb/your_facebook_activity/messages/inbox/bekarenae_10204547623320511/videos/365412100_7347624081920458_4354940950276135225_n_1331070587840056.mp4,675270,0d95fc345c4087a9bf10b91d50a5048f3402f634,mp4,moved/court/fb/your_facebook_activity/messages/inbox/bekarenae_10204547623320511/videos,7.923,f,confirmed unreadable: extension names a marker format but the head is random bytes,"head 4 KiB read (b2 ranged GET) -> no format marker, not text, entropy 7.923; twin search by same file name + same size: 1 other hash(es) probed, 0 intact, 1 not readable in B2; other-size copies of the name in the catalog: 0 (find_other_version would propose these for review; none is a same-size twin); no repair engine exists for this type"
B_unreadable_no_twin,moved/court/fb/your_facebook_activity/messages/inbox/bekarenae_10204547623320511/videos/365418378_6237854199673939_8975157387565895882_n_7186120738082306.mp4,consignatio/vault/v1/moved/court/fb/your_facebook_activity/messages/inbox/bekarenae_10204547623320511/videos/365418378_6237854199673939_8975157387565895882_n_7186120738082306.mp4,8364937,d1fbcc266452f686e688a0a5d72ae542c59c4107,mp4,moved/court/fb/your_facebook_activity/messages/inbox/bekarenae_10204547623320511/videos,7.919,f,confirmed unreadable: extension names a marker format but the head is random bytes,"head 4 KiB read (b2 ranged GET) -> no format marker, not text, entropy 7.919; twin search by same file name + same size: 1 other hash(es) probed, 0 intact, 1 not readable in B2; other-size copies of the name in the catalog: 0 (find_other_version would propose these for review; none is a same-size twin); no repair engine exists for this type"
B_unreadable_no_twin,moved/court/fb/your_facebook_activity/messages/inbox/bekarenae_10204547623320511/videos/366005145_6442476545872773_1264250320097408923_n_1006711420462824.mp4,consignatio/vault/v1/moved/court/fb/your_facebook_activity/messages/inbox/bekarenae_10204547623320511/videos/366005145_6442476545872773_1264250320097408923_n_1006711420462824.mp4,8271599,a2d4ad5b493829651a20bc96e5ec9e88a03d02a0,mp4,moved/court/fb/your_facebook_activity/messages/inbox/bekarenae_10204547623320511/videos,7.94,f,confirmed unreadable: extension names a marker format but the head is random bytes,"head 4 KiB read (b2 ranged GET) -> no format marker, not text, entropy 7.94; twin search by same file name + same size: 1 other hash(es) probed, 0 intact, 1 not readable in B2; other-size copies of the name in the catalog: 0 (find_other_version would propose these for review; none is a same-size twin); no repair engine exists for this type"
B_unreadable_no_twin,moved/court/fb/your_facebook_activity/messages/inbox/katrinakinzel_1614217831996100/audio/audioclip1730425784000271348_547279474909119.mp4,consignatio/vault/v1/moved/court/fb/your_facebook_activity/messages/inbox/katrinakinzel_1614217831996100/audio/audioclip1730425784000271348_547279474909119.mp4,6574872,e6fda1df7bedf5a52aaff14b485e2f6c5e768096,mp4,moved/court/fb/your_facebook_activity/messages/inbox/katrinakinzel_1614217831996100/audio,7.929,f,confirmed unreadable: extension names a marker format but the head is random bytes,"head 4 KiB read (b2 ranged GET) -> no format marker, not text, entropy 7.929; twin search by same file name + same size: 2 other hash(es) probed, 0 intact, 1 not readable in B2; other-size copies of the name in the catalog: 0 (find_other_version would propose these for review; none is a same-size twin); no repair engine exists for this type"
B_unreadable_no_twin,moved/court/fb/your_facebook_activity/messages/inbox/katrinakinzel_1614217831996100/videos/313520175_5706447536045349_5731422990227650873_n_596157579573463.mp4,consignatio/vault/v1/moved/court/fb/your_facebook_activity/messages/inbox/katrinakinzel_1614217831996100/videos/313520175_5706447536045349_5731422990227650873_n_596157579573463.mp4,2788309,c9346297bef18c1a9c7ff6dd496776a0ae5e344d,mp4,moved/court/fb/your_facebook_activity/messages/inbox/katrinakinzel_1614217831996100/videos,7.939,f,confirmed unreadable: extension names a marker format but the head is random bytes,"head 4 KiB read (b2 ranged GET) -> no format marker, not text, entropy 7.939; twin search by same file name + same size: 1 other hash(es) probed, 0 intact, 1 not readable in B2; other-size copies of the name in the catalog: 0 (find_other_version would propose these for review; none is a same-size twin); no repair engine exists for this type"
B_unreadable_no_twin,moved/court/fb/your_facebook_activity/messages/inbox/katrinakinzel_1614217831996100/videos/453775340_1715825402495077_4583940881988049995_n_521707680379844.mp4,consignatio/vault/v1/moved/court/fb/your_facebook_activity/messages/inbox/katrinakinzel_1614217831996100/videos/453775340_1715825402495077_4583940881988049995_n_521707680379844.mp4,3472704,44b218bf1a2fbba2240da0dd1e169a087d9d8431,mp4,moved/court/fb/your_facebook_activity/messages/inbox/katrinakinzel_1614217831996100/videos,7.914,f,confirmed unreadable: extension names a marker format but the head is random bytes,"head 4 KiB read (b2 ranged GET) -> no format marker, not text, entropy 7.914; twin search by same file name + same size: 1 other hash(es) probed, 0 intact, 1 not readable in B2; other-size copies of the name in the catalog: 0 (find_other_version would propose these for review; none is a same-size twin); no repair engine exists for this type"
B_unreadable_no_twin,moved/court/fb/your_facebook_activity/messages/inbox/katrinakinzel_1614217831996100/videos/454158200_7765890563522623_9008370990037129440_n_1909551439511487.mp4,consignatio/vault/v1/moved/court/fb/your_facebook_activity/messages/inbox/katrinakinzel_1614217831996100/videos/454158200_7765890563522623_9008370990037129440_n_1909551439511487.mp4,1126518,41fe3697269ec2521dd768e8df19819cb5ad8f24,mp4,moved/court/fb/your_facebook_activity/messages/inbox/katrinakinzel_1614217831996100/videos,7.908,f,confirmed unreadable: extension names a marker format but the head is random bytes,"head 4 KiB read (b2 ranged GET) -> no format marker, not text, entropy 7.908; twin search by same file name + same size: 1 other hash(es) probed, 0 intact, 1 not readable in B2; other-size copies of the name in the catalog: 0 (find_other_version would propose these for review; none is a same-size twin); no repair engine exists for this type"
B_unreadable_no_twin,moved/court/fb/your_facebook_activity/messages/inbox/katrinakinzel_1614217831996100/videos/455089812_7972431772875437_1391742000981653991_n_3770205866591462.mp4,consignatio/vault/v1/moved/court/fb/your_facebook_activity/messages/inbox/katrinakinzel_1614217831996100/videos/455089812_7972431772875437_1391742000981653991_n_3770205866591462.mp4,6944552,6192d8ecaf3fb16e3596909c7cbf71e50a99c5d2,mp4,moved/court/fb/your_facebook_activity/messages/inbox/katrinakinzel_1614217831996100/videos,7.928,f,confirmed unreadable: extension names a marker format but the head is random bytes,"head 4 KiB read (b2 ranged GET) -> no format marker, not text, entropy 7.928; twin search by same file name + same size: 1 other hash(es) probed, 0 intact, 1 not readable in B2; other-size copies of the name in the catalog: 0 (find_other_version would propose these for review; none is a same-size twin); no repair engine exists for this type"
B_unreadable_no_twin,moved/court/fb/your_facebook_activity/messages/inbox/katrinakinzel_1614217831996100/videos/465054710_8874612692604885_6732870986281778367_n_1615831956008219.mp4,consignatio/vault/v1/moved/court/fb/your_facebook_activity/messages/inbox/katrinakinzel_1614217831996100/videos/465054710_8874612692604885_6732870986281778367_n_1615831956008219.mp4,2132191,05ad54cf31fead3fea270da935d5700648d3bd62,mp4,moved/court/fb/your_facebook_activity/messages/inbox/katrinakinzel_1614217831996100/videos,7.939,f,confirmed unreadable: extension names a marker format but the head is random bytes,"head 4 KiB read (b2 ranged GET) -> no format marker, not text, entropy 7.939; twin search by same file name + same size: 1 other hash(es) probed, 0 intact, 1 not readable in B2; other-size copies of the name in the catalog: 0 (find_other_version would propose these for review; none is a same-size twin); no repair engine exists for this type"
B_unreadable_no_twin,moved/court/fb/your_facebook_activity/messages/inbox/katrinakinzel_1614217831996100/videos/466255265_8953002631388393_202141687630446952_n_1252301899225175.mp4,consignatio/vault/v1/moved/court/fb/your_facebook_activity/messages/inbox/katrinakinzel_1614217831996100/videos/466255265_8953002631388393_202141687630446952_n_1252301899225175.mp4,6990205,d7f459aaf95026ad18adcae6319694da1f083cd6,mp4,moved/court/fb/your_facebook_activity/messages/inbox/katrinakinzel_1614217831996100/videos,7.903,f,confirmed unreadable: extension names a marker format but the head is random bytes,"head 4 KiB read (b2 ranged GET) -> no format marker, not text, entropy 7.903; twin search by same file name + same size: 1 other hash(es) probed, 0 intact, 1 not readable in B2; other-size copies of the name in the catalog: 0 (find_other_version would propose these for review; none is a same-size twin); no repair engine exists for this type"
B_unreadable_no_twin,moved/court/fb/your_facebook_activity/messages/inbox/katrinakinzel_1614217831996100/videos/470286338_8581293231997331_3599156660307493953_n_1100143871277784.mp4,consignatio/vault/v1/moved/court/fb/your_facebook_activity/messages/inbox/katrinakinzel_1614217831996100/videos/470286338_8581293231997331_3599156660307493953_n_1100143871277784.mp4,5731782,6f23aa2709db4b7023b6a8fddb21ca5ecc025004,mp4,moved/court/fb/your_facebook_activity/messages/inbox/katrinakinzel_1614217831996100/videos,7.945,f,confirmed unreadable: extension names a marker format but the head is random bytes,"head 4 KiB read (b2 ranged GET) -> no format marker, not text, entropy 7.945; twin search by same file name + same size: 1 other hash(es) probed, 0 intact, 1 not readable in B2; other-size copies of the name in the catalog: 0 (find_other_version would propose these for review; none is a same-size twin); no repair engine exists for this type"
B_unreadable_no_twin,moved/court/fb/your_facebook_activity/messages/inbox/katrinakinzel_1614217831996100/videos/476615403_9393959207338461_797062948557295408_n_642413668323630.mp4,consignatio/vault/v1/moved/court/fb/your_facebook_activity/messages/inbox/katrinakinzel_1614217831996100/videos/476615403_9393959207338461_797062948557295408_n_642413668323630.mp4,9548717,156ac460f9aa05e253237041b337bcf6ea45e844,mp4,moved/court/fb/your_facebook_activity/messages/inbox/katrinakinzel_1614217831996100/videos,7.89,f,confirmed unreadable: extension names a marker format but the head is random bytes,"head 4 KiB read (b2 ranged GET) -> no format marker, not text, entropy 7.89; twin search by same file name + same size: 1 other hash(es) probed, 0 intact, 1 not readable in B2; other-size copies of the name in the catalog: 0 (find_other_version would propose these for review; none is a same-size twin); no repair engine exists for this type"
B_unreadable_no_twin,moved/court/fb/your_facebook_activity/messages/inbox/katrinakinzel_1614217831996100/videos/479740947_9441419975917840_351096801205108916_n_984928770212934.mp4,consignatio/vault/v1/moved/court/fb/your_facebook_activity/messages/inbox/katrinakinzel_1614217831996100/videos/479740947_9441419975917840_351096801205108916_n_984928770212934.mp4,17076684,4b810bbefd849545f2c91f5c659ece4a6e8c288d,mp4,moved/court/fb/your_facebook_activity/messages/inbox/katrinakinzel_1614217831996100/videos,7.95,f,confirmed unreadable: extension names a marker format but the head is random bytes,"head 4 KiB read (b2 ranged GET) -> no format marker, not text, entropy 7.95; twin search by same file name + same size: 1 other hash(es) probed, 0 intact, 1 not readable in B2; other-size copies of the name in the catalog: 0 (find_other_version would propose these for review; none is a same-size twin); no repair engine exists for this type"
B_unreadable_no_twin,moved/court/fb/your_facebook_activity/messages/inbox/katrinakinzel_1614217831996100/videos/480485593_7518373661619936_1775564558919062063_n_3514844145489307.mp4,consignatio/vault/v1/moved/court/fb/your_facebook_activity/messages/inbox/katrinakinzel_1614217831996100/videos/480485593_7518373661619936_1775564558919062063_n_3514844145489307.mp4,1167650,57b9f8d86d091e668b888eacec2fea078dd60d25,mp4,moved/court/fb/your_facebook_activity/messages/inbox/katrinakinzel_1614217831996100/videos,7.912,f,confirmed unreadable: extension names a marker format but the head is random bytes,"head 4 KiB read (b2 ranged GET) -> no format marker, not text, entropy 7.912; twin search by same file name + same size: 1 other hash(es) probed, 0 intact, 1 not readable in B2; other-size copies of the name in the catalog: 0 (find_other_version would propose these for review; none is a same-size twin); no repair engine exists for this type"
B_unreadable_no_twin,moved/court/fb/your_facebook_activity/messages/inbox/katrinakinzel_1614217831996100/videos/481363202_9814195918614472_7061580924113576640_n_623569780422460.mp4,consignatio/vault/v1/moved/court/fb/your_facebook_activity/messages/inbox/katrinakinzel_1614217831996100/videos/481363202_9814195918614472_7061580924113576640_n_623569780422460.mp4,6040483,98bf88b43026c8b92f9da1f06b5b822e51257c39,mp4,moved/court/fb/your_facebook_activity/messages/inbox/katrinakinzel_1614217831996100/videos,7.913,f,confirmed unreadable: extension names a marker format but the head is random bytes,"head 4 KiB read (b2 ranged GET) -> no format marker, not text, entropy 7.913; twin search by same file name + same size: 1 other hash(es) probed, 0 intact, 1 not readable in B2; other-size copies of the name in the catalog: 0 (find_other_version would propose these for review; none is a same-size twin); no repair engine exists for this type"
B_unreadable_no_twin,moved/court/fb/your_facebook_activity/messages/inbox/katrinakinzel_1614217831996100/videos/491506392_24044688051805458_2047876351678127100_n_2143142192853659.mp4,consignatio/vault/v1/moved/court/fb/your_facebook_activity/messages/inbox/katrinakinzel_1614217831996100/videos/491506392_24044688051805458_2047876351678127100_n_2143142192853659.mp4,5592755,307826ad73eaea0cc7de0b9a97635e1e2eb65241,mp4,moved/court/fb/your_facebook_activity/messages/inbox/katrinakinzel_1614217831996100/videos,7.933,f,confirmed unreadable: extension names a marker format but the head is random bytes,"head 4 KiB read (b2 ranged GET) -> no format marker, not text, entropy 7.933; twin search by same file name + same size: 1 other hash(es) probed, 0 intact, 1 not readable in B2; other-size copies of the name in the catalog: 0 (find_other_version would propose these for review; none is a same-size twin); no repair engine exists for this type"
B_unreadable_no_twin,moved/court/fb/your_facebook_activity/messages/inbox/katrinakinzel_1614217831996100/videos/498714779_9747149518695102_2410746057287482418_n_665645786349052.mp4,consignatio/vault/v1/moved/court/fb/your_facebook_activity/messages/inbox/katrinakinzel_1614217831996100/videos/498714779_9747149518695102_2410746057287482418_n_665645786349052.mp4,5064396,6f0416076ee4406bf7d174382874a35fae54bbca,mp4,moved/court/fb/your_facebook_activity/messages/inbox/katrinakinzel_1614217831996100/videos,7.92,f,confirmed unreadable: extension names a marker format but the head is random bytes,"head 4 KiB read (b2 ranged GET) -> no format marker, not text, entropy 7.92; twin search by same file name + same size: 1 other hash(es) probed, 0 intact, 1 not readable in B2; other-size copies of the name in the catalog: 0 (find_other_version would propose these for review; none is a same-size twin); no repair engine exists for this type"
B_unreadable_no_twin,moved/court/fb/your_facebook_activity/messages/inbox/katrinakinzel_1614217831996100/videos/517406052_695311026600278_650699723254900208_n_1956912268410921.mp4,consignatio/vault/v1/moved/court/fb/your_facebook_activity/messages/inbox/katrinakinzel_1614217831996100/videos/517406052_695311026600278_650699723254900208_n_1956912268410921.mp4,2291305,78d7cbedc42ec7c484c9c77ccad7f9118b31ff8f,mp4,moved/court/fb/your_facebook_activity/messages/inbox/katrinakinzel_1614217831996100/videos,7.918,f,confirmed unreadable: extension names a marker format but the head is random bytes,"head 4 KiB read (b2 ranged GET) -> no format marker, not text, entropy 7.918; twin search by same file name + same size: 1 other hash(es) probed, 0 intact, 1 not readable in B2; other-size copies of the name in the catalog: 0 (find_other_version would propose these for review; none is a same-size twin); no repair engine exists for this type"
B_unreadable_no_twin,moved/court/fb/your_facebook_activity/messages/inbox/katrinakinzel_1614217831996100/videos/AQMsCFnxoi3MVFp92PEmK8kCumhSIfk36staJ8TMPmYnh3ojIojilHpwJbZ49dHKxHoIin0TIKnHxsIhpFdtN8115jkQqyayH6ZhZTQeRQePUM_445686469616311.mp4,consignatio/vault/v1/moved/court/fb/your_facebook_activity/messages/inbox/katrinakinzel_1614217831996100/videos/AQMsCFnxoi3MVFp92PEmK8kCumhSIfk36staJ8TMPmYnh3ojIojilHpwJbZ49dHKxHoIin0TIKnHxsIhpFdtN8115jkQqyayH6ZhZTQeRQePUM_445686469616311.mp4,1215781,db844bb9e2c4437f9274971ef8aec0a72aa0499a,mp4,moved/court/fb/your_facebook_activity/messages/inbox/katrinakinzel_1614217831996100/videos,7.867,f,confirmed unreadable: extension names a marker format but the head is random bytes,"head 4 KiB read (b2 ranged GET) -> no format marker, not text, entropy 7.867; twin search by same file name + same size: 1 other hash(es) probed, 0 intact, 1 not readable in B2; other-size copies of the name in the catalog: 0 (find_other_version would propose these for review; none is a same-size twin); no repair engine exists for this type"
B_unreadable_no_twin,moved/court/fb/your_facebook_activity/messages/inbox/katrinakinzel_1614217831996100/videos/AQNbNeGsHzFGI1OxBobY29vb2PYNvHebI_Ww4L6O7LG2TCEvLxu15qb87wIgVd2CUghL7sDoKL_aGKwhbA0lgWkchsEOWv1ShVn_ANiI7IGr9n_647435905713479.mp4,consignatio/vault/v1/moved/court/fb/your_facebook_activity/messages/inbox/katrinakinzel_1614217831996100/videos/AQNbNeGsHzFGI1OxBobY29vb2PYNvHebI_Ww4L6O7LG2TCEvLxu15qb87wIgVd2CUghL7sDoKL_aGKwhbA0lgWkchsEOWv1ShVn_ANiI7IGr9n_647435905713479.mp4,3738503,f2827cf9b6f8a72e83e4bbf336f8419b14292eed,mp4,moved/court/fb/your_facebook_activity/messages/inbox/katrinakinzel_1614217831996100/videos,7.93,f,confirmed unreadable: extension names a marker format but the head is random bytes,"head 4 KiB read (b2 ranged GET) -> no format marker, not text, entropy 7.93; twin search by same file name + same size: 1 other hash(es) probed, 0 intact, 1 not readable in B2; other-size copies of the name in the catalog: 0 (find_other_version would propose these for review; none is a same-size twin); no repair engine exists for this type"
B_unreadable_no_twin,moved/court/fb/your_facebook_activity/messages/inbox/katrinakinzel_1614217831996100/videos/AQODPve7piWgevPdS8XX_DDONqKZLCF_2aZj_eb1rxzQT0n549va2wGD5DO9kCqCVbsBjTPrhi3l8x3Af0ZtW6ski6joPC9ZW5KVjKbuWsGvTn_222413575316985.mp4,consignatio/vault/v1/moved/court/fb/your_facebook_activity/messages/inbox/katrinakinzel_1614217831996100/videos/AQODPve7piWgevPdS8XX_DDONqKZLCF_2aZj_eb1rxzQT0n549va2wGD5DO9kCqCVbsBjTPrhi3l8x3Af0ZtW6ski6joPC9ZW5KVjKbuWsGvTn_222413575316985.mp4,14873114,eb1edf095b9d03e842af4655ac560504f410fbfb,mp4,moved/court/fb/your_facebook_activity/messages/inbox/katrinakinzel_1614217831996100/videos,7.957,f,confirmed unreadable: extension names a marker format but the head is random bytes,"head 4 KiB read (b2 ranged GET) -> no format marker, not text, entropy 7.957; twin search by same file name + same size: 1 other hash(es) probed, 0 intact, 1 not readable in B2; other-size copies of the name in the catalog: 0 (find_other_version would propose these for review; none is a same-size twin); no repair engine exists for this type"
B_unreadable_no_twin,moved/court/snap//chat_media/2024-10-21_b~EiQSFWhuUWVSYXFFdG9Sd2JvN3FHWGNHNhoAGgAyAU9IAlAEYAE.mp4,consignatio/vault/v1/moved/court/snap//chat_media/2024-10-21_b~EiQSFWhuUWVSYXFFdG9Sd2JvN3FHWGNHNhoAGgAyAU9IAlAEYAE.mp4,10858,017aff8c8e82987d68daa42cc7f68cbb949faf5b,mp4,moved/court/snap//chat_media,7.95,f,confirmed unreadable: extension names a marker format but the head is random bytes,"head 4 KiB read (b2 ranged GET) -> no format marker, not text, entropy 7.95; twin search by same file name + same size: 2 other hash(es) probed, 0 intact, 1 not readable in B2; other-size copies of the name in the catalog: 0 (find_other_version would propose these for review; none is a same-size twin); no repair engine exists for this type"
B_unreadable_no_twin,recup_dir.96/f46016136.mp4,consignatio/vault/v1/recup_dir.96/f46016136.mp4,20574208,2d4300fb8e4af39b102f7bbd519d47f8fc08a206,mp4,recup_dir.96,7.941,f,confirmed unreadable: extension names a marker format but the head is random bytes,"head 4 KiB read (b2 ranged GET) -> no format marker, not text, entropy 7.941; twin search by same file name + same size: 1 other hash(es) probed, 0 intact, 0 not readable in B2; other-size copies of the name in the catalog: 1 (find_other_version would propose these for review; none is a same-size twin); no repair engine exists for this type"
B_unreadable_no_twin,recup_dir.96/f48648232.mp4,consignatio/vault/v1/recup_dir.96/f48648232.mp4,1019904,522403748ff0adcd942df372bc7ab82516287694,mp4,recup_dir.96,7.939,f,confirmed unreadable: extension names a marker format but the head is random bytes,"head 4 KiB read (b2 ranged GET) -> no format marker, not text, entropy 7.939; twin search by same file name + same size: 1 other hash(es) probed, 0 intact, 0 not readable in B2; other-size copies of the name in the catalog: 1 (find_other_version would propose these for review; none is a same-size twin); no repair engine exists for this type"
B_unreadable_no_twin,1181f451-b800-4df3-99b9-2f02f316c3ae.pdf,consignatio/vault/v1/1181f451-b800-4df3-99b9-2f02f316c3ae.pdf,26337,363ea0ae44756a923d981048231105bf63236b82,pdf,1181f451-b800-4df3-99b9-2f02f316c3ae.pdf,7.95,f,confirmed unreadable: extension names a marker format but the head is random bytes,"head 4 KiB read (b2 ranged GET) -> no format marker, not text, entropy 7.95; twin search by same file name + same size: 2 other hash(es) probed, 0 intact, 1 not readable in B2; other-size copies of the name in the catalog: 0 (find_other_version would propose these for review; none is a same-size twin); no repair engine exists for this type"
B_unreadable_no_twin,2010 W-4 Federal.pdf,consignatio/vault/v1/2010 W-4 Federal.pdf,167634,5d07ba8c0a30e675e13ac00f9be0511465c71156,pdf,2010 W-4 Federal.pdf,7.952,f,confirmed unreadable: extension names a marker format but the head is random bytes,"head 4 KiB read (b2 ranged GET) -> no format marker, not text, entropy 7.952; twin search by same file name + same size: 0 other hash(es) probed, 0 intact, 0 not readable in B2; other-size copies of the name in the catalog: 0 (find_other_version would propose these for review; none is a same-size twin); no repair engine exists for this type"
B_unreadable_no_twin,63de2706-4fbc-40a3-bba7-a73a3b232ad8.pdf,consignatio/vault/v1/63de2706-4fbc-40a3-bba7-a73a3b232ad8.pdf,59845,28561b4631e1deddee1f743de632a47c9d588510,pdf,63de2706-4fbc-40a3-bba7-a73a3b232ad8.pdf,7.769,f,confirmed unreadable: extension names a marker format but the head is random bytes,"head 4 KiB read (b2 ranged GET) -> no format marker, not text, entropy 7.769; twin search by same file name + same size: 2 other hash(es) probed, 0 intact, 1 not readable in B2; other-size copies of the name in the catalog: 0 (find_other_version would propose these for review; none is a same-size twin); no repair engine exists for this type"
B_unreadable_no_twin,99_Archive/Documents/1181f451-b800-4df3-99b9-2f02f316c3ae.pdf,consignatio/vault/v1/99_Archive/Documents/1181f451-b800-4df3-99b9-2f02f316c3ae.pdf,26337,da483c0fc6d4e5e57aed495e8227df41ba20174b,pdf,99_Archive/Documents,7.944,f,confirmed unreadable: extension names a marker format but the head is random bytes,"head 4 KiB read (b2 ranged GET) -> no format marker, not text, entropy 7.944; twin search by same file name + same size: 2 other hash(es) probed, 0 intact, 1 not readable in B2; other-size copies of the name in the catalog: 0 (find_other_version would propose these for review; none is a same-size twin); no repair engine exists for this type"
B_unreadable_no_twin,99_Archive/Documents/504c1478-7b22-4d76-80fc-5826ec1d3098.pdf,consignatio/vault/v1/99_Archive/Documents/504c1478-7b22-4d76-80fc-5826ec1d3098.pdf,43947,73684b3d76af9a0b02f23f87d97a9c27e58e7324,pdf,99_Archive/Documents,7.955,f,confirmed unreadable: extension names a marker format but the head is random bytes,"head 4 KiB read (b2 ranged GET) -> no format marker, not text, entropy 7.955; twin search by same file name + same size: 2 other hash(es) probed, 0 intact, 1 not readable in B2; other-size copies of the name in the catalog: 0 (find_other_version would propose these for review; none is a same-size twin); no repair engine exists for this type"
B_unreadable_no_twin,99_Archive/Documents/63de2706-4fbc-40a3-bba7-a73a3b232ad8.pdf,consignatio/vault/v1/99_Archive/Documents/63de2706-4fbc-40a3-bba7-a73a3b232ad8.pdf,59845,c1719b212b01b35d082add4300d20cbfbb8f95fc,pdf,99_Archive/Documents,7.953,f,confirmed unreadable: extension names a marker format but the head is random bytes,"head 4 KiB read (b2 ranged GET) -> no format marker, not text, entropy 7.953; twin search by same file name + same size: 2 other hash(es) probed, 0 intact, 1 not readable in B2; other-size copies of the name in the catalog: 0 (find_other_version would propose these for review; none is a same-size twin); no repair engine exists for this type"
B_unreadable_no_twin,99_Archive/Documents/7f1f71f0-b13a-4c9d-8247-dd04d111ef18.pdf,consignatio/vault/v1/99_Archive/Documents/7f1f71f0-b13a-4c9d-8247-dd04d111ef18.pdf,55094,65b567fd373f3ceced87fb24b11ecaedcb970ba5,pdf,99_Archive/Documents,7.952,f,confirmed unreadable: extension names a marker format but the head is random bytes,"head 4 KiB read (b2 ranged GET) -> no format marker, not text, entropy 7.952; twin search by same file name + same size: 2 other hash(es) probed, 0 intact, 1 not readable in B2; other-size copies of the name in the catalog: 0 (find_other_version would propose these for review; none is a same-size twin); no repair engine exists for this type"
B_unreadable_no_twin,99_Archive/Documents/Annual Credit Report - Experian 2.pdf,consignatio/vault/v1/99_Archive/Documents/Annual Credit Report - Experian 2.pdf,282042,3ae7040c2d481dee1c08c292052df6603a737836,pdf,99_Archive/Documents,7.757,f,confirmed unreadable: extension names a marker format but the head is random bytes,"head 4 KiB read (b2 ranged GET) -> no format marker, not text, entropy 7.757; twin search by same file name + same size: 2 other hash(es) probed, 0 intact, 1 not readable in B2; other-size copies of the name in the catalog: 0 (find_other_version would propose these for review; none is a same-size twin); no repair engine exists for this type"
B_unreadable_no_twin,99_Archive/Documents/Antidepressants - StatPearls - NCBI Bookshelf.pdf,consignatio/vault/v1/99_Archive/Documents/Antidepressants - StatPearls - NCBI Bookshelf.pdf,222494,4ffcec3cd0094f737d71bb6c15a18e376d6b3cc6,pdf,99_Archive/Documents,7.935,f,confirmed unreadable: extension names a marker format but the head is random bytes,"head 4 KiB read (b2 ranged GET) -> no format marker, not text, entropy 7.935; twin search by same file name + same size: 2 other hash(es) probed, 0 intact, 1 not readable in B2; other-size copies of the name in the catalog: 0 (find_other_version would propose these for review; none is a same-size twin); no repair engine exists for this type"
B_unreadable_no_twin,99_Archive/Documents/bbd4e5e8-4115-4682-88a0-4b396be41be1.pdf,consignatio/vault/v1/99_Archive/Documents/bbd4e5e8-4115-4682-88a0-4b396be41be1.pdf,55094,817f615c19c3fa5a6920f34011c725d02a9b7c4e,pdf,99_Archive/Documents,7.949,f,confirmed unreadable: extension names a marker format but the head is random bytes,"head 4 KiB read (b2 ranged GET) -> no format marker, not text, entropy 7.949; twin search by same file name + same size: 2 other hash(es) probed, 0 intact, 1 not readable in B2; other-size copies of the name in the catalog: 0 (find_other_version would propose these for review; none is a same-size twin); no repair engine exists for this type"
B_unreadable_no_twin,99_Archive/Documents/Bill PDF.pdf,consignatio/vault/v1/99_Archive/Documents/Bill PDF.pdf,372587,08695fbe0618809d748c733953478bc4806fd39b,pdf,99_Archive/Documents,7.951,f,confirmed unreadable: extension names a marker format but the head is random bytes,"head 4 KiB read (b2 ranged GET) -> no format marker, not text, entropy 7.951; twin search by same file name + same size: 2 other hash(es) probed, 0 intact, 1 not readable in B2; other-size copies of the name in the catalog: 0 (find_other_version would propose these for review; none is a same-size twin); no repair engine exists for this type"
B_unreadable_no_twin,99_Archive/Documents/cb2ee4fa-8391-43ac-8d1f-c62a69f3a077.pdf,consignatio/vault/v1/99_Archive/Documents/cb2ee4fa-8391-43ac-8d1f-c62a69f3a077.pdf,27993,64e50a19b44ad2d86152e8c606c302268f5eb967,pdf,99_Archive/Documents,7.955,f,confirmed unreadable: extension names a marker format but the head is random bytes,"head 4 KiB read (b2 ranged GET) -> no format marker, not text, entropy 7.955; twin search by same file name + same size: 2 other hash(es) probed, 0 intact, 1 not readable in B2; other-size copies of the name in the catalog: 0 (find_other_version would propose these for review; none is a same-size twin); no repair engine exists for this type"
B_unreadable_no_twin,99_Archive/Documents/combining-antidepressants-a-review-of-evidence.pdf,consignatio/vault/v1/99_Archive/Documents/combining-antidepressants-a-review-of-evidence.pdf,351476,55dfa6a17b6eadeeba964f8371541a7ce7a1aba3,pdf,99_Archive/Documents,7.941,f,confirmed unreadable: extension names a marker format but the head is random bytes,"head 4 KiB read (b2 ranged GET) -> no format marker, not text, entropy 7.941; twin search by same file name + same size: 2 other hash(es) probed, 0 intact, 1 not readable in B2; other-size copies of the name in the catalog: 0 (find_other_version would propose these for review; none is a same-size twin); no repair engine exists for this type"
B_unreadable_no_twin,99_Archive/Documents/Enzos Paystubs.pdf,consignatio/vault/v1/99_Archive/Documents/Enzos Paystubs.pdf,49603,095d7fcbc5292348eacb03e266c38be6a8ed544f,pdf,99_Archive/Documents,7.902,f,confirmed unreadable: extension names a marker format but the head is random bytes,"head 4 KiB read (b2 ranged GET) -> no format marker, not text, entropy 7.902; twin search by same file name + same size: 2 other hash(es) probed, 0 intact, 1 not readable in B2; other-size copies of the name in the catalog: 0 (find_other_version would propose these for review; none is a same-size twin); no repair engine exists for this type"
B_unreadable_no_twin,99_Archive/Documents/https%2Fannualcreditreport.transunion.com%2Fdss%2Fdisclosure.page 2.pdf,consignatio/vault/v1/99_Archive/Documents/https%2Fannualcreditreport.transunion.com%2Fdss%2Fdisclosure.page 2.pdf,239343,b23cbb0c0b83858b9e29beac173c6d873d29a6fe,pdf,99_Archive/Documents,7.947,f,confirmed unreadable: extension names a marker format but the head is random bytes,"head 4 KiB read (b2 ranged GET) -> no format marker, not text, entropy 7.947; twin search by same file name + same size: 2 other hash(es) probed, 0 intact, 1 not readable in B2; other-size copies of the name in the catalog: 0 (find_other_version would propose these for review; none is a same-size twin); no repair engine exists for this type"
B_unreadable_no_twin,99_Archive/Documents/https%2Fannualcreditreport.transunion.com%2Fdss%2Fdisclosure.page.pdf,consignatio/vault/v1/99_Archive/Documents/https%2Fannualcreditreport.transunion.com%2Fdss%2Fdisclosure.page.pdf,237398,e10ea34b65760d672760dbd775d62527711d92bf,pdf,99_Archive/Documents,7.95,f,confirmed unreadable: extension names a marker format but the head is random bytes,"head 4 KiB read (b2 ranged GET) -> no format marker, not text, entropy 7.95; twin search by same file name + same size: 2 other hash(es) probed, 0 intact, 1 not readable in B2; other-size copies of the name in the catalog: 0 (find_other_version would propose these for review; none is a same-size twin); no repair engine exists for this type"
B_unreadable_no_twin,99_Archive/Documents/loan_agreement.pdf,consignatio/vault/v1/99_Archive/Documents/loan_agreement.pdf,42935,1b7a6dcf02e06b373692a693d3b4f559db10d490,pdf,99_Archive/Documents,7.871,f,confirmed unreadable: extension names a marker format but the head is random bytes,"head 4 KiB read (b2 ranged GET) -> no format marker, not text, entropy 7.871; twin search by same file name + same size: 2 other hash(es) probed, 0 intact, 1 not readable in B2; other-size copies of the name in the catalog: 0 (find_other_version would propose these for review; none is a same-size twin); no repair engine exists for this type"
B_unreadable_no_twin,99_Archive/Documents/m84469608266-2025-05-03T174243.907Z.pdf,consignatio/vault/v1/99_Archive/Documents/m84469608266-2025-05-03T174243.907Z.pdf,99040,17e15375507b899725bdf9fc69697cfce3671025,pdf,99_Archive/Documents,7.947,f,confirmed unreadable: extension names a marker format but the head is random bytes,"head 4 KiB read (b2 ranged GET) -> no format marker, not text, entropy 7.947; twin search by same file name + same size: 2 other hash(es) probed, 0 intact, 1 not readable in B2; other-size copies of the name in the catalog: 0 (find_other_version would propose these for review; none is a same-size twin); no repair engine exists for this type"
B_unreadable_no_twin,99_Archive/Documents/Matthew-Salem.pdf,consignatio/vault/v1/99_Archive/Documents/Matthew-Salem.pdf,95181,ed78effa241cc9a573b292a0f79d33862e65b3a2,pdf,99_Archive/Documents,7.508,f,confirmed unreadable: extension names a marker format but the head is random bytes,"head 4 KiB read (b2 ranged GET) -> no format marker, not text, entropy 7.508; twin search by same file name + same size: 1 other hash(es) probed, 0 intact, 0 not readable in B2; other-size copies of the name in the catalog: 1 (find_other_version would propose these for review; none is a same-size twin); no repair engine exists for this type"
B_unreadable_no_twin,99_Archive/Documents/MultipleCheckStubs 2.pdf,consignatio/vault/v1/99_Archive/Documents/MultipleCheckStubs 2.pdf,54992,daa28c19638d46c828c8edf58cd0b1521107f0f9,pdf,99_Archive/Documents,7.899,f,confirmed unreadable: extension names a marker format but the head is random bytes,"head 4 KiB read (b2 ranged GET) -> no format marker, not text, entropy 7.899; twin search by same file name + same size: 2 other hash(es) probed, 0 intact, 1 not readable in B2; other-size copies of the name in the catalog: 0 (find_other_version would propose these for review; none is a same-size twin); no repair engine exists for this type"
B_unreadable_no_twin,99_Archive/Documents/MultipleCheckStubs.pdf,consignatio/vault/v1/99_Archive/Documents/MultipleCheckStubs.pdf,36787,bfdf00439b9552b2f9b4e73608d14d9c3952b7ed,pdf,99_Archive/Documents,7.922,f,confirmed unreadable: extension names a marker format but the head is random bytes,"head 4 KiB read (b2 ranged GET) -> no format marker, not text, entropy 7.922; twin search by same file name + same size: 2 other hash(es) probed, 0 intact, 1 not readable in B2; other-size copies of the name in the catalog: 0 (find_other_version would propose these for review; none is a same-size twin); no repair engine exists for this type"
B_unreadable_no_twin,99_Archive/Documents/Rental Application (2).pdf,consignatio/vault/v1/99_Archive/Documents/Rental Application (2).pdf,42578,6a1c7bdca674f595a2b2eef17dd50ce3b8a920b2,pdf,99_Archive/Documents,7.947,f,confirmed unreadable: extension names a marker format but the head is random bytes,"head 4 KiB read (b2 ranged GET) -> no format marker, not text, entropy 7.947; twin search by same file name + same size: 2 other hash(es) probed, 0 intact, 1 not readable in B2; other-size copies of the name in the catalog: 0 (find_other_version would propose these for review; none is a same-size twin); no repair engine exists for this type"
B_unreadable_no_twin,"99_Archive/Documents/Sat, Jan 25, 2025 at 1001 PM.pdf","consignatio/vault/v1/99_Archive/Documents/Sat, Jan 25, 2025 at 1001 PM.pdf",191953,b82df5904ec30836d7cacafe123d5a1c6583525e,pdf,99_Archive/Documents,7.96,f,confirmed unreadable: extension names a marker format but the head is random bytes,"head 4 KiB read (b2 ranged GET) -> no format marker, not text, entropy 7.96; twin search by same file name + same size: 2 other hash(es) probed, 0 intact, 1 not readable in B2; other-size copies of the name in the catalog: 0 (find_other_version would propose these for review; none is a same-size twin); no repair engine exists for this type"
B_unreadable_no_twin,99_Archive/Documents/statement 2024-04-09 000000.pdf,consignatio/vault/v1/99_Archive/Documents/statement 2024-04-09 000000.pdf,26607,7c2fed282b8a61a3e26653c19fb1f862b316f73f,pdf,99_Archive/Documents,7.881,f,confirmed unreadable: extension names a marker format but the head is random bytes,"head 4 KiB read (b2 ranged GET) -> no format marker, not text, entropy 7.881; twin search by same file name + same size: 2 other hash(es) probed, 0 intact, 1 not readable in B2; other-size copies of the name in the catalog: 0 (find_other_version would propose these for review; none is a same-size twin); no repair engine exists for this type"
B_unreadable_no_twin,99_Archive/Documents/statement 2024-07-09 000000.pdf,consignatio/vault/v1/99_Archive/Documents/statement 2024-07-09 000000.pdf,27625,87ee83272e8029b675a2a4bf3180b86d2f81a48f,pdf,99_Archive/Documents,7.897,f,confirmed unreadable: extension names a marker format but the head is random bytes,"head 4 KiB read (b2 ranged GET) -> no format marker, not text, entropy 7.897; twin search by same file name + same size: 2 other hash(es) probed, 0 intact, 1 not readable in B2; other-size copies of the name in the catalog: 0 (find_other_version would propose these for review; none is a same-size twin); no repair engine exists for this type"
B_unreadable_no_twin,99_Archive/Documents/tenant_ledger-matthew_s_salem-20250305.pdf,consignatio/vault/v1/99_Archive/Documents/tenant_ledger-matthew_s_salem-20250305.pdf,51076,1e4b542c0535acbc33fd37e24859c939f416aa7d,pdf,99_Archive/Documents,7.958,f,confirmed unreadable: extension names a marker format but the head is random bytes,"head 4 KiB read (b2 ranged GET) -> no format marker, not text, entropy 7.958; twin search by same file name + same size: 2 other hash(es) probed, 0 intact, 1 not readable in B2; other-size copies of the name in the catalog: 0 (find_other_version would propose these for review; none is a same-size twin); no repair engine exists for this type"
B_unreadable_no_twin,99_Archive/Documents/treatment_of_resistant_depression.pdf,consignatio/vault/v1/99_Archive/Documents/treatment_of_resistant_depression.pdf,211781,9e853e54b3886e024eebd413e1bb39d8d285d9c1,pdf,99_Archive/Documents,7.952,f,confirmed unreadable: extension names a marker format but the head is random bytes,"head 4 KiB read (b2 ranged GET) -> no format marker, not text, entropy 7.952; twin search by same file name + same size: 2 other hash(es) probed, 0 intact, 1 not readable in B2; other-size copies of the name in the catalog: 0 (find_other_version would propose these for review; none is a same-size twin); no repair engine exists for this type"
B_unreadable_no_twin,99_Archive/Documents/Tricyclic antidepressant pharmacology and therape….pdf,consignatio/vault/v1/99_Archive/Documents/Tricyclic antidepressant pharmacology and therape….pdf,240586,daa9aece25c8c93b3617519cc16e110aab867b1e,pdf,99_Archive/Documents,7.953,f,confirmed unreadable: extension names a marker format but the head is random bytes,"head 4 KiB read (b2 ranged GET) -> no format marker, not text, entropy 7.953; twin search by same file name + same size: 2 other hash(es) probed, 0 intact, 1 not readable in B2; other-size copies of the name in the catalog: 0 (find_other_version would propose these for review; none is a same-size twin); no repair engine exists for this type"
B_unreadable_no_twin,99_Archive/Documents/Your Credit Health  Credit Karma 3.pdf,consignatio/vault/v1/99_Archive/Documents/Your Credit Health  Credit Karma 3.pdf,365996,51e92ae6a7b22c7d917a798255b19cdf8f7b8a8f,pdf,99_Archive/Documents,7.94,f,confirmed unreadable: extension names a marker format but the head is random bytes,"head 4 KiB read (b2 ranged GET) -> no format marker, not text, entropy 7.94; twin search by same file name + same size: 2 other hash(es) probed, 0 intact, 1 not readable in B2; other-size copies of the name in the catalog: 0 (find_other_version would propose these for review; none is a same-size twin); no repair engine exists for this type"
B_unreadable_no_twin,99_Archive/Documents/Your Credit Health  Credit Karma.pdf,consignatio/vault/v1/99_Archive/Documents/Your Credit Health  Credit Karma.pdf,365227,a5d4817019bd5ff7f4dc474199a7d336f451a19b,pdf,99_Archive/Documents,7.957,f,confirmed unreadable: extension names a marker format but the head is random bytes,"head 4 KiB read (b2 ranged GET) -> no format marker, not text, entropy 7.957; twin search by same file name + same size: 2 other hash(es) probed, 0 intact, 1 not readable in B2; other-size copies of the name in the catalog: 0 (find_other_version would propose these for review; none is a same-size twin); no repair engine exists for this type"
B_unreadable_no_twin,Annual Credit Report - Experian 2.pdf,consignatio/vault/v1/Annual Credit Report - Experian 2.pdf,282042,c5e11ddd2407f548f8bee368dd3d4d52d855d61e,pdf,Annual Credit Report - Experian 2.pdf,7.888,f,confirmed unreadable: extension names a marker format but the head is random bytes,"head 4 KiB read (b2 ranged GET) -> no format marker, not text, entropy 7.888; twin search by same file name + same size: 2 other hash(es) probed, 0 intact, 1 not readable in B2; other-size copies of the name in the catalog: 0 (find_other_version would propose these for review; none is a same-size twin); no repair engine exists for this type"
B_unreadable_no_twin,Antidepressants - StatPearls - NCBI Bookshelf.pdf,consignatio/vault/v1/Antidepressants - StatPearls - NCBI Bookshelf.pdf,222494,172b43b2ac04defe66900a0da01b16d7b3b5c413,pdf,Antidepressants - StatPearls - NCBI Bookshelf.pdf,7.952,f,confirmed unreadable: extension names a marker format but the head is random bytes,"head 4 KiB read (b2 ranged GET) -> no format marker, not text, entropy 7.952; twin search by same file name + same size: 2 other hash(es) probed, 0 intact, 1 not readable in B2; other-size copies of the name in the catalog: 0 (find_other_version would propose these for review; none is a same-size twin); no repair engine exists for this type"
B_unreadable_no_twin,_backup_import/CSV/cis331.pdf,consignatio/vault/v1/_backup_import/CSV/cis331.pdf,144014,9b5f62a7e64188b0ff7bf648c080fba181878aec,pdf,_backup_import/CSV,7.958,f,confirmed unreadable: extension names a marker format but the head is random bytes,"head 4 KiB read (b2 ranged GET) -> no format marker, not text, entropy 7.958; twin search by same file name + same size: 0 other hash(es) probed, 0 intact, 0 not readable in B2; other-size copies of the name in the catalog: 0 (find_other_version would propose these for review; none is a same-size twin); no repair engine exists for this type"
B_unreadable_no_twin,_backup_import/CSV/Congratulations! You can now accept credit cards with Intuit Merchant Service for QuickBooks..pdf,consignatio/vault/v1/_backup_import/CSV/Congratulations! You can now accept credit cards with Intuit Merchant Service for QuickBooks..pdf,116495,509a8356ec7e0423a040f058b9f461545acc7b52,pdf,_backup_import/CSV,7.954,f,confirmed unreadable: extension names a marker format but the head is random bytes,"head 4 KiB read (b2 ranged GET) -> no format marker, not text, entropy 7.954; twin search by same file name + same size: 0 other hash(es) probed, 0 intact, 0 not readable in B2; other-size copies of the name in the catalog: 0 (find_other_version would propose these for review; none is a same-size twin); no repair engine exists for this type"
B_unreadable_no_twin,_backup_import/CSV/courts.mi.gov_Administration_SCAO_OfficesPrograms_FOC_Documents_FAQs_FAQ2013-01.pdf,consignatio/vault/v1/_backup_import/CSV/courts.mi.gov_Administration_SCAO_OfficesPrograms_FOC_Documents_FAQs_FAQ2013-01.pdf,76299,03cd71838e176228bf11f82c4c87547ffb5c51d6,pdf,_backup_import/CSV,7.954,f,confirmed unreadable: extension names a marker format but the head is random bytes,"head 4 KiB read (b2 ranged GET) -> no format marker, not text, entropy 7.954; twin search by same file name + same size: 0 other hash(es) probed, 0 intact, 0 not readable in B2; other-size copies of the name in the catalog: 0 (find_other_version would propose these for review; none is a same-size twin); no repair engine exists for this type"
B_unreadable_no_twin,_backup_import/CSV/Customer Remittance Option.pdf,consignatio/vault/v1/_backup_import/CSV/Customer Remittance Option.pdf,62962,bfded710d4c1863c930699bf08b09030b1c8c536,pdf,_backup_import/CSV,7.96,f,confirmed unreadable: extension names a marker format but the head is random bytes,"head 4 KiB read (b2 ranged GET) -> no format marker, not text, entropy 7.96; twin search by same file name + same size: 0 other hash(es) probed, 0 intact, 0 not readable in B2; other-size copies of the name in the catalog: 0 (find_other_version would propose these for review; none is a same-size twin); no repair engine exists for this type"
B_unreadable_no_twin,_backup_import/CSV/DAMVS-Laywer.pdf,consignatio/vault/v1/_backup_import/CSV/DAMVS-Laywer.pdf,918110,f77035be7b3d7e861182679462e70baf3ec84ed6,pdf,_backup_import/CSV,7.948,f,confirmed unreadable: extension names a marker format but the head is random bytes,"head 4 KiB read (b2 ranged GET) -> no format marker, not text, entropy 7.948; twin search by same file name + same size: 0 other hash(es) probed, 0 intact, 0 not readable in B2; other-size copies of the name in the catalog: 0 (find_other_version would propose these for review; none is a same-size twin); no repair engine exists for this type"
B_unreadable_no_twin,_backup_import/CSV/f2553.pdf,consignatio/vault/v1/_backup_import/CSV/f2553.pdf,118750,02c68c380dd20a7766c5d4a6a8df7a94033d4517,pdf,_backup_import/CSV,7.952,f,confirmed unreadable: extension names a marker format but the head is random bytes,"head 4 KiB read (b2 ranged GET) -> no format marker, not text, entropy 7.952; twin search by same file name + same size: 0 other hash(es) probed, 0 intact, 0 not readable in B2; other-size copies of the name in the catalog: 0 (find_other_version would propose these for review; none is a same-size twin); no repair engine exists for this type"
B_unreadable_no_twin,_backup_import/CSV/invoice-9-19.pdf,consignatio/vault/v1/_backup_import/CSV/invoice-9-19.pdf,119108,60347681d144aa5ab96671c1ffba8d1400e382a1,pdf,_backup_import/CSV,7.949,f,confirmed unreadable: extension names a marker format but the head is random bytes,"head 4 KiB read (b2 ranged GET) -> no format marker, not text, entropy 7.949; twin search by same file name + same size: 0 other hash(es) probed, 0 intact, 0 not readable in B2; other-size copies of the name in the catalog: 0 (find_other_version would propose these for review; none is a same-size twin); no repair engine exists for this type"
B_unreadable_no_twin,_backup_import/CSV/invoice.pdf,consignatio/vault/v1/_backup_import/CSV/invoice.pdf,113789,c01a48ddc2b695877e78f4a92b988e30daa30441,pdf,_backup_import/CSV,7.637,f,confirmed unreadable: extension names a marker format but the head is random bytes,"head 4 KiB read (b2 ranged GET) -> no format marker, not text, entropy 7.637; twin search by same file name + same size: 0 other hash(es) probed, 0 intact, 0 not readable in B2; other-size copies of the name in the catalog: 0 (find_other_version would propose these for review; none is a same-size twin); no repair engine exists for this type"
B_unreadable_no_twin,_backup_import/CSV/luckys invoice 1-31.pdf,consignatio/vault/v1/_backup_import/CSV/luckys invoice 1-31.pdf,12497,326334a23843f15b6dc5a0582eb279d7c19ee8ff,pdf,_backup_import/CSV,7.876,f,confirmed unreadable: extension names a marker format but the head is random bytes,"head 4 KiB read (b2 ranged GET) -> no format marker, not text, entropy 7.876; twin search by same file name + same size: 0 other hash(es) probed, 0 intact, 0 not readable in B2; other-size copies of the name in the catalog: 0 (find_other_version would propose these for review; none is a same-size twin); no repair engine exists for this type"
B_unreadable_no_twin,_backup_import/CSV/marouinvoice9-25.pdf,consignatio/vault/v1/_backup_import/CSV/marouinvoice9-25.pdf,112918,826dda441e4fa0b00f3153d3cca7072b3a574505,pdf,_backup_import/CSV,7.93,f,confirmed unreadable: extension names a marker format but the head is random bytes,"head 4 KiB read (b2 ranged GET) -> no format marker, not text, entropy 7.93; twin search by same file name + same size: 0 other hash(es) probed, 0 intact, 0 not readable in B2; other-size copies of the name in the catalog: 0 (find_other_version would propose these for review; none is a same-size twin); no repair engine exists for this type"
B_unreadable_no_twin,_backup_import/CSV/Mcfee.pdf,consignatio/vault/v1/_backup_import/CSV/Mcfee.pdf,88317,7daa1ecd54c9b154f47e318846ac65edb2661779,pdf,_backup_import/CSV,7.925,f,confirmed unreadable: extension names a marker format but the head is random bytes,"head 4 KiB read (b2 ranged GET) -> no format marker, not text, entropy 7.925; twin search by same file name + same size: 0 other hash(es) probed, 0 intact, 0 not readable in B2; other-size copies of the name in the catalog: 0 (find_other_version would propose these for review; none is a same-size twin); no repair engine exists for this type"
B_unreadable_no_twin,_backup_import/CSV/Monitor and Tune for Performance.pdf,consignatio/vault/v1/_backup_import/CSV/Monitor and Tune for Performance.pdf,716292,00573b9de9a6988ecf9d1d2a4cf5acbe112c5445,pdf,_backup_import/CSV,7.956,f,confirmed unreadable: extension names a marker format but the head is random bytes,"head 4 KiB read (b2 ranged GET) -> no format marker, not text, entropy 7.956; twin search by same file name + same size: 0 other hash(es) probed, 0 intact, 0 not readable in B2; other-size copies of the name in the catalog: 0 (find_other_version would propose these for review; none is a same-size twin); no repair engine exists for this type"
B_unreadable_no_twin,_backup_import/CSV/MyHomeDepotList.pdf,consignatio/vault/v1/_backup_import/CSV/MyHomeDepotList.pdf,535488,f436bfbb8e25b8a04c3ffc175287aa879ffbf534,pdf,_backup_import/CSV,7.933,f,confirmed unreadable: extension names a marker format but the head is random bytes,"head 4 KiB read (b2 ranged GET) -> no format marker, not text, entropy 7.933; twin search by same file name + same size: 0 other hash(es) probed, 0 intact, 0 not readable in B2; other-size copies of the name in the catalog: 0 (find_other_version would propose these for review; none is a same-size twin); no repair engine exists for this type"
B_unreadable_no_twin,_backup_import/facebook-potentiallycursed85-2025-08-18-Ey12Pico (1)/your_facebook_activity/messages/inbox/bekarenae_10204547623320511/files/AFFIDAVITOFMATTHEWSALEMINSUPPORTOFEMERGENCYEXPARTEMOTION_591609514021765.pdf,consignatio/vault/v1/_backup_import/facebook-potentiallycursed85-2025-08-18-Ey12Pico (1)/your_facebook_activity/messages/inbox/bekarenae_10204547623320511/files/AFFIDAVITOFMATTHEWSALEMINSUPPORTOFEMERGENCYEXPARTEMOTION_591609514021765.pdf,95511,ebc53fd53a4beab827735946442850d6e5565bc5,pdf,_backup_import/facebook-potentiallycursed85-2025-08-18-Ey12Pico (1)/your_facebook_activity/messages/inbox/bekarenae_10204547623320511/files,7.953,f,confirmed unreadable: extension names a marker format but the head is random bytes,"head 4 KiB read (b2 ranged GET) -> no format marker, not text, entropy 7.953; twin search by same file name + same size: 2 other hash(es) probed, 0 intact, 1 not readable in B2; other-size copies of the name in the catalog: 0 (find_other_version would propose these for review; none is a same-size twin); no repair engine exists for this type"
B_unreadable_no_twin,_backup_import/Takeout/My Activity/Gemini Apps/Legal Document Formatting Assista-9faa170b07eb6db5.pdf,consignatio/vault/v1/_backup_import/Takeout/My Activity/Gemini Apps/Legal Document Formatting Assista-9faa170b07eb6db5.pdf,161764,ec828121258468ab90c8551beb2d587574e53c08,pdf,_backup_import/Takeout/My Activity/Gemini Apps,7.956,f,confirmed unreadable: extension names a marker format but the head is random bytes,"head 4 KiB read (b2 ranged GET) -> no format marker, not text, entropy 7.956; twin search by same file name + same size: 1 other hash(es) probed, 0 intact, 1 not readable in B2; other-size copies of the name in the catalog: 0 (find_other_version would propose these for review; none is a same-size twin); no repair engine exists for this type"
B_unreadable_no_twin,bbd4e5e8-4115-4682-88a0-4b396be41be1.pdf,consignatio/vault/v1/bbd4e5e8-4115-4682-88a0-4b396be41be1.pdf,55094,844c3fb02314b7d2006e8b3434cc067de7e81274,pdf,bbd4e5e8-4115-4682-88a0-4b396be41be1.pdf,7.957,f,confirmed unreadable: extension names a marker format but the head is random bytes,"head 4 KiB read (b2 ranged GET) -> no format marker, not text, entropy 7.957; twin search by same file name + same size: 2 other hash(es) probed, 0 intact, 1 not readable in B2; other-size copies of the name in the catalog: 0 (find_other_version would propose these for review; none is a same-size twin); no repair engine exists for this type"
B_unreadable_no_twin,Bill PDF.pdf,consignatio/vault/v1/Bill PDF.pdf,372587,b193d27012a1c5221eb20fc8ab016848090d62bf,pdf,Bill PDF.pdf,7.952,f,confirmed unreadable: extension names a marker format but the head is random bytes,"head 4 KiB read (b2 ranged GET) -> no format marker, not text, entropy 7.952; twin search by same file name + same size: 2 other hash(es) probed, 0 intact, 1 not readable in B2; other-size copies of the name in the catalog: 0 (find_other_version would propose these for review; none is a same-size twin); no repair engine exists for this type"
B_unreadable_no_twin,cb2ee4fa-8391-43ac-8d1f-c62a69f3a077.pdf,consignatio/vault/v1/cb2ee4fa-8391-43ac-8d1f-c62a69f3a077.pdf,27993,da380098eb7276c3073c1872547ce8a2cd868b39,pdf,cb2ee4fa-8391-43ac-8d1f-c62a69f3a077.pdf,7.948,f,confirmed unreadable: extension names a marker format but the head is random bytes,"head 4 KiB read (b2 ranged GET) -> no format marker, not text, entropy 7.948; twin search by same file name + same size: 2 other hash(es) probed, 0 intact, 1 not readable in B2; other-size copies of the name in the catalog: 0 (find_other_version would propose these for review; none is a same-size twin); no repair engine exists for this type"
B_unreadable_no_twin,CheckStub_2024-06-21 2.pdf,consignatio/vault/v1/CheckStub_2024-06-21 2.pdf,6791,1cab778791d1cfb4c178b8f5b9e381e057cbc171,pdf,CheckStub_2024-06-21 2.pdf,7.953,f,confirmed unreadable: extension names a marker format but the head is random bytes,"head 4 KiB read (b2 ranged GET) -> no format marker, not text, entropy 7.953; twin search by same file name + same size: 3 other hash(es) probed, 0 intact, 2 not readable in B2; other-size copies of the name in the catalog: 0 (find_other_version would propose these for review; none is a same-size twin); no repair engine exists for this type"
B_unreadable_no_twin,CheckStub_2024-06-21.pdf,consignatio/vault/v1/CheckStub_2024-06-21.pdf,6791,5ccfd197492592ef6af1fe893878a4561532454a,pdf,CheckStub_2024-06-21.pdf,7.918,f,confirmed unreadable: extension names a marker format but the head is random bytes,"head 4 KiB read (b2 ranged GET) -> no format marker, not text, entropy 7.918; twin search by same file name + same size: 3 other hash(es) probed, 0 intact, 2 not readable in B2; other-size copies of the name in the catalog: 0 (find_other_version would propose these for review; none is a same-size twin); no repair engine exists for this type"
B_unreadable_no_twin,combining-antidepressants-a-review-of-evidence.pdf,consignatio/vault/v1/combining-antidepressants-a-review-of-evidence.pdf,351476,ccb828c3c425f109bd6266f7a53a52cd2a633a84,pdf,combining-antidepressants-a-review-of-evidence.pdf,7.937,f,confirmed unreadable: extension names a marker format but the head is random bytes,"head 4 KiB read (b2 ranged GET) -> no format marker, not text, entropy 7.937; twin search by same file name + same size: 2 other hash(es) probed, 0 intact, 1 not readable in B2; other-size copies of the name in the catalog: 0 (find_other_version would propose these for review; none is a same-size twin); no repair engine exists for this type"
B_unreadable_no_twin,Documents/CheckStub_2024-03-28.pdf,consignatio/vault/v1/Documents/CheckStub_2024-03-28.pdf,6738,dace75284fdd87d7f3779964ffdd3650b9783fef,pdf,Documents,7.954,f,confirmed unreadable: extension names a marker format but the head is random bytes,"head 4 KiB read (b2 ranged GET) -> no format marker, not text, entropy 7.954; twin search by same file name + same size: 2 other hash(es) probed, 0 intact, 1 not readable in B2; other-size copies of the name in the catalog: 0 (find_other_version would propose these for review; none is a same-size twin); no repair engine exists for this type"
B_unreadable_no_twin,Documents/CheckStub_2024-06-21 2.pdf,consignatio/vault/v1/Documents/CheckStub_2024-06-21 2.pdf,6791,81185c0ad269f3f8ab1f7c5f71c1418387de8485,pdf,Documents,7.956,f,confirmed unreadable: extension names a marker format but the head is random bytes,"head 4 KiB read (b2 ranged GET) -> no format marker, not text, entropy 7.956; twin search by same file name + same size: 2 other hash(es) probed, 0 intact, 2 not readable in B2; other-size copies of the name in the catalog: 0 (find_other_version would propose these for review; none is a same-size twin); no repair engine exists for this type"
B_unreadable_no_twin,Documents/CheckStub_2024-06-21.pdf,consignatio/vault/v1/Documents/CheckStub_2024-06-21.pdf,6791,438e0c1d7b3be054408e2c040eb6401d02ea31fb,pdf,Documents,7.954,f,confirmed unreadable: extension names a marker format but the head is random bytes,"head 4 KiB read (b2 ranged GET) -> no format marker, not text, entropy 7.954; twin search by same file name + same size: 2 other hash(es) probed, 0 intact, 2 not readable in B2; other-size copies of the name in the catalog: 0 (find_other_version would propose these for review; none is a same-size twin); no repair engine exists for this type"
B_unreadable_no_twin,Documents/CheckStub_2024-07-19.pdf,consignatio/vault/v1/Documents/CheckStub_2024-07-19.pdf,6786,9662c7e32b1a6f23f9f221e80a79a2b7d3081a45,pdf,Documents,7.823,f,confirmed unreadable: extension names a marker format but the head is random bytes,"head 4 KiB read (b2 ranged GET) -> no format marker, not text, entropy 7.823; twin search by same file name + same size: 2 other hash(es) probed, 0 intact, 2 not readable in B2; other-size copies of the name in the catalog: 0 (find_other_version would propose these for review; none is a same-size twin); no repair engine exists for this type"
B_unreadable_no_twin,Documents/CheckStub.pdf,consignatio/vault/v1/Documents/CheckStub.pdf,6738,958709af1e17a34e4367d9a96b2be3c6a2511509,pdf,Documents,7.954,f,confirmed unreadable: extension names a marker format but the head is random bytes,"head 4 KiB read (b2 ranged GET) -> no format marker, not text, entropy 7.954; twin search by same file name + same size: 2 other hash(es) probed, 0 intact, 2 not readable in B2; other-size copies of the name in the catalog: 0 (find_other_version would propose these for review; none is a same-size twin); no repair engine exists for this type"
B_unreadable_no_twin,Enzos Paystubs.pdf,consignatio/vault/v1/Enzos Paystubs.pdf,49603,3aaacba404f95bb8621e2209bf7a77dd3c1d40b8,pdf,Enzos Paystubs.pdf,7.956,f,confirmed unreadable: extension names a marker format but the head is random bytes,"head 4 KiB read (b2 ranged GET) -> no format marker, not text, entropy 7.956; twin search by same file name + same size: 2 other hash(es) probed, 0 intact, 1 not readable in B2; other-size copies of the name in the catalog: 0 (find_other_version would propose these for review; none is a same-size twin); no repair engine exists for this type"
B_unreadable_no_twin,farah9-25.pdf,consignatio/vault/v1/farah9-25.pdf,111256,7a39fb3515a2b4fb4c8246deb8699dd20098ef59,pdf,farah9-25.pdf,7.958,f,confirmed unreadable: extension names a marker format but the head is random bytes,"head 4 KiB read (b2 ranged GET) -> no format marker, not text, entropy 7.958; twin search by same file name + same size: 0 other hash(es) probed, 0 intact, 0 not readable in B2; other-size copies of the name in the catalog: 0 (find_other_version would propose these for review; none is a same-size twin); no repair engine exists for this type"
B_unreadable_no_twin,https%2Fannualcreditreport.transunion.com%2Fdss%2Fdisclosure.page 2.pdf,consignatio/vault/v1/https%2Fannualcreditreport.transunion.com%2Fdss%2Fdisclosure.page 2.pdf,239343,fef51d22d48eb70d622f3ccab86e14fd959a3415,pdf,https%2Fannualcreditreport.transunion.com%2Fdss%2Fdisclosure.page 2.pdf,7.902,f,confirmed unreadable: extension names a marker format but the head is random bytes,"head 4 KiB read (b2 ranged GET) -> no format marker, not text, entropy 7.902; twin search by same file name + same size: 2 other hash(es) probed, 0 intact, 1 not readable in B2; other-size copies of the name in the catalog: 0 (find_other_version would propose these for review; none is a same-size twin); no repair engine exists for this type"
B_unreadable_no_twin,https%2Fannualcreditreport.transunion.com%2Fdss%2Fdisclosure.page.pdf,consignatio/vault/v1/https%2Fannualcreditreport.transunion.com%2Fdss%2Fdisclosure.page.pdf,237398,f70122f1e432f77330762e155148058795981d69,pdf,https%2Fannualcreditreport.transunion.com%2Fdss%2Fdisclosure.page.pdf,7.945,f,confirmed unreadable: extension names a marker format but the head is random bytes,"head 4 KiB read (b2 ranged GET) -> no format marker, not text, entropy 7.945; twin search by same file name + same size: 2 other hash(es) probed, 0 intact, 1 not readable in B2; other-size copies of the name in the catalog: 0 (find_other_version would propose these for review; none is a same-size twin); no repair engine exists for this type"
B_unreadable_no_twin,loan_agreement.pdf,consignatio/vault/v1/loan_agreement.pdf,42935,3e2e7173024da9e17d2c85022d1f64491b55dddf,pdf,loan_agreement.pdf,7.961,f,confirmed unreadable: extension names a marker format but the head is random bytes,"head 4 KiB read (b2 ranged GET) -> no format marker, not text, entropy 7.961; twin search by same file name + same size: 2 other hash(es) probed, 0 intact, 1 not readable in B2; other-size copies of the name in the catalog: 0 (find_other_version would propose these for review; none is a same-size twin); no repair engine exists for this type"
B_unreadable_no_twin,m84469608266-2025-05-03T174243.907Z.pdf,consignatio/vault/v1/m84469608266-2025-05-03T174243.907Z.pdf,99040,b2e00f90ffdcc1274c76a6472c6d2db3b25e6eda,pdf,m84469608266-2025-05-03T174243.907Z.pdf,7.949,f,confirmed unreadable: extension names a marker format but the head is random bytes,"head 4 KiB read (b2 ranged GET) -> no format marker, not text, entropy 7.949; twin search by same file name + same size: 2 other hash(es) probed, 0 intact, 1 not readable in B2; other-size copies of the name in the catalog: 0 (find_other_version would propose these for review; none is a same-size twin); no repair engine exists for this type"
B_unreadable_no_twin,Matthew-Salem.pdf,consignatio/vault/v1/Matthew-Salem.pdf,95181,24bb3b6bdf934ea35660ad99381690b6954c317d,pdf,Matthew-Salem.pdf,7.944,f,confirmed unreadable: extension names a marker format but the head is random bytes,"head 4 KiB read (b2 ranged GET) -> no format marker, not text, entropy 7.944; twin search by same file name + same size: 1 other hash(es) probed, 0 intact, 0 not readable in B2; other-size copies of the name in the catalog: 1 (find_other_version would propose these for review; none is a same-size twin); no repair engine exists for this type"
B_unreadable_no_twin,MI W-4 2010.pdf,consignatio/vault/v1/MI W-4 2010.pdf,144798,cb1c0b7ad7ebd4bf3eab857a8bd86cf650232ae4,pdf,MI W-4 2010.pdf,7.955,f,confirmed unreadable: extension names a marker format but the head is random bytes,"head 4 KiB read (b2 ranged GET) -> no format marker, not text, entropy 7.955; twin search by same file name + same size: 0 other hash(es) probed, 0 intact, 0 not readable in B2; other-size copies of the name in the catalog: 0 (find_other_version would propose these for review; none is a same-size twin); no repair engine exists for this type"
B_unreadable_no_twin,moved/court/fb/katrinakinzel_1614217831996100/files/3864866800990172875_10_396256742994476.pdf,consignatio/vault/v1/moved/court/fb/katrinakinzel_1614217831996100/files/3864866800990172875_10_396256742994476.pdf,4472424,2b0d698bdb3518751823d795ba0d6f193fe23d1b,pdf,moved/court/fb/katrinakinzel_1614217831996100/files,7.901,f,confirmed unreadable: extension names a marker format but the head is random bytes,"head 4 KiB read (b2 ranged GET) -> no format marker, not text, entropy 7.901; twin search by same file name + same size: 1 other hash(es) probed, 0 intact, 1 not readable in B2; other-size copies of the name in the catalog: 0 (find_other_version would propose these for review; none is a same-size twin); no repair engine exists for this type"
B_unreadable_no_twin,moved/court/fb/messages (2)/inbox/bekarenae_10204547623320511/files/AFFIDAVITOFMATTHEWSALEMINSUPPORTOFEMERGENCYEXPARTEMOTION_591609514021765.pdf,consignatio/vault/v1/moved/court/fb/messages (2)/inbox/bekarenae_10204547623320511/files/AFFIDAVITOFMATTHEWSALEMINSUPPORTOFEMERGENCYEXPARTEMOTION_591609514021765.pdf,95511,01efdca715defa13f279ee28c0f813428b4f153b,pdf,moved/court/fb/messages (2)/inbox/bekarenae_10204547623320511/files,7.949,f,confirmed unreadable: extension names a marker format but the head is random bytes,"head 4 KiB read (b2 ranged GET) -> no format marker, not text, entropy 7.949; twin search by same file name + same size: 2 other hash(es) probed, 0 intact, 1 not readable in B2; other-size copies of the name in the catalog: 0 (find_other_version would propose these for review; none is a same-size twin); no repair engine exists for this type"
B_unreadable_no_twin,moved/_root-loose/Backup codes.pdf,consignatio/vault/v1/moved/_root-loose/Backup codes.pdf,20296,be88e9f2e7c5a6e54c452f705953bc350f50d6c1,pdf,moved/_root-loose,7.887,f,confirmed unreadable: extension names a marker format but the head is random bytes,"head 4 KiB read (b2 ranged GET) -> no format marker, not text, entropy 7.887; twin search by same file name + same size: 2 other hash(es) probed, 0 intact, 2 not readable in B2; other-size copies of the name in the catalog: 0 (find_other_version would propose these for review; none is a same-size twin); no repair engine exists for this type"
B_unreadable_no_twin,moved/_root-loose/Experian.pdf,consignatio/vault/v1/moved/_root-loose/Experian.pdf,240750,2ad6fb1d8e71d475cb12bdf67003641376a1f002,pdf,moved/_root-loose,7.951,f,confirmed unreadable: extension names a marker format but the head is random bytes,"head 4 KiB read (b2 ranged GET) -> no format marker, not text, entropy 7.951; twin search by same file name + same size: 2 other hash(es) probed, 0 intact, 2 not readable in B2; other-size copies of the name in the catalog: 2 (find_other_version would propose these for review; none is a same-size twin); no repair engine exists for this type"
B_unreadable_no_twin,moved/_root-loose/https-account.live.comproofsManageadditional.pdf,consignatio/vault/v1/moved/_root-loose/https-account.live.comproofsManageadditional.pdf,56231,a22a100bdf3711c8d5947671fa5566314f67e978,pdf,moved/_root-loose,7.851,f,confirmed unreadable: extension names a marker format but the head is random bytes,"head 4 KiB read (b2 ranged GET) -> no format marker, not text, entropy 7.851; twin search by same file name + same size: 2 other hash(es) probed, 0 intact, 2 not readable in B2; other-size copies of the name in the catalog: 0 (find_other_version would propose these for review; none is a same-size twin); no repair engine exists for this type"
B_unreadable_no_twin,moved/_root-loose/Joshua John Javor - BeenVerified.pdf,consignatio/vault/v1/moved/_root-loose/Joshua John Javor - BeenVerified.pdf,366708,b3a48864c18ae7c3050b58e94120d0a770df9bee,pdf,moved/_root-loose,7.94,f,confirmed unreadable: extension names a marker format but the head is random bytes,"head 4 KiB read (b2 ranged GET) -> no format marker, not text, entropy 7.94; twin search by same file name + same size: 2 other hash(es) probed, 0 intact, 2 not readable in B2; other-size copies of the name in the catalog: 0 (find_other_version would propose these for review; none is a same-size twin); no repair engine exists for this type"
B_unreadable_no_twin,moved/_root-loose/Katrina Kinzel 3.pdf,consignatio/vault/v1/moved/_root-loose/Katrina Kinzel 3.pdf,339975,563aaf5a53f62c92bc11e2270d6ddc8957fea362,pdf,moved/_root-loose,7.931,f,confirmed unreadable: extension names a marker format but the head is random bytes,"head 4 KiB read (b2 ranged GET) -> no format marker, not text, entropy 7.931; twin search by same file name + same size: 2 other hash(es) probed, 0 intact, 2 not readable in B2; other-size copies of the name in the catalog: 0 (find_other_version would propose these for review; none is a same-size twin); no repair engine exists for this type"
B_unreadable_no_twin,moved/_root-loose/PDF document.pdf,consignatio/vault/v1/moved/_root-loose/PDF document.pdf,25748,c0a5c02dad5c626fd8dc7f6456f96ed1bd110b74,pdf,moved/_root-loose,7.885,f,confirmed unreadable: extension names a marker format but the head is random bytes,"head 4 KiB read (b2 ranged GET) -> no format marker, not text, entropy 7.885; twin search by same file name + same size: 2 other hash(es) probed, 0 intact, 2 not readable in B2; other-size copies of the name in the catalog: 0 (find_other_version would propose these for review; none is a same-size twin); no repair engine exists for this type"
B_unreadable_no_twin,moved/_root-loose/Statement 3.pdf,consignatio/vault/v1/moved/_root-loose/Statement 3.pdf,50006,47336321c9cc552a187163813b7e546c2d5b8955,pdf,moved/_root-loose,7.893,f,confirmed unreadable: extension names a marker format but the head is random bytes,"head 4 KiB read (b2 ranged GET) -> no format marker, not text, entropy 7.893; twin search by same file name + same size: 2 other hash(es) probed, 0 intact, 2 not readable in B2; other-size copies of the name in the catalog: 0 (find_other_version would propose these for review; none is a same-size twin); no repair engine exists for this type"
B_unreadable_no_twin,moved/_root-loose/tenant_ledger-matthew_s_salem-20250116.pdf,consignatio/vault/v1/moved/_root-loose/tenant_ledger-matthew_s_salem-20250116.pdf,49728,1a5d9e8d44cc71d82bddbc2ad3617db2cda76f7b,pdf,moved/_root-loose,7.888,f,confirmed unreadable: extension names a marker format but the head is random bytes,"head 4 KiB read (b2 ranged GET) -> no format marker, not text, entropy 7.888; twin search by same file name + same size: 2 other hash(es) probed, 0 intact, 2 not readable in B2; other-size copies of the name in the catalog: 0 (find_other_version would propose these for review; none is a same-size twin); no repair engine exists for this type"
B_unreadable_no_twin,MultipleCheckStubs 2.pdf,consignatio/vault/v1/MultipleCheckStubs 2.pdf,54992,357b76be57531c6c1f12b694721509d7abc3e13c,pdf,MultipleCheckStubs 2.pdf,7.831,f,confirmed unreadable: extension names a marker format but the head is random bytes,"head 4 KiB read (b2 ranged GET) -> no format marker, not text, entropy 7.831; twin search by same file name + same size: 2 other hash(es) probed, 0 intact, 1 not readable in B2; other-size copies of the name in the catalog: 0 (find_other_version would propose these for review; none is a same-size twin); no repair engine exists for this type"
B_unreadable_no_twin,MultipleCheckStubs.pdf,consignatio/vault/v1/MultipleCheckStubs.pdf,36787,1fc7272a4f6a73edefd0775e1cd98ac172145b74,pdf,MultipleCheckStubs.pdf,7.94,f,confirmed unreadable: extension names a marker format but the head is random bytes,"head 4 KiB read (b2 ranged GET) -> no format marker, not text, entropy 7.94; twin search by same file name + same size: 2 other hash(es) probed, 0 intact, 1 not readable in B2; other-size copies of the name in the catalog: 0 (find_other_version would propose these for review; none is a same-size twin); no repair engine exists for this type"
B_unreadable_no_twin,onedrive/Documents/AWS-Certified-SysOps-Administrator-Associate_Exam-Guide.pdf,consignatio/vault/v1/onedrive/Documents/AWS-Certified-SysOps-Administrator-Associate_Exam-Guide.pdf,361596,71201c0ff28545f7ba460e0cdcc3ed393faf5f94,pdf,onedrive/Documents,7.83,f,confirmed unreadable: extension names a marker format but the head is random bytes,"head 4 KiB read (b2 ranged GET) -> no format marker, not text, entropy 7.83; twin search by same file name + same size: 2 other hash(es) probed, 0 intact, 2 not readable in B2; other-size copies of the name in the catalog: 0 (find_other_version would propose these for review; none is a same-size twin); no repair engine exists for this type"
B_unreadable_no_twin,onedrive/Documents/Bill PDF 3.pdf,consignatio/vault/v1/onedrive/Documents/Bill PDF 3.pdf,369152,be9cb5baa1473e64026a2774458ff1ed648ae52f,pdf,onedrive/Documents,7.957,f,confirmed unreadable: extension names a marker format but the head is random bytes,"head 4 KiB read (b2 ranged GET) -> no format marker, not text, entropy 7.957; twin search by same file name + same size: 2 other hash(es) probed, 0 intact, 2 not readable in B2; other-size copies of the name in the catalog: 0 (find_other_version would propose these for review; none is a same-size twin); no repair engine exists for this type"
B_unreadable_no_twin,Parenting_Time_Packet01042012.pdf,consignatio/vault/v1/Parenting_Time_Packet01042012.pdf,45177,7a2b4ee085d81366359f8814d69d77a978a2842c,pdf,Parenting_Time_Packet01042012.pdf,7.959,f,confirmed unreadable: extension names a marker format but the head is random bytes,"head 4 KiB read (b2 ranged GET) -> no format marker, not text, entropy 7.959; twin search by same file name + same size: 0 other hash(es) probed, 0 intact, 0 not readable in B2; other-size copies of the name in the catalog: 0 (find_other_version would propose these for review; none is a same-size twin); no repair engine exists for this type"
B_unreadable_no_twin,Rental Application (2).pdf,consignatio/vault/v1/Rental Application (2).pdf,42578,53e21f5edae5460fe9dcf7508dcf81ba595b333a,pdf,Rental Application (2).pdf,7.955,f,confirmed unreadable: extension names a marker format but the head is random bytes,"head 4 KiB read (b2 ranged GET) -> no format marker, not text, entropy 7.955; twin search by same file name + same size: 2 other hash(es) probed, 0 intact, 1 not readable in B2; other-size copies of the name in the catalog: 0 (find_other_version would propose these for review; none is a same-size twin); no repair engine exists for this type"
B_unreadable_no_twin,"Sat, Jan 25, 2025 at 1001 PM.pdf","consignatio/vault/v1/Sat, Jan 25, 2025 at 1001 PM.pdf",191953,428a3602c67aa9ddd53e63a2173db64009e95f43,pdf,"Sat, Jan 25, 2025 at 1001 PM.pdf",7.941,f,confirmed unreadable: extension names a marker format but the head is random bytes,"head 4 KiB read (b2 ranged GET) -> no format marker, not text, entropy 7.941; twin search by same file name + same size: 2 other hash(es) probed, 0 intact, 1 not readable in B2; other-size copies of the name in the catalog: 0 (find_other_version would propose these for review; none is a same-size twin); no repair engine exists for this type"
B_unreadable_no_twin,statement 2024-04-09 000000.pdf,consignatio/vault/v1/statement 2024-04-09 000000.pdf,26607,00177a180c1bd921b4947b1b1271e68cb56207e0,pdf,statement 2024-04-09 000000.pdf,7.961,f,confirmed unreadable: extension names a marker format but the head is random bytes,"head 4 KiB read (b2 ranged GET) -> no format marker, not text, entropy 7.961; twin search by same file name + same size: 2 other hash(es) probed, 0 intact, 1 not readable in B2; other-size copies of the name in the catalog: 0 (find_other_version would propose these for review; none is a same-size twin); no repair engine exists for this type"
B_unreadable_no_twin,statement 2024-07-09 000000.pdf,consignatio/vault/v1/statement 2024-07-09 000000.pdf,27625,299c7f5b12ffd506a6f8c55f7bce79a655b8a506,pdf,statement 2024-07-09 000000.pdf,7.944,f,confirmed unreadable: extension names a marker format but the head is random bytes,"head 4 KiB read (b2 ranged GET) -> no format marker, not text, entropy 7.944; twin search by same file name + same size: 2 other hash(es) probed, 0 intact, 1 not readable in B2; other-size copies of the name in the catalog: 0 (find_other_version would propose these for review; none is a same-size twin); no repair engine exists for this type"
B_unreadable_no_twin,tenant_ledger-matthew_s_salem-20250305.pdf,consignatio/vault/v1/tenant_ledger-matthew_s_salem-20250305.pdf,51076,baa7547c13157ae25e024e82ee6d272c0eaa7979,pdf,tenant_ledger-matthew_s_salem-20250305.pdf,7.957,f,confirmed unreadable: extension names a marker format but the head is random bytes,"head 4 KiB read (b2 ranged GET) -> no format marker, not text, entropy 7.957; twin search by same file name + same size: 2 other hash(es) probed, 0 intact, 1 not readable in B2; other-size copies of the name in the catalog: 0 (find_other_version would propose these for review; none is a same-size twin); no repair engine exists for this type"
B_unreadable_no_twin,treatment_of_resistant_depression.pdf,consignatio/vault/v1/treatment_of_resistant_depression.pdf,211781,77f7def09f81720324175385b94dc0a4382685da,pdf,treatment_of_resistant_depression.pdf,7.922,f,confirmed unreadable: extension names a marker format but the head is random bytes,"head 4 KiB read (b2 ranged GET) -> no format marker, not text, entropy 7.922; twin search by same file name + same size: 2 other hash(es) probed, 0 intact, 1 not readable in B2; other-size copies of the name in the catalog: 0 (find_other_version would propose these for review; none is a same-size twin); no repair engine exists for this type"
B_unreadable_no_twin,Tricyclic antidepressant pharmacology and therape….pdf,consignatio/vault/v1/Tricyclic antidepressant pharmacology and therape….pdf,240586,aacabef08cee8188ee302a7dd2a3e12b43df9e0b,pdf,Tricyclic antidepressant pharmacology and therape….pdf,7.938,f,confirmed unreadable: extension names a marker format but the head is random bytes,"head 4 KiB read (b2 ranged GET) -> no format marker, not text, entropy 7.938; twin search by same file name + same size: 2 other hash(es) probed, 0 intact, 1 not readable in B2; other-size copies of the name in the catalog: 0 (find_other_version would propose these for review; none is a same-size twin); no repair engine exists for this type"
B_unreadable_no_twin,UAP application for employment.HUC.pdf,consignatio/vault/v1/UAP application for employment.HUC.pdf,30338,1d79678d3f058a9f0b90910db883fb3d03701682,pdf,UAP application for employment.HUC.pdf,7.956,f,confirmed unreadable: extension names a marker format but the head is random bytes,"head 4 KiB read (b2 ranged GET) -> no format marker, not text, entropy 7.956; twin search by same file name + same size: 0 other hash(es) probed, 0 intact, 0 not readable in B2; other-size copies of the name in the catalog: 0 (find_other_version would propose these for review; none is a same-size twin); no repair engine exists for this type"
B_unreadable_no_twin,Warning HUC.pdf,consignatio/vault/v1/Warning HUC.pdf,21607,42b3aa4e16793a5558eef2c748aa4ee0b4c5f31b,pdf,Warning HUC.pdf,7.955,f,confirmed unreadable: extension names a marker format but the head is random bytes,"head 4 KiB read (b2 ranged GET) -> no format marker, not text, entropy 7.955; twin search by same file name + same size: 0 other hash(es) probed, 0 intact, 0 not readable in B2; other-size copies of the name in the catalog: 0 (find_other_version would propose these for review; none is a same-size twin); no repair engine exists for this type"
B_unreadable_no_twin,Your Credit Health  Credit Karma 2.pdf,consignatio/vault/v1/Your Credit Health  Credit Karma 2.pdf,199744,51c004490900253e0c0afc7d5f769572f8f85028,pdf,Your Credit Health  Credit Karma 2.pdf,7.928,f,confirmed unreadable: extension names a marker format but the head is random bytes,"head 4 KiB read (b2 ranged GET) -> no format marker, not text, entropy 7.928; twin search by same file name + same size: 2 other hash(es) probed, 0 intact, 1 not readable in B2; other-size copies of the name in the catalog: 0 (find_other_version would propose these for review; none is a same-size twin); no repair engine exists for this type"
B_unreadable_no_twin,Your Credit Health  Credit Karma 3.pdf,consignatio/vault/v1/Your Credit Health  Credit Karma 3.pdf,365996,92db1c241910eaf69cde109516a1df92ba7f7b3f,pdf,Your Credit Health  Credit Karma 3.pdf,7.876,f,confirmed unreadable: extension names a marker format but the head is random bytes,"head 4 KiB read (b2 ranged GET) -> no format marker, not text, entropy 7.876; twin search by same file name + same size: 2 other hash(es) probed, 0 intact, 1 not readable in B2; other-size copies of the name in the catalog: 0 (find_other_version would propose these for review; none is a same-size twin); no repair engine exists for this type"
B_unreadable_no_twin,Your Credit Health  Credit Karma.pdf,consignatio/vault/v1/Your Credit Health  Credit Karma.pdf,365227,858d42176c0dc104f0851802aee50f307abaab4e,pdf,Your Credit Health  Credit Karma.pdf,7.582,f,confirmed unreadable: extension names a marker format but the head is random bytes,"head 4 KiB read (b2 ranged GET) -> no format marker, not text, entropy 7.582; twin search by same file name + same size: 2 other hash(es) probed, 0 intact, 1 not readable in B2; other-size copies of the name in the catalog: 0 (find_other_version would propose these for review; none is a same-size twin); no repair engine exists for this type"
B_unreadable_no_twin,_backup_import/facebook-potentiallycursed85-2025-08-18-Ey12Pico (1)/your_facebook_activity/messages/archived_threads/kristenrachellenikiand7others_2366000553474085/photos/48360698_278149066203326_1636636299328749568_n_278149062869993.png,consignatio/vault/v1/_backup_import/facebook-potentiallycursed85-2025-08-18-Ey12Pico (1)/your_facebook_activity/messages/archived_threads/kristenrachellenikiand7others_2366000553474085/photos/48360698_278149066203326_1636636299328749568_n_278149062869993.png,113063,0a77443ae24818da8b6fd37561fdf43a8b85900d,png,_backup_import/facebook-potentiallycursed85-2025-08-18-Ey12Pico (1)/your_facebook_activity/messages/archived_threads/kristenrachellenikiand7others_2366000553474085/photos,7.944,f,confirmed unreadable: extension names a marker format but the head is random bytes,"head 4 KiB read (b2 ranged GET) -> no format marker, not text, entropy 7.944; twin search by same file name + same size: 1 other hash(es) probed, 0 intact, 1 not readable in B2; other-size copies of the name in the catalog: 0 (find_other_version would propose these for review; none is a same-size twin); no repair engine exists for this type"
B_unreadable_no_twin,_backup_import/facebook-potentiallycursed85-2025-08-18-Ey12Pico (1)/your_facebook_activity/messages/archived_threads/kristenrachellenikiand7others_2366000553474085/photos/49161312_235307904076042_6915354820706566144_n_235307897409376.png,consignatio/vault/v1/_backup_import/facebook-potentiallycursed85-2025-08-18-Ey12Pico (1)/your_facebook_activity/messages/archived_threads/kristenrachellenikiand7others_2366000553474085/photos/49161312_235307904076042_6915354820706566144_n_235307897409376.png,124116,18f7b44ccde7c5bad79752f160026df99ac1a210,png,_backup_import/facebook-potentiallycursed85-2025-08-18-Ey12Pico (1)/your_facebook_activity/messages/archived_threads/kristenrachellenikiand7others_2366000553474085/photos,7.921,f,confirmed unreadable: extension names a marker format but the head is random bytes,"head 4 KiB read (b2 ranged GET) -> no format marker, not text, entropy 7.921; twin search by same file name + same size: 1 other hash(es) probed, 0 intact, 1 not readable in B2; other-size copies of the name in the catalog: 0 (find_other_version would propose these for review; none is a same-size twin); no repair engine exists for this type"
B_unreadable_no_twin,_backup_import/facebook-potentiallycursed85-2025-08-18-Ey12Pico (1)/your_facebook_activity/messages/archived_threads/lamberttrebmal_2000969743296372/photos/78141344_537385363478761_5960925109425274880_n_645899542654381.png,consignatio/vault/v1/_backup_import/facebook-potentiallycursed85-2025-08-18-Ey12Pico (1)/your_facebook_activity/messages/archived_threads/lamberttrebmal_2000969743296372/photos/78141344_537385363478761_5960925109425274880_n_645899542654381.png,291255,d652e6a1a0d50e88fd967581cdf5fdd2ff4c0850,png,_backup_import/facebook-potentiallycursed85-2025-08-18-Ey12Pico (1)/your_facebook_activity/messages/archived_threads/lamberttrebmal_2000969743296372/photos,7.958,f,confirmed unreadable: extension names a marker format but the head is random bytes,"head 4 KiB read (b2 ranged GET) -> no format marker, not text, entropy 7.958; twin search by same file name + same size: 1 other hash(es) probed, 0 intact, 1 not readable in B2; other-size copies of the name in the catalog: 0 (find_other_version would propose these for review; none is a same-size twin); no repair engine exists for this type"
B_unreadable_no_twin,_backup_import/facebook-potentiallycursed85-2025-08-18-Ey12Pico (1)/your_facebook_activity/messages/archived_threads/lamberttrebmal_2000969743296372/photos/91011436_910338569423258_6423496334199750656_n_201937674564595.png,consignatio/vault/v1/_backup_import/facebook-potentiallycursed85-2025-08-18-Ey12Pico (1)/your_facebook_activity/messages/archived_threads/lamberttrebmal_2000969743296372/photos/91011436_910338569423258_6423496334199750656_n_201937674564595.png,527263,697a8a7ef98f5048a8290fc6cd70ffd0e07dbf28,png,_backup_import/facebook-potentiallycursed85-2025-08-18-Ey12Pico (1)/your_facebook_activity/messages/archived_threads/lamberttrebmal_2000969743296372/photos,7.95,f,confirmed unreadable: extension names a marker format but the head is random bytes,"head 4 KiB read (b2 ranged GET) -> no format marker, not text, entropy 7.95; twin search by same file name + same size: 2 other hash(es) probed, 0 intact, 1 not readable in B2; other-size copies of the name in the catalog: 0 (find_other_version would propose these for review; none is a same-size twin); no repair engine exists for this type"
B_unreadable_no_twin,_backup_import/Takeout/Google Photos/export/2025-06-29.png,consignatio/vault/v1/_backup_import/Takeout/Google Photos/export/2025-06-29.png,129560,bdc6e11f5840437438825d8224021b844b82c764,png,_backup_import/Takeout/Google Photos/export,7.866,f,confirmed unreadable: extension names a marker format but the head is random bytes,"head 4 KiB read (b2 ranged GET) -> no format marker, not text, entropy 7.866; twin search by same file name + same size: 0 other hash(es) probed, 0 intact, 0 not readable in B2; other-size copies of the name in the catalog: 5 (find_other_version would propose these for review; none is a same-size twin); no repair engine exists for this type"
B_unreadable_no_twin,_backup_import/Takeout/Google Photos/export/IMG_2146.PNG,consignatio/vault/v1/_backup_import/Takeout/Google Photos/export/IMG_2146.PNG,209784,1f152ea693269ec827cd54355c08207b70d1420e,png,_backup_import/Takeout/Google Photos/export,7.94,f,confirmed unreadable: extension names a marker format but the head is random bytes,"head 4 KiB read (b2 ranged GET) -> no format marker, not text, entropy 7.94; twin search by same file name + same size: 1 other hash(es) probed, 0 intact, 1 not readable in B2; other-size copies of the name in the catalog: 0 (find_other_version would propose these for review; none is a same-size twin); no repair engine exists for this type"
B_unreadable_no_twin,_backup_import/Takeout/Google Photos/export/IMG_2149.PNG,consignatio/vault/v1/_backup_import/Takeout/Google Photos/export/IMG_2149.PNG,234718,21059b83aa47a059f94b56d48a7a5e3b68a1f531,png,_backup_import/Takeout/Google Photos/export,7.941,f,confirmed unreadable: extension names a marker format but the head is random bytes,"head 4 KiB read (b2 ranged GET) -> no format marker, not text, entropy 7.941; twin search by same file name + same size: 1 other hash(es) probed, 0 intact, 1 not readable in B2; other-size copies of the name in the catalog: 2 (find_other_version would propose these for review; none is a same-size twin); no repair engine exists for this type"
B_unreadable_no_twin,_backup_import/Takeout/Google Photos/export/IMG_2252.PNG,consignatio/vault/v1/_backup_import/Takeout/Google Photos/export/IMG_2252.PNG,117872,ca7faacc1ca7e5349cd569290f26c8f0c55eb6c0,png,_backup_import/Takeout/Google Photos/export,7.917,f,confirmed unreadable: extension names a marker format but the head is random bytes,"head 4 KiB read (b2 ranged GET) -> no format marker, not text, entropy 7.917; twin search by same file name + same size: 1 other hash(es) probed, 0 intact, 0 not readable in B2; other-size copies of the name in the catalog: 3 (find_other_version would propose these for review; none is a same-size twin); no repair engine exists for this type"
B_unreadable_no_twin,_backup_import/Takeout/Google Photos/export/IMG_2873.PNG,consignatio/vault/v1/_backup_import/Takeout/Google Photos/export/IMG_2873.PNG,129472,6177f95512ecf00a871d33a3e4db83604bae6e0f,png,_backup_import/Takeout/Google Photos/export,7.957,f,confirmed unreadable: extension names a marker format but the head is random bytes,"head 4 KiB read (b2 ranged GET) -> no format marker, not text, entropy 7.957; twin search by same file name + same size: 0 other hash(es) probed, 0 intact, 0 not readable in B2; other-size copies of the name in the catalog: 2 (find_other_version would propose these for review; none is a same-size twin); no repair engine exists for this type"
B_unreadable_no_twin,_backup_import/Takeout/Google Photos/export/IMG_3212.PNG,consignatio/vault/v1/_backup_import/Takeout/Google Photos/export/IMG_3212.PNG,119279,4a3ea25a7a0d1bf212e784dc32480315c5bdcc82,png,_backup_import/Takeout/Google Photos/export,7.877,f,confirmed unreadable: extension names a marker format but the head is random bytes,"head 4 KiB read (b2 ranged GET) -> no format marker, not text, entropy 7.877; twin search by same file name + same size: 1 other hash(es) probed, 0 intact, 0 not readable in B2; other-size copies of the name in the catalog: 2 (find_other_version would propose these for review; none is a same-size twin); no repair engine exists for this type"
B_unreadable_no_twin,_backup_import/Takeout/Google Photos/export/IMG_3235.PNG,consignatio/vault/v1/_backup_import/Takeout/Google Photos/export/IMG_3235.PNG,60367,914ebd6b1ba1180eeb68cd4401035e049fa6be9e,png,_backup_import/Takeout/Google Photos/export,7.959,f,confirmed unreadable: extension names a marker format but the head is random bytes,"head 4 KiB read (b2 ranged GET) -> no format marker, not text, entropy 7.959; twin search by same file name + same size: 1 other hash(es) probed, 0 intact, 0 not readable in B2; other-size copies of the name in the catalog: 5 (find_other_version would propose these for review; none is a same-size twin); no repair engine exists for this type"
B_unreadable_no_twin,_backup_import/Takeout/Google Photos/Fuck man/2025-06-29(124).png,consignatio/vault/v1/_backup_import/Takeout/Google Photos/Fuck man/2025-06-29(124).png,93274,0c0d4d08e257dbb885d0d6211c4a31d1327f86e5,png,_backup_import/Takeout/Google Photos/Fuck man,7.957,f,confirmed unreadable: extension names a marker format but the head is random bytes,"head 4 KiB read (b2 ranged GET) -> no format marker, not text, entropy 7.957; twin search by same file name + same size: 1 other hash(es) probed, 0 intact, 1 not readable in B2; other-size copies of the name in the catalog: 1 (find_other_version would propose these for review; none is a same-size twin); no repair engine exists for this type"
B_unreadable_no_twin,_backup_import/Takeout/Google Photos/Fuck man/2025-06-29(125).png,consignatio/vault/v1/_backup_import/Takeout/Google Photos/Fuck man/2025-06-29(125).png,97242,2beae7709c60ab658af4f8be588466da5fdc391d,png,_backup_import/Takeout/Google Photos/Fuck man,7.945,f,confirmed unreadable: extension names a marker format but the head is random bytes,"head 4 KiB read (b2 ranged GET) -> no format marker, not text, entropy 7.945; twin search by same file name + same size: 1 other hash(es) probed, 0 intact, 1 not readable in B2; other-size copies of the name in the catalog: 1 (find_other_version would propose these for review; none is a same-size twin); no repair engine exists for this type"
B_unreadable_no_twin,_backup_import/Takeout/Google Photos/Fuck man/2025-06-29(126).png,consignatio/vault/v1/_backup_import/Takeout/Google Photos/Fuck man/2025-06-29(126).png,89698,dcc208908cabb9823688ed84ae12367bfe4c4bc2,png,_backup_import/Takeout/Google Photos/Fuck man,7.951,f,confirmed unreadable: extension names a marker format but the head is random bytes,"head 4 KiB read (b2 ranged GET) -> no format marker, not text, entropy 7.951; twin search by same file name + same size: 1 other hash(es) probed, 0 intact, 1 not readable in B2; other-size copies of the name in the catalog: 1 (find_other_version would propose these for review; none is a same-size twin); no repair engine exists for this type"
B_unreadable_no_twin,_backup_import/Takeout/Google Photos/Fuck man/2025-06-29(129).png,consignatio/vault/v1/_backup_import/Takeout/Google Photos/Fuck man/2025-06-29(129).png,92965,facb9d2c2b9eaa50447581a4235bfcc8b8861f1b,png,_backup_import/Takeout/Google Photos/Fuck man,7.959,f,confirmed unreadable: extension names a marker format but the head is random bytes,"head 4 KiB read (b2 ranged GET) -> no format marker, not text, entropy 7.959; twin search by same file name + same size: 1 other hash(es) probed, 0 intact, 1 not readable in B2; other-size copies of the name in the catalog: 1 (find_other_version would propose these for review; none is a same-size twin); no repair engine exists for this type"
B_unreadable_no_twin,_backup_import/Takeout/Google Photos/Fuck man/2025-06-29(76).png,consignatio/vault/v1/_backup_import/Takeout/Google Photos/Fuck man/2025-06-29(76).png,79324,40a8b660846e04427207ed5a4db566d2666daf56,png,_backup_import/Takeout/Google Photos/Fuck man,7.953,f,confirmed unreadable: extension names a marker format but the head is random bytes,"head 4 KiB read (b2 ranged GET) -> no format marker, not text, entropy 7.953; twin search by same file name + same size: 1 other hash(es) probed, 0 intact, 1 not readable in B2; other-size copies of the name in the catalog: 1 (find_other_version would propose these for review; none is a same-size twin); no repair engine exists for this type"
B_unreadable_no_twin,_backup_import/Takeout/Google Photos/Fuck man/IMG_0022.PNG,consignatio/vault/v1/_backup_import/Takeout/Google Photos/Fuck man/IMG_0022.PNG,96690,68c5aae1397998a32a84ee85c566887dbc21a874,png,_backup_import/Takeout/Google Photos/Fuck man,7.964,f,confirmed unreadable: extension names a marker format but the head is random bytes,"head 4 KiB read (b2 ranged GET) -> no format marker, not text, entropy 7.964; twin search by same file name + same size: 1 other hash(es) probed, 0 intact, 1 not readable in B2; other-size copies of the name in the catalog: 2 (find_other_version would propose these for review; none is a same-size twin); no repair engine exists for this type"
B_unreadable_no_twin,_backup_import/Takeout/Google Photos/Fuck man/IMG_0054.PNG,consignatio/vault/v1/_backup_import/Takeout/Google Photos/Fuck man/IMG_0054.PNG,130322,8cf96616b232f135a17fd7ea02dc1c2d8c80c7e4,png,_backup_import/Takeout/Google Photos/Fuck man,7.956,f,confirmed unreadable: extension names a marker format but the head is random bytes,"head 4 KiB read (b2 ranged GET) -> no format marker, not text, entropy 7.956; twin search by same file name + same size: 1 other hash(es) probed, 0 intact, 1 not readable in B2; other-size copies of the name in the catalog: 1 (find_other_version would propose these for review; none is a same-size twin); no repair engine exists for this type"
B_unreadable_no_twin,_backup_import/Takeout/Google Photos/Fuck man/IMG_1656.PNG,consignatio/vault/v1/_backup_import/Takeout/Google Photos/Fuck man/IMG_1656.PNG,129957,5908e0efcb365d299dda83f06791db7e1f3ab586,png,_backup_import/Takeout/Google Photos/Fuck man,7.953,f,confirmed unreadable: extension names a marker format but the head is random bytes,"head 4 KiB read (b2 ranged GET) -> no format marker, not text, entropy 7.953; twin search by same file name + same size: 0 other hash(es) probed, 0 intact, 0 not readable in B2; other-size copies of the name in the catalog: 4 (find_other_version would propose these for review; none is a same-size twin); no repair engine exists for this type"
B_unreadable_no_twin,_backup_import/Takeout/Google Photos/Fuck man/IMG_1657.PNG,consignatio/vault/v1/_backup_import/Takeout/Google Photos/Fuck man/IMG_1657.PNG,122975,cacb20d4c92c52d2633d0cf07fe4e5d10dbdc195,png,_backup_import/Takeout/Google Photos/Fuck man,7.949,f,confirmed unreadable: extension names a marker format but the head is random bytes,"head 4 KiB read (b2 ranged GET) -> no format marker, not text, entropy 7.949; twin search by same file name + same size: 0 other hash(es) probed, 0 intact, 0 not readable in B2; other-size copies of the name in the catalog: 2 (find_other_version would propose these for review; none is a same-size twin); no repair engine exists for this type"
B_unreadable_no_twin,_backup_import/Takeout/Google Photos/Fuck man/IMG_2252.PNG,consignatio/vault/v1/_backup_import/Takeout/Google Photos/Fuck man/IMG_2252.PNG,117872,26b26befff3548162c3ab5c1213b7773005c0a19,png,_backup_import/Takeout/Google Photos/Fuck man,7.953,f,confirmed unreadable: extension names a marker format but the head is random bytes,"head 4 KiB read (b2 ranged GET) -> no format marker, not text, entropy 7.953; twin search by same file name + same size: 1 other hash(es) probed, 0 intact, 0 not readable in B2; other-size copies of the name in the catalog: 3 (find_other_version would propose these for review; none is a same-size twin); no repair engine exists for this type"
B_unreadable_no_twin,_backup_import/Takeout/Google Photos/Fuck man/IMG_2925.PNG,consignatio/vault/v1/_backup_import/Takeout/Google Photos/Fuck man/IMG_2925.PNG,115350,63d293b5a88640d1d5e8ca2f6b586a2ce788b20c,png,_backup_import/Takeout/Google Photos/Fuck man,7.951,f,confirmed unreadable: extension names a marker format but the head is random bytes,"head 4 KiB read (b2 ranged GET) -> no format marker, not text, entropy 7.951; twin search by same file name + same size: 0 other hash(es) probed, 0 intact, 0 not readable in B2; other-size copies of the name in the catalog: 4 (find_other_version would propose these for review; none is a same-size twin); no repair engine exists for this type"
B_unreadable_no_twin,_backup_import/Takeout/Google Photos/Fuck man/IMG_2927.PNG,consignatio/vault/v1/_backup_import/Takeout/Google Photos/Fuck man/IMG_2927.PNG,117861,0db5aa62f64febbf41a843fa9fcbac4824fb2ada,png,_backup_import/Takeout/Google Photos/Fuck man,7.96,f,confirmed unreadable: extension names a marker format but the head is random bytes,"head 4 KiB read (b2 ranged GET) -> no format marker, not text, entropy 7.96; twin search by same file name + same size: 0 other hash(es) probed, 0 intact, 0 not readable in B2; other-size copies of the name in the catalog: 3 (find_other_version would propose these for review; none is a same-size twin); no repair engine exists for this type"
B_unreadable_no_twin,_backup_import/Takeout/Google Photos/Fuck man/IMG_2931.PNG,consignatio/vault/v1/_backup_import/Takeout/Google Photos/Fuck man/IMG_2931.PNG,107936,adfcda9bd90f828a49137462ce8ead4ced8c0015,png,_backup_import/Takeout/Google Photos/Fuck man,7.959,f,confirmed unreadable: extension names a marker format but the head is random bytes,"head 4 KiB read (b2 ranged GET) -> no format marker, not text, entropy 7.959; twin search by same file name + same size: 0 other hash(es) probed, 0 intact, 0 not readable in B2; other-size copies of the name in the catalog: 5 (find_other_version would propose these for review; none is a same-size twin); no repair engine exists for this type"
B_unreadable_no_twin,_backup_import/Takeout/Google Photos/Fuck man/IMG_2939.PNG,consignatio/vault/v1/_backup_import/Takeout/Google Photos/Fuck man/IMG_2939.PNG,108655,46f813dfeff3e74d347d698c128c07b9e3aa685e,png,_backup_import/Takeout/Google Photos/Fuck man,7.949,f,confirmed unreadable: extension names a marker format but the head is random bytes,"head 4 KiB read (b2 ranged GET) -> no format marker, not text, entropy 7.949; twin search by same file name + same size: 0 other hash(es) probed, 0 intact, 0 not readable in B2; other-size copies of the name in the catalog: 1 (find_other_version would propose these for review; none is a same-size twin); no repair engine exists for this type"
B_unreadable_no_twin,_backup_import/Takeout/Google Photos/Fuck man/IMG_2943.PNG,consignatio/vault/v1/_backup_import/Takeout/Google Photos/Fuck man/IMG_2943.PNG,93098,8eacdb1de661926746a0711e10b7ccd48cc92bd9,png,_backup_import/Takeout/Google Photos/Fuck man,7.959,f,confirmed unreadable: extension names a marker format but the head is random bytes,"head 4 KiB read (b2 ranged GET) -> no format marker, not text, entropy 7.959; twin search by same file name + same size: 0 other hash(es) probed, 0 intact, 0 not readable in B2; other-size copies of the name in the catalog: 2 (find_other_version would propose these for review; none is a same-size twin); no repair engine exists for this type"
B_unreadable_no_twin,_backup_import/Takeout/Google Photos/Fuck man/IMG_2944.PNG,consignatio/vault/v1/_backup_import/Takeout/Google Photos/Fuck man/IMG_2944.PNG,107562,caadd478acc503333ad64243c6eab189d52ab35c,png,_backup_import/Takeout/Google Photos/Fuck man,7.956,f,confirmed unreadable: extension names a marker format but the head is random bytes,"head 4 KiB read (b2 ranged GET) -> no format marker, not text, entropy 7.956; twin search by same file name + same size: 0 other hash(es) probed, 0 intact, 0 not readable in B2; other-size copies of the name in the catalog: 2 (find_other_version would propose these for review; none is a same-size twin); no repair engine exists for this type"
B_unreadable_no_twin,_backup_import/Takeout/Google Photos/Fuck man/IMG_3212.PNG,consignatio/vault/v1/_backup_import/Takeout/Google Photos/Fuck man/IMG_3212.PNG,119279,da1a752e763944916ce71c32f1c863dfddf83441,png,_backup_import/Takeout/Google Photos/Fuck man,7.947,f,confirmed unreadable: extension names a marker format but the head is random bytes,"head 4 KiB read (b2 ranged GET) -> no format marker, not text, entropy 7.947; twin search by same file name + same size: 1 other hash(es) probed, 0 intact, 0 not readable in B2; other-size copies of the name in the catalog: 2 (find_other_version would propose these for review; none is a same-size twin); no repair engine exists for this type"
B_unreadable_no_twin,_backup_import/Takeout/Google Photos/Fuck man/IMG_3235.PNG,consignatio/vault/v1/_backup_import/Takeout/Google Photos/Fuck man/IMG_3235.PNG,60367,7783734b84f89dc52b5b9be4c8dbbc3a3987ac29,png,_backup_import/Takeout/Google Photos/Fuck man,7.955,f,confirmed unreadable: extension names a marker format but the head is random bytes,"head 4 KiB read (b2 ranged GET) -> no format marker, not text, entropy 7.955; twin search by same file name + same size: 1 other hash(es) probed, 0 intact, 0 not readable in B2; other-size copies of the name in the catalog: 5 (find_other_version would propose these for review; none is a same-size twin); no repair engine exists for this type"
B_unreadable_no_twin,_backup_import/Takeout/Google Photos/Fuck man/IMG_5314.PNG,consignatio/vault/v1/_backup_import/Takeout/Google Photos/Fuck man/IMG_5314.PNG,659914,3d5ede4d08510e7f2b101582893ecafe2eb8066d,png,_backup_import/Takeout/Google Photos/Fuck man,7.937,f,confirmed unreadable: extension names a marker format but the head is random bytes,"head 4 KiB read (b2 ranged GET) -> no format marker, not text, entropy 7.937; twin search by same file name + same size: 1 other hash(es) probed, 0 intact, 1 not readable in B2; other-size copies of the name in the catalog: 0 (find_other_version would propose these for review; none is a same-size twin); no repair engine exists for this type"
B_unreadable_no_twin,_backup_import/Takeout/Google Photos/Fuck man/IMG_5315.PNG,consignatio/vault/v1/_backup_import/Takeout/Google Photos/Fuck man/IMG_5315.PNG,655226,9ad3ae16d54d809303dd435179c724574af4616b,png,_backup_import/Takeout/Google Photos/Fuck man,7.926,f,confirmed unreadable: extension names a marker format but the head is random bytes,"head 4 KiB read (b2 ranged GET) -> no format marker, not text, entropy 7.926; twin search by same file name + same size: 1 other hash(es) probed, 0 intact, 1 not readable in B2; other-size copies of the name in the catalog: 0 (find_other_version would propose these for review; none is a same-size twin); no repair engine exists for this type"
B_unreadable_no_twin,_backup_import/Takeout/Google Photos/Fuck man/IMG_5328.PNG,consignatio/vault/v1/_backup_import/Takeout/Google Photos/Fuck man/IMG_5328.PNG,595852,ef1c9d2d3cd6718a03f540f5f0f048ef8cb96fce,png,_backup_import/Takeout/Google Photos/Fuck man,7.633,f,confirmed unreadable: extension names a marker format but the head is random bytes,"head 4 KiB read (b2 ranged GET) -> no format marker, not text, entropy 7.633; twin search by same file name + same size: 1 other hash(es) probed, 0 intact, 1 not readable in B2; other-size copies of the name in the catalog: 0 (find_other_version would propose these for review; none is a same-size twin); no repair engine exists for this type"
B_unreadable_no_twin,_backup_import/Takeout/Google Photos/Fuck man/IMG_5334.PNG,consignatio/vault/v1/_backup_import/Takeout/Google Photos/Fuck man/IMG_5334.PNG,619477,4b1db094b5c10ba4069f7328cda090fa227ab9ff,png,_backup_import/Takeout/Google Photos/Fuck man,7.88,f,confirmed unreadable: extension names a marker format but the head is random bytes,"head 4 KiB read (b2 ranged GET) -> no format marker, not text, entropy 7.88; twin search by same file name + same size: 1 other hash(es) probed, 0 intact, 1 not readable in B2; other-size copies of the name in the catalog: 0 (find_other_version would propose these for review; none is a same-size twin); no repair engine exists for this type"
B_unreadable_no_twin,_backup_import/Takeout/Google Photos/Fuck man/IMG_5337.PNG,consignatio/vault/v1/_backup_import/Takeout/Google Photos/Fuck man/IMG_5337.PNG,635701,ab60188b7e3408f487f5db1108c37565f5d6d8a9,png,_backup_import/Takeout/Google Photos/Fuck man,7.901,f,confirmed unreadable: extension names a marker format but the head is random bytes,"head 4 KiB read (b2 ranged GET) -> no format marker, not text, entropy 7.901; twin search by same file name + same size: 1 other hash(es) probed, 0 intact, 1 not readable in B2; other-size copies of the name in the catalog: 0 (find_other_version would propose these for review; none is a same-size twin); no repair engine exists for this type"
B_unreadable_no_twin,_backup_import/Takeout/Google Photos/Fuck man/IMG_5344.PNG,consignatio/vault/v1/_backup_import/Takeout/Google Photos/Fuck man/IMG_5344.PNG,654945,6e094679cc79aa1adae27d1746ae255584bd6519,png,_backup_import/Takeout/Google Photos/Fuck man,7.945,f,confirmed unreadable: extension names a marker format but the head is random bytes,"head 4 KiB read (b2 ranged GET) -> no format marker, not text, entropy 7.945; twin search by same file name + same size: 1 other hash(es) probed, 0 intact, 1 not readable in B2; other-size copies of the name in the catalog: 1 (find_other_version would propose these for review; none is a same-size twin); no repair engine exists for this type"
B_unreadable_no_twin,_backup_import/Takeout/Google Photos/Fuck man/IMG_5345.PNG,consignatio/vault/v1/_backup_import/Takeout/Google Photos/Fuck man/IMG_5345.PNG,658577,227b55c630e4474b5b78782d67dd1166edcd88f9,png,_backup_import/Takeout/Google Photos/Fuck man,7.959,f,confirmed unreadable: extension names a marker format but the head is random bytes,"head 4 KiB read (b2 ranged GET) -> no format marker, not text, entropy 7.959; twin search by same file name + same size: 1 other hash(es) probed, 0 intact, 1 not readable in B2; other-size copies of the name in the catalog: 1 (find_other_version would propose these for review; none is a same-size twin); no repair engine exists for this type"
B_unreadable_no_twin,_backup_import/Takeout/Google Photos/Fuck man/IMG_5346.PNG,consignatio/vault/v1/_backup_import/Takeout/Google Photos/Fuck man/IMG_5346.PNG,654717,b94bb5dafbe504d01d0874813932bc75682a37bb,png,_backup_import/Takeout/Google Photos/Fuck man,7.955,f,confirmed unreadable: extension names a marker format but the head is random bytes,"head 4 KiB read (b2 ranged GET) -> no format marker, not text, entropy 7.955; twin search by same file name + same size: 1 other hash(es) probed, 0 intact, 1 not readable in B2; other-size copies of the name in the catalog: 1 (find_other_version would propose these for review; none is a same-size twin); no repair engine exists for this type"
B_unreadable_no_twin,_backup_import/Takeout/Google Photos/Fuck man/IMG_6413.PNG,consignatio/vault/v1/_backup_import/Takeout/Google Photos/Fuck man/IMG_6413.PNG,658144,e5fed72a222144cd8512ae5e72a9d0c85e7fcb0d,png,_backup_import/Takeout/Google Photos/Fuck man,7.946,f,confirmed unreadable: extension names a marker format but the head is random bytes,"head 4 KiB read (b2 ranged GET) -> no format marker, not text, entropy 7.946; twin search by same file name + same size: 1 other hash(es) probed, 0 intact, 1 not readable in B2; other-size copies of the name in the catalog: 0 (find_other_version would propose these for review; none is a same-size twin); no repair engine exists for this type"
B_unreadable_no_twin,_backup_import/Takeout/Google Photos/Fuck man/IMG_6438.PNG,consignatio/vault/v1/_backup_import/Takeout/Google Photos/Fuck man/IMG_6438.PNG,636604,d92065868903fffe55bc36f205b386566389a71e,png,_backup_import/Takeout/Google Photos/Fuck man,7.878,f,confirmed unreadable: extension names a marker format but the head is random bytes,"head 4 KiB read (b2 ranged GET) -> no format marker, not text, entropy 7.878; twin search by same file name + same size: 1 other hash(es) probed, 0 intact, 1 not readable in B2; other-size copies of the name in the catalog: 0 (find_other_version would propose these for review; none is a same-size twin); no repair engine exists for this type"
B_unreadable_no_twin,_backup_import/Takeout/Google Photos/Fuck man/IMG_6508.PNG,consignatio/vault/v1/_backup_import/Takeout/Google Photos/Fuck man/IMG_6508.PNG,2757321,f063735e35eb201e34977e386d6c995b5462960d,png,_backup_import/Takeout/Google Photos/Fuck man,7.933,f,confirmed unreadable: extension names a marker format but the head is random bytes,"head 4 KiB read (b2 ranged GET) -> no format marker, not text, entropy 7.933; twin search by same file name + same size: 1 other hash(es) probed, 0 intact, 1 not readable in B2; other-size copies of the name in the catalog: 0 (find_other_version would propose these for review; none is a same-size twin); no repair engine exists for this type"
B_unreadable_no_twin,_backup_import/Takeout/Google Photos/Fuck man/IMG_6537.PNG,consignatio/vault/v1/_backup_import/Takeout/Google Photos/Fuck man/IMG_6537.PNG,576693,5d16773a784cf9f24784d9a197f2448456f3cfb4,png,_backup_import/Takeout/Google Photos/Fuck man,7.845,f,confirmed unreadable: extension names a marker format but the head is random bytes,"head 4 KiB read (b2 ranged GET) -> no format marker, not text, entropy 7.845; twin search by same file name + same size: 1 other hash(es) probed, 0 intact, 1 not readable in B2; other-size copies of the name in the catalog: 0 (find_other_version would propose these for review; none is a same-size twin); no repair engine exists for this type"
B_unreadable_no_twin,_backup_import/Takeout/Google Photos/Fuck man/IMG_6552.PNG,consignatio/vault/v1/_backup_import/Takeout/Google Photos/Fuck man/IMG_6552.PNG,609879,66f7ec464fff3a68f9ce4600078bf510dc4d36cd,png,_backup_import/Takeout/Google Photos/Fuck man,7.92,f,confirmed unreadable: extension names a marker format but the head is random bytes,"head 4 KiB read (b2 ranged GET) -> no format marker, not text, entropy 7.92; twin search by same file name + same size: 1 other hash(es) probed, 0 intact, 1 not readable in B2; other-size copies of the name in the catalog: 0 (find_other_version would propose these for review; none is a same-size twin); no repair engine exists for this type"
B_unreadable_no_twin,_backup_import/Takeout/Google Photos/Fuck man/IMG_6571.PNG,consignatio/vault/v1/_backup_import/Takeout/Google Photos/Fuck man/IMG_6571.PNG,586807,38561e6423414e4037b0bf04ea3fd33b59db1e2f,png,_backup_import/Takeout/Google Photos/Fuck man,7.869,f,confirmed unreadable: extension names a marker format but the head is random bytes,"head 4 KiB read (b2 ranged GET) -> no format marker, not text, entropy 7.869; twin search by same file name + same size: 1 other hash(es) probed, 0 intact, 1 not readable in B2; other-size copies of the name in the catalog: 0 (find_other_version would propose these for review; none is a same-size twin); no repair engine exists for this type"
B_unreadable_no_twin,_backup_import/Takeout/Google Photos/Fuck man/IMG_6608.PNG,consignatio/vault/v1/_backup_import/Takeout/Google Photos/Fuck man/IMG_6608.PNG,647114,47e840175cf645af46749233f2d91c8b704f80dc,png,_backup_import/Takeout/Google Photos/Fuck man,7.952,f,confirmed unreadable: extension names a marker format but the head is random bytes,"head 4 KiB read (b2 ranged GET) -> no format marker, not text, entropy 7.952; twin search by same file name + same size: 1 other hash(es) probed, 0 intact, 1 not readable in B2; other-size copies of the name in the catalog: 0 (find_other_version would propose these for review; none is a same-size twin); no repair engine exists for this type"
B_unreadable_no_twin,_backup_import/Takeout/Google Photos/Fuck man/IMG_6663.PNG,consignatio/vault/v1/_backup_import/Takeout/Google Photos/Fuck man/IMG_6663.PNG,646822,8c5e81ad8b08897f7e0346af7ffaaac056bb3fff,png,_backup_import/Takeout/Google Photos/Fuck man,7.863,f,confirmed unreadable: extension names a marker format but the head is random bytes,"head 4 KiB read (b2 ranged GET) -> no format marker, not text, entropy 7.863; twin search by same file name + same size: 1 other hash(es) probed, 0 intact, 1 not readable in B2; other-size copies of the name in the catalog: 0 (find_other_version would propose these for review; none is a same-size twin); no repair engine exists for this type"
B_unreadable_no_twin,_backup_import/Takeout/Google Photos/Fuck man/IMG_6677.PNG,consignatio/vault/v1/_backup_import/Takeout/Google Photos/Fuck man/IMG_6677.PNG,618546,2642b931c665c81892ad12d80e6850afc7325d04,png,_backup_import/Takeout/Google Photos/Fuck man,7.911,f,confirmed unreadable: extension names a marker format but the head is random bytes,"head 4 KiB read (b2 ranged GET) -> no format marker, not text, entropy 7.911; twin search by same file name + same size: 1 other hash(es) probed, 0 intact, 1 not readable in B2; other-size copies of the name in the catalog: 0 (find_other_version would propose these for review; none is a same-size twin); no repair engine exists for this type"
B_unreadable_no_twin,_backup_import/Takeout/Google Photos/Fuck man/IMG_6694.PNG,consignatio/vault/v1/_backup_import/Takeout/Google Photos/Fuck man/IMG_6694.PNG,1919841,20b1afcc0b6c380167689048304055436b3484c0,png,_backup_import/Takeout/Google Photos/Fuck man,7.937,f,confirmed unreadable: extension names a marker format but the head is random bytes,"head 4 KiB read (b2 ranged GET) -> no format marker, not text, entropy 7.937; twin search by same file name + same size: 1 other hash(es) probed, 0 intact, 1 not readable in B2; other-size copies of the name in the catalog: 0 (find_other_version would propose these for review; none is a same-size twin); no repair engine exists for this type"
B_unreadable_no_twin,_backup_import/Takeout/Google Photos/Fuck man/IMG_6695.PNG,consignatio/vault/v1/_backup_import/Takeout/Google Photos/Fuck man/IMG_6695.PNG,730258,67f661049bd1a983534a85a93c736934c0f2d63d,png,_backup_import/Takeout/Google Photos/Fuck man,7.954,f,confirmed unreadable: extension names a marker format but the head is random bytes,"head 4 KiB read (b2 ranged GET) -> no format marker, not text, entropy 7.954; twin search by same file name + same size: 1 other hash(es) probed, 0 intact, 1 not readable in B2; other-size copies of the name in the catalog: 0 (find_other_version would propose these for review; none is a same-size twin); no repair engine exists for this type"
B_unreadable_no_twin,_backup_import/Takeout/Google Photos/Fuck man/IMG_6705.PNG,consignatio/vault/v1/_backup_import/Takeout/Google Photos/Fuck man/IMG_6705.PNG,637047,2dbd7ff3af2d7c4e9f4d350da4c87ba830f05af1,png,_backup_import/Takeout/Google Photos/Fuck man,7.9,f,confirmed unreadable: extension names a marker format but the head is random bytes,"head 4 KiB read (b2 ranged GET) -> no format marker, not text, entropy 7.9; twin search by same file name + same size: 1 other hash(es) probed, 0 intact, 1 not readable in B2; other-size copies of the name in the catalog: 0 (find_other_version would propose these for review; none is a same-size twin); no repair engine exists for this type"
B_unreadable_no_twin,_backup_import/Takeout/Google Photos/Fuck man/IMG_6719.PNG,consignatio/vault/v1/_backup_import/Takeout/Google Photos/Fuck man/IMG_6719.PNG,701630,8762a544392c2fb5e7dd2fc8c07c0d59e73b801a,png,_backup_import/Takeout/Google Photos/Fuck man,7.897,f,confirmed unreadable: extension names a marker format but the head is random bytes,"head 4 KiB read (b2 ranged GET) -> no format marker, not text, entropy 7.897; twin search by same file name + same size: 1 other hash(es) probed, 0 intact, 1 not readable in B2; other-size copies of the name in the catalog: 0 (find_other_version would propose these for review; none is a same-size twin); no repair engine exists for this type"
B_unreadable_no_twin,_backup_import/Takeout/Google Photos/Fuck man/IMG_7781.PNG,consignatio/vault/v1/_backup_import/Takeout/Google Photos/Fuck man/IMG_7781.PNG,715172,62966ce01bc13984b9fa7a0a8e10164f39310e79,png,_backup_import/Takeout/Google Photos/Fuck man,7.954,f,confirmed unreadable: extension names a marker format but the head is random bytes,"head 4 KiB read (b2 ranged GET) -> no format marker, not text, entropy 7.954; twin search by same file name + same size: 1 other hash(es) probed, 0 intact, 1 not readable in B2; other-size copies of the name in the catalog: 0 (find_other_version would propose these for review; none is a same-size twin); no repair engine exists for this type"
B_unreadable_no_twin,_backup_import/Takeout/Google Photos/Google photos convo/Screenshot_20250704-163606_Photos.png,consignatio/vault/v1/_backup_import/Takeout/Google Photos/Google photos convo/Screenshot_20250704-163606_Photos.png,1188328,ab22691ae1011708c464a518203c0142fe3a092e,png,_backup_import/Takeout/Google Photos/Google photos convo,7.958,f,confirmed unreadable: extension names a marker format but the head is random bytes,"head 4 KiB read (b2 ranged GET) -> no format marker, not text, entropy 7.958; twin search by same file name + same size: 2 other hash(es) probed, 0 intact, 1 not readable in B2; other-size copies of the name in the catalog: 0 (find_other_version would propose these for review; none is a same-size twin); no repair engine exists for this type"
B_unreadable_no_twin,_backup_import/Takeout/Google Photos/Google photos convo/Screenshot_20250704-163739_Photos.png,consignatio/vault/v1/_backup_import/Takeout/Google Photos/Google photos convo/Screenshot_20250704-163739_Photos.png,412835,0b39e2a3d6419479ad7188a57b8cccc28be41759,png,_backup_import/Takeout/Google Photos/Google photos convo,7.945,f,confirmed unreadable: extension names a marker format but the head is random bytes,"head 4 KiB read (b2 ranged GET) -> no format marker, not text, entropy 7.945; twin search by same file name + same size: 1 other hash(es) probed, 0 intact, 1 not readable in B2; other-size copies of the name in the catalog: 0 (find_other_version would propose these for review; none is a same-size twin); no repair engine exists for this type"
B_unreadable_no_twin,_backup_import/Takeout/Google Photos/Social Screen Shots of Users/IMG_1656.PNG,consignatio/vault/v1/_backup_import/Takeout/Google Photos/Social Screen Shots of Users/IMG_1656.PNG,126957,812655f227fd9913d99f9dde42697b5359d42384,png,_backup_import/Takeout/Google Photos/Social Screen Shots of Users,7.957,f,confirmed unreadable: extension names a marker format but the head is random bytes,"head 4 KiB read (b2 ranged GET) -> no format marker, not text, entropy 7.957; twin search by same file name + same size: 1 other hash(es) probed, 0 intact, 1 not readable in B2; other-size copies of the name in the catalog: 4 (find_other_version would propose these for review; none is a same-size twin); no repair engine exists for this type"
B_unreadable_no_twin,_backup_import/Takeout/Google Photos/Social Screen Shots of Users/IMG_2424.PNG,consignatio/vault/v1/_backup_import/Takeout/Google Photos/Social Screen Shots of Users/IMG_2424.PNG,102210,16ff1f257021bb605018c36f790afacfce2885ce,png,_backup_import/Takeout/Google Photos/Social Screen Shots of Users,7.955,f,confirmed unreadable: extension names a marker format but the head is random bytes,"head 4 KiB read (b2 ranged GET) -> no format marker, not text, entropy 7.955; twin search by same file name + same size: 1 other hash(es) probed, 0 intact, 1 not readable in B2; other-size copies of the name in the catalog: 1 (find_other_version would propose these for review; none is a same-size twin); no repair engine exists for this type"
B_unreadable_no_twin,_backup_import/Takeout/Google Photos/Social Screen Shots of Users/IMG_2524(1).PNG,consignatio/vault/v1/_backup_import/Takeout/Google Photos/Social Screen Shots of Users/IMG_2524(1).PNG,128725,440202f43ec3aedc399802e11b19f900218c6f34,png,_backup_import/Takeout/Google Photos/Social Screen Shots of Users,7.951,f,confirmed unreadable: extension names a marker format but the head is random bytes,"head 4 KiB read (b2 ranged GET) -> no format marker, not text, entropy 7.951; twin search by same file name + same size: 1 other hash(es) probed, 0 intact, 1 not readable in B2; other-size copies of the name in the catalog: 1 (find_other_version would propose these for review; none is a same-size twin); no repair engine exists for this type"
B_unreadable_no_twin,_backup_import/Takeout/Google Photos/Social Screen Shots of Users/IMG_2527.PNG,consignatio/vault/v1/_backup_import/Takeout/Google Photos/Social Screen Shots of Users/IMG_2527.PNG,123486,5ec054decd09dce5968e75b61047022ebb96f88f,png,_backup_import/Takeout/Google Photos/Social Screen Shots of Users,7.96,f,confirmed unreadable: extension names a marker format but the head is random bytes,"head 4 KiB read (b2 ranged GET) -> no format marker, not text, entropy 7.96; twin search by same file name + same size: 1 other hash(es) probed, 0 intact, 1 not readable in B2; other-size copies of the name in the catalog: 3 (find_other_version would propose these for review; none is a same-size twin); no repair engine exists for this type"
B_unreadable_no_twin,_backup_import/Takeout/Google Photos/Social Screen Shots of Users/IMG_2528.PNG,consignatio/vault/v1/_backup_import/Takeout/Google Photos/Social Screen Shots of Users/IMG_2528.PNG,118848,10dc36e2c6cc5e1de7452fd2d3dce6e0800e9b0a,png,_backup_import/Takeout/Google Photos/Social Screen Shots of Users,7.95,f,confirmed unreadable: extension names a marker format but the head is random bytes,"head 4 KiB read (b2 ranged GET) -> no format marker, not text, entropy 7.95; twin search by same file name + same size: 1 other hash(es) probed, 0 intact, 1 not readable in B2; other-size copies of the name in the catalog: 3 (find_other_version would propose these for review; none is a same-size twin); no repair engine exists for this type"
B_unreadable_no_twin,_backup_import/Takeout/Google Photos/Social Screen Shots of Users/IMG_2530.PNG,consignatio/vault/v1/_backup_import/Takeout/Google Photos/Social Screen Shots of Users/IMG_2530.PNG,126924,0bb390cb90cf153b1abaea1fe77a5222e1b13939,png,_backup_import/Takeout/Google Photos/Social Screen Shots of Users,7.96,f,confirmed unreadable: extension names a marker format but the head is random bytes,"head 4 KiB read (b2 ranged GET) -> no format marker, not text, entropy 7.96; twin search by same file name + same size: 1 other hash(es) probed, 0 intact, 1 not readable in B2; other-size copies of the name in the catalog: 3 (find_other_version would propose these for review; none is a same-size twin); no repair engine exists for this type"
B_unreadable_no_twin,_backup_import/Takeout/Google Photos/Social Screen Shots of Users/IMG_2531.PNG,consignatio/vault/v1/_backup_import/Takeout/Google Photos/Social Screen Shots of Users/IMG_2531.PNG,122312,61da423e401f4eb3af386a2d5e720455d6b9ab62,png,_backup_import/Takeout/Google Photos/Social Screen Shots of Users,7.957,f,confirmed unreadable: extension names a marker format but the head is random bytes,"head 4 KiB read (b2 ranged GET) -> no format marker, not text, entropy 7.957; twin search by same file name + same size: 1 other hash(es) probed, 0 intact, 1 not readable in B2; other-size copies of the name in the catalog: 1 (find_other_version would propose these for review; none is a same-size twin); no repair engine exists for this type"
B_unreadable_no_twin,_backup_import/Takeout/Google Photos/Social Screen Shots of Users/IMG_2538.PNG,consignatio/vault/v1/_backup_import/Takeout/Google Photos/Social Screen Shots of Users/IMG_2538.PNG,122516,b581cc1e0ed24134dff2205a7ca0f1cb2065f513,png,_backup_import/Takeout/Google Photos/Social Screen Shots of Users,7.957,f,confirmed unreadable: extension names a marker format but the head is random bytes,"head 4 KiB read (b2 ranged GET) -> no format marker, not text, entropy 7.957; twin search by same file name + same size: 1 other hash(es) probed, 0 intact, 1 not readable in B2; other-size copies of the name in the catalog: 3 (find_other_version would propose these for review; none is a same-size twin); no repair engine exists for this type"
B_unreadable_no_twin,_backup_import/Takeout/Google Photos/Social Screen Shots of Users/IMG_2540.PNG,consignatio/vault/v1/_backup_import/Takeout/Google Photos/Social Screen Shots of Users/IMG_2540.PNG,114449,0a4ddb1b290a7f4a5fd0a3296fc7bcbd78362e0c,png,_backup_import/Takeout/Google Photos/Social Screen Shots of Users,7.951,f,confirmed unreadable: extension names a marker format but the head is random bytes,"head 4 KiB read (b2 ranged GET) -> no format marker, not text, entropy 7.951; twin search by same file name + same size: 1 other hash(es) probed, 0 intact, 1 not readable in B2; other-size copies of the name in the catalog: 2 (find_other_version would propose these for review; none is a same-size twin); no repair engine exists for this type"
B_unreadable_no_twin,_backup_import/Takeout/Google Photos/Social Screen Shots of Users/IMG_2924.PNG,consignatio/vault/v1/_backup_import/Takeout/Google Photos/Social Screen Shots of Users/IMG_2924.PNG,114511,9b5d24c01e86fbcba8e8dd5a46641b6385d1b36e,png,_backup_import/Takeout/Google Photos/Social Screen Shots of Users,7.956,f,confirmed unreadable: extension names a marker format but the head is random bytes,"head 4 KiB read (b2 ranged GET) -> no format marker, not text, entropy 7.956; twin search by same file name + same size: 1 other hash(es) probed, 0 intact, 1 not readable in B2; other-size copies of the name in the catalog: 3 (find_other_version would propose these for review; none is a same-size twin); no repair engine exists for this type"
B_unreadable_no_twin,_backup_import/Takeout/Google Photos/Social Screen Shots of Users/IMG_2925.PNG,consignatio/vault/v1/_backup_import/Takeout/Google Photos/Social Screen Shots of Users/IMG_2925.PNG,100747,ec9e0ffc6a2c53d3ce195786e70d71e781345f87,png,_backup_import/Takeout/Google Photos/Social Screen Shots of Users,7.951,f,confirmed unreadable: extension names a marker format but the head is random bytes,"head 4 KiB read (b2 ranged GET) -> no format marker, not text, entropy 7.951; twin search by same file name + same size: 1 other hash(es) probed, 0 intact, 1 not readable in B2; other-size copies of the name in the catalog: 4 (find_other_version would propose these for review; none is a same-size twin); no repair engine exists for this type"
B_unreadable_no_twin,_backup_import/Takeout/Google Photos/Social Screen Shots of Users/IMG_2926.PNG,consignatio/vault/v1/_backup_import/Takeout/Google Photos/Social Screen Shots of Users/IMG_2926.PNG,119309,51a8a767c8368fc4969f385bd3b935e77773cf13,png,_backup_import/Takeout/Google Photos/Social Screen Shots of Users,7.956,f,confirmed unreadable: extension names a marker format but the head is random bytes,"head 4 KiB read (b2 ranged GET) -> no format marker, not text, entropy 7.956; twin search by same file name + same size: 1 other hash(es) probed, 0 intact, 1 not readable in B2; other-size copies of the name in the catalog: 3 (find_other_version would propose these for review; none is a same-size twin); no repair engine exists for this type"
B_unreadable_no_twin,_backup_import/Takeout/Google Photos/Social Screen Shots of Users/IMG_2931.PNG,consignatio/vault/v1/_backup_import/Takeout/Google Photos/Social Screen Shots of Users/IMG_2931.PNG,124247,712127cad4fa7c17b6379e684cde0f4fcb155473,png,_backup_import/Takeout/Google Photos/Social Screen Shots of Users,7.956,f,confirmed unreadable: extension names a marker format but the head is random bytes,"head 4 KiB read (b2 ranged GET) -> no format marker, not text, entropy 7.956; twin search by same file name + same size: 1 other hash(es) probed, 0 intact, 1 not readable in B2; other-size copies of the name in the catalog: 5 (find_other_version would propose these for review; none is a same-size twin); no repair engine exists for this type"
B_unreadable_no_twin,_backup_import/Takeout/Google Photos/Social Screen Shots of Users/IMG_2932(1).PNG,consignatio/vault/v1/_backup_import/Takeout/Google Photos/Social Screen Shots of Users/IMG_2932(1).PNG,102897,e249d1d640fcfb57cbf26c4ff759ed7c915ac650,png,_backup_import/Takeout/Google Photos/Social Screen Shots of Users,7.948,f,confirmed unreadable: extension names a marker format but the head is random bytes,"head 4 KiB read (b2 ranged GET) -> no format marker, not text, entropy 7.948; twin search by same file name + same size: 1 other hash(es) probed, 0 intact, 1 not readable in B2; other-size copies of the name in the catalog: 1 (find_other_version would propose these for review; none is a same-size twin); no repair engine exists for this type"
B_unreadable_no_twin,_backup_import/Takeout/Google Photos/Social Screen Shots of Users/IMG_2933(1).PNG,consignatio/vault/v1/_backup_import/Takeout/Google Photos/Social Screen Shots of Users/IMG_2933(1).PNG,114401,969961f0e537ea6f33fb50f88f8ddfa32d2f2a4f,png,_backup_import/Takeout/Google Photos/Social Screen Shots of Users,7.949,f,confirmed unreadable: extension names a marker format but the head is random bytes,"head 4 KiB read (b2 ranged GET) -> no format marker, not text, entropy 7.949; twin search by same file name + same size: 1 other hash(es) probed, 0 intact, 1 not readable in B2; other-size copies of the name in the catalog: 1 (find_other_version would propose these for review; none is a same-size twin); no repair engine exists for this type"
B_unreadable_no_twin,_backup_import/Takeout/Google Photos/Social Screen Shots of Users/IMG_2934.PNG,consignatio/vault/v1/_backup_import/Takeout/Google Photos/Social Screen Shots of Users/IMG_2934.PNG,103074,2da0efa3ba39392fe21c98b74ebf2cd9cf63df73,png,_backup_import/Takeout/Google Photos/Social Screen Shots of Users,7.943,f,confirmed unreadable: extension names a marker format but the head is random bytes,"head 4 KiB read (b2 ranged GET) -> no format marker, not text, entropy 7.943; twin search by same file name + same size: 1 other hash(es) probed, 0 intact, 1 not readable in B2; other-size copies of the name in the catalog: 5 (find_other_version would propose these for review; none is a same-size twin); no repair engine exists for this type"
B_unreadable_no_twin,_backup_import/Takeout/Google Photos/Social Screen Shots of Users/IMG_2937(1).PNG,consignatio/vault/v1/_backup_import/Takeout/Google Photos/Social Screen Shots of Users/IMG_2937(1).PNG,116742,fd67179348d6e1b513cd882e47895b99c692e195,png,_backup_import/Takeout/Google Photos/Social Screen Shots of Users,7.96,f,confirmed unreadable: extension names a marker format but the head is random bytes,"head 4 KiB read (b2 ranged GET) -> no format marker, not text, entropy 7.96; twin search by same file name + same size: 1 other hash(es) probed, 0 intact, 1 not readable in B2; other-size copies of the name in the catalog: 1 (find_other_version would propose these for review; none is a same-size twin); no repair engine exists for this type"
B_unreadable_no_twin,_backup_import/Takeout/Google Photos/Social Screen Shots of Users/IMG_2939(2).PNG,consignatio/vault/v1/_backup_import/Takeout/Google Photos/Social Screen Shots of Users/IMG_2939(2).PNG,114867,f8d0cb67059015a11a44384589de7163c67e1856,png,_backup_import/Takeout/Google Photos/Social Screen Shots of Users,7.955,f,confirmed unreadable: extension names a marker format but the head is random bytes,"head 4 KiB read (b2 ranged GET) -> no format marker, not text, entropy 7.955; twin search by same file name + same size: 1 other hash(es) probed, 0 intact, 1 not readable in B2; other-size copies of the name in the catalog: 1 (find_other_version would propose these for review; none is a same-size twin); no repair engine exists for this type"
B_unreadable_no_twin,_backup_import/Takeout/Google Photos/Social Screen Shots of Users/IMG_2943(2).PNG,consignatio/vault/v1/_backup_import/Takeout/Google Photos/Social Screen Shots of Users/IMG_2943(2).PNG,105635,16e4748c3767625db1287e8cc26693fac7e6caa7,png,_backup_import/Takeout/Google Photos/Social Screen Shots of Users,7.947,f,confirmed unreadable: extension names a marker format but the head is random bytes,"head 4 KiB read (b2 ranged GET) -> no format marker, not text, entropy 7.947; twin search by same file name + same size: 1 other hash(es) probed, 0 intact, 1 not readable in B2; other-size copies of the name in the catalog: 1 (find_other_version would propose these for review; none is a same-size twin); no repair engine exists for this type"
B_unreadable_no_twin,_backup_import/Takeout/Google Photos/Social Screen Shots of Users/IMG_2944(2).PNG,consignatio/vault/v1/_backup_import/Takeout/Google Photos/Social Screen Shots of Users/IMG_2944(2).PNG,94360,749477c8ee79514a4289dc04ddda4371a60eea32,png,_backup_import/Takeout/Google Photos/Social Screen Shots of Users,7.953,f,confirmed unreadable: extension names a marker format but the head is random bytes,"head 4 KiB read (b2 ranged GET) -> no format marker, not text, entropy 7.953; twin search by same file name + same size: 1 other hash(es) probed, 0 intact, 1 not readable in B2; other-size copies of the name in the catalog: 1 (find_other_version would propose these for review; none is a same-size twin); no repair engine exists for this type"
B_unreadable_no_twin,_backup_import/Takeout/Google Photos/Social Screen Shots of Users/IMG_2947.PNG,consignatio/vault/v1/_backup_import/Takeout/Google Photos/Social Screen Shots of Users/IMG_2947.PNG,121121,7855980ee39b5d204eade6f1d8518d61a5dce420,png,_backup_import/Takeout/Google Photos/Social Screen Shots of Users,7.962,f,confirmed unreadable: extension names a marker format but the head is random bytes,"head 4 KiB read (b2 ranged GET) -> no format marker, not text, entropy 7.962; twin search by same file name + same size: 1 other hash(es) probed, 0 intact, 1 not readable in B2; other-size copies of the name in the catalog: 2 (find_other_version would propose these for review; none is a same-size twin); no repair engine exists for this type"
B_unreadable_no_twin,_backup_import/Takeout/Google Photos/Social Screen Shots of Users/IMG_2948(1).PNG,consignatio/vault/v1/_backup_import/Takeout/Google Photos/Social Screen Shots of Users/IMG_2948(1).PNG,114210,ea81ba7d9d95b521d4797e969864dc4f51d05509,png,_backup_import/Takeout/Google Photos/Social Screen Shots of Users,7.959,f,confirmed unreadable: extension names a marker format but the head is random bytes,"head 4 KiB read (b2 ranged GET) -> no format marker, not text, entropy 7.959; twin search by same file name + same size: 1 other hash(es) probed, 0 intact, 1 not readable in B2; other-size copies of the name in the catalog: 1 (find_other_version would propose these for review; none is a same-size twin); no repair engine exists for this type"
B_unreadable_no_twin,_backup_import/Takeout/Google Photos/Social Screen Shots of Users/IMG_2949(1).PNG,consignatio/vault/v1/_backup_import/Takeout/Google Photos/Social Screen Shots of Users/IMG_2949(1).PNG,107832,a00a2d5f377532f07fe49d514d1574ee933462e5,png,_backup_import/Takeout/Google Photos/Social Screen Shots of Users,7.96,f,confirmed unreadable: extension names a marker format but the head is random bytes,"head 4 KiB read (b2 ranged GET) -> no format marker, not text, entropy 7.96; twin search by same file name + same size: 1 other hash(es) probed, 0 intact, 1 not readable in B2; other-size copies of the name in the catalog: 1 (find_other_version would propose these for review; none is a same-size twin); no repair engine exists for this type"
B_unreadable_no_twin,_backup_import/Takeout/Google Photos/Social Screen Shots of Users/IMG_2957(1).PNG,consignatio/vault/v1/_backup_import/Takeout/Google Photos/Social Screen Shots of Users/IMG_2957(1).PNG,105117,5baa9a254e63cc70f422b208b2b512ac35a65159,png,_backup_import/Takeout/Google Photos/Social Screen Shots of Users,7.947,f,confirmed unreadable: extension names a marker format but the head is random bytes,"head 4 KiB read (b2 ranged GET) -> no format marker, not text, entropy 7.947; twin search by same file name + same size: 1 other hash(es) probed, 0 intact, 1 not readable in B2; other-size copies of the name in the catalog: 1 (find_other_version would propose these for review; none is a same-size twin); no repair engine exists for this type"
B_unreadable_no_twin,_backup_import/Takeout/Google Photos/Social Screen Shots of Users/IMG_2961(1).PNG,consignatio/vault/v1/_backup_import/Takeout/Google Photos/Social Screen Shots of Users/IMG_2961(1).PNG,103642,718a80700997a028304aff8a6597add7cf9cc11f,png,_backup_import/Takeout/Google Photos/Social Screen Shots of Users,7.957,f,confirmed unreadable: extension names a marker format but the head is random bytes,"head 4 KiB read (b2 ranged GET) -> no format marker, not text, entropy 7.957; twin search by same file name + same size: 1 other hash(es) probed, 0 intact, 1 not readable in B2; other-size copies of the name in the catalog: 1 (find_other_version would propose these for review; none is a same-size twin); no repair engine exists for this type"
B_unreadable_no_twin,_backup_import/Takeout/Google Photos/Social Screen Shots of Users/IMG_2962.PNG,consignatio/vault/v1/_backup_import/Takeout/Google Photos/Social Screen Shots of Users/IMG_2962.PNG,106426,9cfe67482bc6577cc7cad076a71329dc74a099d1,png,_backup_import/Takeout/Google Photos/Social Screen Shots of Users,7.957,f,confirmed unreadable: extension names a marker format but the head is random bytes,"head 4 KiB read (b2 ranged GET) -> no format marker, not text, entropy 7.957; twin search by same file name + same size: 1 other hash(es) probed, 0 intact, 1 not readable in B2; other-size copies of the name in the catalog: 3 (find_other_version would propose these for review; none is a same-size twin); no repair engine exists for this type"
B_unreadable_no_twin,_backup_import/Takeout/Google Photos/Social Screen Shots of Users/IMG_2963.PNG,consignatio/vault/v1/_backup_import/Takeout/Google Photos/Social Screen Shots of Users/IMG_2963.PNG,117914,5446c1afd5e648c3934d8ac9a3e7b40a211371d8,png,_backup_import/Takeout/Google Photos/Social Screen Shots of Users,7.951,f,confirmed unreadable: extension names a marker format but the head is random bytes,"head 4 KiB read (b2 ranged GET) -> no format marker, not text, entropy 7.951; twin search by same file name + same size: 1 other hash(es) probed, 0 intact, 1 not readable in B2; other-size copies of the name in the catalog: 4 (find_other_version would propose these for review; none is a same-size twin); no repair engine exists for this type"
B_unreadable_no_twin,_backup_import/Takeout/Google Photos/Social Screen Shots of Users/IMG_2964.PNG,consignatio/vault/v1/_backup_import/Takeout/Google Photos/Social Screen Shots of Users/IMG_2964.PNG,104664,8dd7e723dc8c373fe69ce606d64fa2174ea5788f,png,_backup_import/Takeout/Google Photos/Social Screen Shots of Users,7.949,f,confirmed unreadable: extension names a marker format but the head is random bytes,"head 4 KiB read (b2 ranged GET) -> no format marker, not text, entropy 7.949; twin search by same file name + same size: 1 other hash(es) probed, 0 intact, 1 not readable in B2; other-size copies of the name in the catalog: 3 (find_other_version would propose these for review; none is a same-size twin); no repair engine exists for this type"
B_unreadable_no_twin,_backup_import/Takeout/Google Photos/Social Screen Shots of Users/IMG_2966(2).PNG,consignatio/vault/v1/_backup_import/Takeout/Google Photos/Social Screen Shots of Users/IMG_2966(2).PNG,110208,59024c15ca4cb93998d204d0e10ad668aa8c1bf4,png,_backup_import/Takeout/Google Photos/Social Screen Shots of Users,7.956,f,confirmed unreadable: extension names a marker format but the head is random bytes,"head 4 KiB read (b2 ranged GET) -> no format marker, not text, entropy 7.956; twin search by same file name + same size: 1 other hash(es) probed, 0 intact, 1 not readable in B2; other-size copies of the name in the catalog: 0 (find_other_version would propose these for review; none is a same-size twin); no repair engine exists for this type"
B_unreadable_no_twin,_backup_import/Takeout/Google Photos/Social Screen Shots of Users/IMG_2972.PNG,consignatio/vault/v1/_backup_import/Takeout/Google Photos/Social Screen Shots of Users/IMG_2972.PNG,114905,cff9f46a6ef4e7dc4694111a82f34902398c8406,png,_backup_import/Takeout/Google Photos/Social Screen Shots of Users,7.952,f,confirmed unreadable: extension names a marker format but the head is random bytes,"head 4 KiB read (b2 ranged GET) -> no format marker, not text, entropy 7.952; twin search by same file name + same size: 1 other hash(es) probed, 0 intact, 1 not readable in B2; other-size copies of the name in the catalog: 2 (find_other_version would propose these for review; none is a same-size twin); no repair engine exists for this type"
B_unreadable_no_twin,_backup_import/Takeout/Google Photos/Social Screen Shots of Users/IMG_2975.PNG,consignatio/vault/v1/_backup_import/Takeout/Google Photos/Social Screen Shots of Users/IMG_2975.PNG,108553,743af29a6a1df5261b06de0dd153c6691c132af6,png,_backup_import/Takeout/Google Photos/Social Screen Shots of Users,7.952,f,confirmed unreadable: extension names a marker format but the head is random bytes,"head 4 KiB read (b2 ranged GET) -> no format marker, not text, entropy 7.952; twin search by same file name + same size: 1 other hash(es) probed, 0 intact, 1 not readable in B2; other-size copies of the name in the catalog: 2 (find_other_version would propose these for review; none is a same-size twin); no repair engine exists for this type"
B_unreadable_no_twin,_backup_import/Takeout/Google Photos/Social Screen Shots of Users/IMG_3015.PNG,consignatio/vault/v1/_backup_import/Takeout/Google Photos/Social Screen Shots of Users/IMG_3015.PNG,96895,2536c2ccc162b07df20d208c92a6da2189ad0390,png,_backup_import/Takeout/Google Photos/Social Screen Shots of Users,7.955,f,confirmed unreadable: extension names a marker format but the head is random bytes,"head 4 KiB read (b2 ranged GET) -> no format marker, not text, entropy 7.955; twin search by same file name + same size: 1 other hash(es) probed, 0 intact, 1 not readable in B2; other-size copies of the name in the catalog: 2 (find_other_version would propose these for review; none is a same-size twin); no repair engine exists for this type"
B_unreadable_no_twin,_backup_import/Takeout/Google Photos/Social Screen Shots of Users/IMG_3234(1).PNG,consignatio/vault/v1/_backup_import/Takeout/Google Photos/Social Screen Shots of Users/IMG_3234(1).PNG,105247,36526768803a862139990ad27cd2935f397b368d,png,_backup_import/Takeout/Google Photos/Social Screen Shots of Users,7.95,f,confirmed unreadable: extension names a marker format but the head is random bytes,"head 4 KiB read (b2 ranged GET) -> no format marker, not text, entropy 7.95; twin search by same file name + same size: 1 other hash(es) probed, 0 intact, 1 not readable in B2; other-size copies of the name in the catalog: 1 (find_other_version would propose these for review; none is a same-size twin); no repair engine exists for this type"
B_unreadable_no_twin,_backup_import/Takeout/Google Photos/Social Screen Shots of Users/IMG_3235.PNG,consignatio/vault/v1/_backup_import/Takeout/Google Photos/Social Screen Shots of Users/IMG_3235.PNG,105231,931cc91331f890786a18bd8f94822af7bb3f58d9,png,_backup_import/Takeout/Google Photos/Social Screen Shots of Users,7.959,f,confirmed unreadable: extension names a marker format but the head is random bytes,"head 4 KiB read (b2 ranged GET) -> no format marker, not text, entropy 7.959; twin search by same file name + same size: 1 other hash(es) probed, 0 intact, 1 not readable in B2; other-size copies of the name in the catalog: 6 (find_other_version would propose these for review; none is a same-size twin); no repair engine exists for this type"
B_unreadable_no_twin,_backup_import/Takeout/Google Photos/Social Screen Shots of Users/IMG_3236(1).PNG,consignatio/vault/v1/_backup_import/Takeout/Google Photos/Social Screen Shots of Users/IMG_3236(1).PNG,105231,e78405539c39dba0e68b7719e621dfbdae46c8a3,png,_backup_import/Takeout/Google Photos/Social Screen Shots of Users,7.955,f,confirmed unreadable: extension names a marker format but the head is random bytes,"head 4 KiB read (b2 ranged GET) -> no format marker, not text, entropy 7.955; twin search by same file name + same size: 1 other hash(es) probed, 0 intact, 1 not readable in B2; other-size copies of the name in the catalog: 1 (find_other_version would propose these for review; none is a same-size twin); no repair engine exists for this type"
B_unreadable_no_twin,_backup_import/Takeout/Google Photos/Social Screen Shots of Users/IMG_3237(1).PNG,consignatio/vault/v1/_backup_import/Takeout/Google Photos/Social Screen Shots of Users/IMG_3237(1).PNG,105231,f57c57be75c6c7b606ba721af5d952e97ce4a482,png,_backup_import/Takeout/Google Photos/Social Screen Shots of Users,7.948,f,confirmed unreadable: extension names a marker format but the head is random bytes,"head 4 KiB read (b2 ranged GET) -> no format marker, not text, entropy 7.948; twin search by same file name + same size: 1 other hash(es) probed, 0 intact, 1 not readable in B2; other-size copies of the name in the catalog: 1 (find_other_version would propose these for review; none is a same-size twin); no repair engine exists for this type"
B_unreadable_no_twin,_backup_import/Takeout/Google Photos/Social Screen Shots of Users/IMG_3538.PNG,consignatio/vault/v1/_backup_import/Takeout/Google Photos/Social Screen Shots of Users/IMG_3538.PNG,101260,e000a7d89a88473464decf55e06b1c47c9144eeb,png,_backup_import/Takeout/Google Photos/Social Screen Shots of Users,7.958,f,confirmed unreadable: extension names a marker format but the head is random bytes,"head 4 KiB read (b2 ranged GET) -> no format marker, not text, entropy 7.958; twin search by same file name + same size: 1 other hash(es) probed, 0 intact, 1 not readable in B2; other-size copies of the name in the catalog: 1 (find_other_version would propose these for review; none is a same-size twin); no repair engine exists for this type"
B_unreadable_no_twin,_backup_import/Takeout/Google Photos/Untitled/IMG_5122.PNG,consignatio/vault/v1/_backup_import/Takeout/Google Photos/Untitled/IMG_5122.PNG,129153,eb6e7b83e6a71796cfc1abc4e9effd4c6601fa37,png,_backup_import/Takeout/Google Photos/Untitled,7.925,f,confirmed unreadable: extension names a marker format but the head is random bytes,"head 4 KiB read (b2 ranged GET) -> no format marker, not text, entropy 7.925; twin search by same file name + same size: 1 other hash(es) probed, 0 intact, 1 not readable in B2; other-size copies of the name in the catalog: 2 (find_other_version would propose these for review; none is a same-size twin); no repair engine exists for this type"
B_unreadable_no_twin,_backup_import/Takeout/Google Photos/Untitled/IMG_5123.PNG,consignatio/vault/v1/_backup_import/Takeout/Google Photos/Untitled/IMG_5123.PNG,165733,3cd1df1e9ac78df2a278ec78eac25e4f12d947a2,png,_backup_import/Takeout/Google Photos/Untitled,7.951,f,confirmed unreadable: extension names a marker format but the head is random bytes,"head 4 KiB read (b2 ranged GET) -> no format marker, not text, entropy 7.951; twin search by same file name + same size: 1 other hash(es) probed, 0 intact, 1 not readable in B2; other-size copies of the name in the catalog: 2 (find_other_version would propose these for review; none is a same-size twin); no repair engine exists for this type"
B_unreadable_no_twin,_backup_import/Takeout/Google Photos/Untitled/IMG_5124.PNG,consignatio/vault/v1/_backup_import/Takeout/Google Photos/Untitled/IMG_5124.PNG,200257,b27982a8cf050dac127e2b3c160a90ed8293f150,png,_backup_import/Takeout/Google Photos/Untitled,7.956,f,confirmed unreadable: extension names a marker format but the head is random bytes,"head 4 KiB read (b2 ranged GET) -> no format marker, not text, entropy 7.956; twin search by same file name + same size: 1 other hash(es) probed, 0 intact, 1 not readable in B2; other-size copies of the name in the catalog: 2 (find_other_version would propose these for review; none is a same-size twin); no repair engine exists for this type"
B_unreadable_no_twin,_backup_import/Takeout/Google Photos/Untitled/IMG_5127.PNG,consignatio/vault/v1/_backup_import/Takeout/Google Photos/Untitled/IMG_5127.PNG,173988,f4be3a959dd16ef496174a3ed51ca97a52d983bc,png,_backup_import/Takeout/Google Photos/Untitled,7.952,f,confirmed unreadable: extension names a marker format but the head is random bytes,"head 4 KiB read (b2 ranged GET) -> no format marker, not text, entropy 7.952; twin search by same file name + same size: 1 other hash(es) probed, 0 intact, 1 not readable in B2; other-size copies of the name in the catalog: 4 (find_other_version would propose these for review; none is a same-size twin); no repair engine exists for this type"
B_unreadable_no_twin,_backup_import/Takeout/Google Photos/Untitled/IMG_5128.PNG,consignatio/vault/v1/_backup_import/Takeout/Google Photos/Untitled/IMG_5128.PNG,116272,caea3928702bf2114bdfcfe5c0815a5a8f488d83,png,_backup_import/Takeout/Google Photos/Untitled,7.932,f,confirmed unreadable: extension names a marker format but the head is random bytes,"head 4 KiB read (b2 ranged GET) -> no format marker, not text, entropy 7.932; twin search by same file name + same size: 1 other hash(es) probed, 0 intact, 1 not readable in B2; other-size copies of the name in the catalog: 4 (find_other_version would propose these for review; none is a same-size twin); no repair engine exists for this type"
B_unreadable_no_twin,_backup_import/Takeout/Google Photos/Untitled/IMG_5129.PNG,consignatio/vault/v1/_backup_import/Takeout/Google Photos/Untitled/IMG_5129.PNG,121846,5dc3c7a4914d81316a0b642c6bb9c94abcca9ac6,png,_backup_import/Takeout/Google Photos/Untitled,7.945,f,confirmed unreadable: extension names a marker format but the head is random bytes,"head 4 KiB read (b2 ranged GET) -> no format marker, not text, entropy 7.945; twin search by same file name + same size: 1 other hash(es) probed, 0 intact, 1 not readable in B2; other-size copies of the name in the catalog: 2 (find_other_version would propose these for review; none is a same-size twin); no repair engine exists for this type"
B_unreadable_no_twin,_backup_import/Takeout/Google Photos/Untitled/IMG_5133.PNG,consignatio/vault/v1/_backup_import/Takeout/Google Photos/Untitled/IMG_5133.PNG,199241,cd90c173155d3847d7a1ed473c27e050612d30a9,png,_backup_import/Takeout/Google Photos/Untitled,7.949,f,confirmed unreadable: extension names a marker format but the head is random bytes,"head 4 KiB read (b2 ranged GET) -> no format marker, not text, entropy 7.949; twin search by same file name + same size: 1 other hash(es) probed, 0 intact, 1 not readable in B2; other-size copies of the name in the catalog: 1 (find_other_version would propose these for review; none is a same-size twin); no repair engine exists for this type"
B_unreadable_no_twin,_backup_import/Takeout/Google Photos/Untitled/Screenshot_20250604-145944_Chrome~2.png,consignatio/vault/v1/_backup_import/Takeout/Google Photos/Untitled/Screenshot_20250604-145944_Chrome~2.png,204361,b0bbe9bfac2b4689766cd8456a0aa54892037ea8,png,_backup_import/Takeout/Google Photos/Untitled,7.945,f,confirmed unreadable: extension names a marker format but the head is random bytes,"head 4 KiB read (b2 ranged GET) -> no format marker, not text, entropy 7.945; twin search by same file name + same size: 1 other hash(es) probed, 0 intact, 1 not readable in B2; other-size copies of the name in the catalog: 1 (find_other_version would propose these for review; none is a same-size twin); no repair engine exists for this type"
B_unreadable_no_twin,_backup_import/Takeout/My Activity/Gemini Apps/image-7c2326a688aa09af_1.png,consignatio/vault/v1/_backup_import/Takeout/My Activity/Gemini Apps/image-7c2326a688aa09af_1.png,77437,632d51710f33d8d26679d9607608c1ed31293f22,png,_backup_import/Takeout/My Activity/Gemini Apps,7.959,f,confirmed unreadable: extension names a marker format but the head is random bytes,"head 4 KiB read (b2 ranged GET) -> no format marker, not text, entropy 7.959; twin search by same file name + same size: 1 other hash(es) probed, 0 intact, 1 not readable in B2; other-size copies of the name in the catalog: 0 (find_other_version would propose these for review; none is a same-size twin); no repair engine exists for this type"
B_unreadable_no_twin,_backup_import/Takeout/My Activity/Gemini Apps/image-7c2326a688aa09af_2.png,consignatio/vault/v1/_backup_import/Takeout/My Activity/Gemini Apps/image-7c2326a688aa09af_2.png,85636,d10d10d36c1f883afbef0145cb09a4487a9e9124,png,_backup_import/Takeout/My Activity/Gemini Apps,7.954,f,confirmed unreadable: extension names a marker format but the head is random bytes,"head 4 KiB read (b2 ranged GET) -> no format marker, not text, entropy 7.954; twin search by same file name + same size: 1 other hash(es) probed, 0 intact, 1 not readable in B2; other-size copies of the name in the catalog: 0 (find_other_version would propose these for review; none is a same-size twin); no repair engine exists for this type"
B_unreadable_no_twin,_backup_import/Takeout/My Activity/Gemini Apps/image-7c2326a688aa09af_3.png,consignatio/vault/v1/_backup_import/Takeout/My Activity/Gemini Apps/image-7c2326a688aa09af_3.png,86645,482d5e29d34e1c7313e10a2f17bf8639bfb97f4f,png,_backup_import/Takeout/My Activity/Gemini Apps,7.904,f,confirmed unreadable: extension names a marker format but the head is random bytes,"head 4 KiB read (b2 ranged GET) -> no format marker, not text, entropy 7.904; twin search by same file name + same size: 1 other hash(es) probed, 0 intact, 1 not readable in B2; other-size copies of the name in the catalog: 0 (find_other_version would propose these for review; none is a same-size twin); no repair engine exists for this type"
B_unreadable_no_twin,_backup_import/Takeout/My Activity/Gemini Apps/image-7c2326a688aa09af_4.png,consignatio/vault/v1/_backup_import/Takeout/My Activity/Gemini Apps/image-7c2326a688aa09af_4.png,78154,9a3e3af971b90806fbc4382a088845d7bd30ee55,png,_backup_import/Takeout/My Activity/Gemini Apps,7.921,f,confirmed unreadable: extension names a marker format but the head is random bytes,"head 4 KiB read (b2 ranged GET) -> no format marker, not text, entropy 7.921; twin search by same file name + same size: 1 other hash(es) probed, 0 intact, 1 not readable in B2; other-size copies of the name in the catalog: 0 (find_other_version would propose these for review; none is a same-size twin); no repair engine exists for this type"
B_unreadable_no_twin,_backup_import/Takeout/My Activity/Gemini Apps/image-7c2326a688aa09af_5.png,consignatio/vault/v1/_backup_import/Takeout/My Activity/Gemini Apps/image-7c2326a688aa09af_5.png,101594,854fc5ad532f5d974399e86c9187476ebe7babb7,png,_backup_import/Takeout/My Activity/Gemini Apps,7.961,f,confirmed unreadable: extension names a marker format but the head is random bytes,"head 4 KiB read (b2 ranged GET) -> no format marker, not text, entropy 7.961; twin search by same file name + same size: 1 other hash(es) probed, 0 intact, 1 not readable in B2; other-size copies of the name in the catalog: 0 (find_other_version would propose these for review; none is a same-size twin); no repair engine exists for this type"
B_unreadable_no_twin,_backup_import/Takeout/My Activity/Gemini Apps/image-7c2326a688aa09af_6.png,consignatio/vault/v1/_backup_import/Takeout/My Activity/Gemini Apps/image-7c2326a688aa09af_6.png,105314,b8cc4275b7dba769ae2292c2102e7a42202776ae,png,_backup_import/Takeout/My Activity/Gemini Apps,7.955,f,confirmed unreadable: extension names a marker format but the head is random bytes,"head 4 KiB read (b2 ranged GET) -> no format marker, not text, entropy 7.955; twin search by same file name + same size: 1 other hash(es) probed, 0 intact, 1 not readable in B2; other-size copies of the name in the catalog: 0 (find_other_version would propose these for review; none is a same-size twin); no repair engine exists for this type"
B_unreadable_no_twin,_backup_import/Takeout/My Activity/Gemini Apps/image-7c2326a688aa09af_7.png,consignatio/vault/v1/_backup_import/Takeout/My Activity/Gemini Apps/image-7c2326a688aa09af_7.png,83314,dcda75842af7525c93f0dd122ecbea8b9be06809,png,_backup_import/Takeout/My Activity/Gemini Apps,7.957,f,confirmed unreadable: extension names a marker format but the head is random bytes,"head 4 KiB read (b2 ranged GET) -> no format marker, not text, entropy 7.957; twin search by same file name + same size: 1 other hash(es) probed, 0 intact, 1 not readable in B2; other-size copies of the name in the catalog: 0 (find_other_version would propose these for review; none is a same-size twin); no repair engine exists for this type"
B_unreadable_no_twin,_backup_import/Takeout/My Activity/Gemini Apps/image-7c2326a688aa09af_8.png,consignatio/vault/v1/_backup_import/Takeout/My Activity/Gemini Apps/image-7c2326a688aa09af_8.png,74579,4f786f4f620cb1e7ba8490621150dc0d97d7586c,png,_backup_import/Takeout/My Activity/Gemini Apps,7.956,f,confirmed unreadable: extension names a marker format but the head is random bytes,"head 4 KiB read (b2 ranged GET) -> no format marker, not text, entropy 7.956; twin search by same file name + same size: 1 other hash(es) probed, 0 intact, 1 not readable in B2; other-size copies of the name in the catalog: 0 (find_other_version would propose these for review; none is a same-size twin); no repair engine exists for this type"
B_unreadable_no_twin,_backup_import/Takeout/My Activity/Gemini Apps/image-7c2326a688aa09af_9.png,consignatio/vault/v1/_backup_import/Takeout/My Activity/Gemini Apps/image-7c2326a688aa09af_9.png,80773,3dec3e9be8c8ef2fbe8991311cd4a19794dd5767,png,_backup_import/Takeout/My Activity/Gemini Apps,7.94,f,confirmed unreadable: extension names a marker format but the head is random bytes,"head 4 KiB read (b2 ranged GET) -> no format marker, not text, entropy 7.94; twin search by same file name + same size: 1 other hash(es) probed, 0 intact, 1 not readable in B2; other-size copies of the name in the catalog: 0 (find_other_version would propose these for review; none is a same-size twin); no repair engine exists for this type"
B_unreadable_no_twin,_backup_import/Takeout/My Activity/Gemini Apps/image-7c2326a688aa09af.png,consignatio/vault/v1/_backup_import/Takeout/My Activity/Gemini Apps/image-7c2326a688aa09af.png,67684,736cfafd6eceed6ee53774b3728d915ba5f7d11b,png,_backup_import/Takeout/My Activity/Gemini Apps,7.94,f,confirmed unreadable: extension names a marker format but the head is random bytes,"head 4 KiB read (b2 ranged GET) -> no format marker, not text, entropy 7.94; twin search by same file name + same size: 1 other hash(es) probed, 0 intact, 1 not readable in B2; other-size copies of the name in the catalog: 0 (find_other_version would propose these for review; none is a same-size twin); no repair engine exists for this type"
B_unreadable_no_twin,_backup_import/Takeout/My Activity/Gemini Apps/image-c824acc639547bd8_1.png,consignatio/vault/v1/_backup_import/Takeout/My Activity/Gemini Apps/image-c824acc639547bd8_1.png,74579,3ad55181e495209ee23f4a984f764a7021115829,png,_backup_import/Takeout/My Activity/Gemini Apps,7.958,f,confirmed unreadable: extension names a marker format but the head is random bytes,"head 4 KiB read (b2 ranged GET) -> no format marker, not text, entropy 7.958; twin search by same file name + same size: 0 other hash(es) probed, 0 intact, 0 not readable in B2; other-size copies of the name in the catalog: 0 (find_other_version would propose these for review; none is a same-size twin); no repair engine exists for this type"
B_unreadable_no_twin,_backup_import/Takeout/My Activity/Gemini Apps/image-c824acc639547bd8_2.png,consignatio/vault/v1/_backup_import/Takeout/My Activity/Gemini Apps/image-c824acc639547bd8_2.png,80773,feffa41d7c3475f3857c008c7b183aa1c7df58bb,png,_backup_import/Takeout/My Activity/Gemini Apps,7.957,f,confirmed unreadable: extension names a marker format but the head is random bytes,"head 4 KiB read (b2 ranged GET) -> no format marker, not text, entropy 7.957; twin search by same file name + same size: 0 other hash(es) probed, 0 intact, 0 not readable in B2; other-size copies of the name in the catalog: 0 (find_other_version would propose these for review; none is a same-size twin); no repair engine exists for this type"
B_unreadable_no_twin,_backup_import/Takeout/My Activity/Gemini Apps/image-c824acc639547bd8_3.png,consignatio/vault/v1/_backup_import/Takeout/My Activity/Gemini Apps/image-c824acc639547bd8_3.png,77437,3a59829c62ff11e1c3dfba430d49103c403128ab,png,_backup_import/Takeout/My Activity/Gemini Apps,7.958,f,confirmed unreadable: extension names a marker format but the head is random bytes,"head 4 KiB read (b2 ranged GET) -> no format marker, not text, entropy 7.958; twin search by same file name + same size: 0 other hash(es) probed, 0 intact, 0 not readable in B2; other-size copies of the name in the catalog: 0 (find_other_version would propose these for review; none is a same-size twin); no repair engine exists for this type"
B_unreadable_no_twin,_backup_import/Takeout/My Activity/Gemini Apps/image-c824acc639547bd8_4.png,consignatio/vault/v1/_backup_import/Takeout/My Activity/Gemini Apps/image-c824acc639547bd8_4.png,83314,b35e3662dbef6a1b4dcf92f0ebd21191c0c0eb59,png,_backup_import/Takeout/My Activity/Gemini Apps,7.957,f,confirmed unreadable: extension names a marker format but the head is random bytes,"head 4 KiB read (b2 ranged GET) -> no format marker, not text, entropy 7.957; twin search by same file name + same size: 0 other hash(es) probed, 0 intact, 0 not readable in B2; other-size copies of the name in the catalog: 0 (find_other_version would propose these for review; none is a same-size twin); no repair engine exists for this type"
B_unreadable_no_twin,_backup_import/Takeout/My Activity/Gemini Apps/image-c824acc639547bd8_5.png,consignatio/vault/v1/_backup_import/Takeout/My Activity/Gemini Apps/image-c824acc639547bd8_5.png,86645,232f708ec4e80a80b960e27cddbe7cfbc96fe353,png,_backup_import/Takeout/My Activity/Gemini Apps,7.963,f,confirmed unreadable: extension names a marker format but the head is random bytes,"head 4 KiB read (b2 ranged GET) -> no format marker, not text, entropy 7.963; twin search by same file name + same size: 0 other hash(es) probed, 0 intact, 0 not readable in B2; other-size copies of the name in the catalog: 0 (find_other_version would propose these for review; none is a same-size twin); no repair engine exists for this type"
B_unreadable_no_twin,_backup_import/Takeout/My Activity/Gemini Apps/image-c824acc639547bd8_6.png,consignatio/vault/v1/_backup_import/Takeout/My Activity/Gemini Apps/image-c824acc639547bd8_6.png,85636,934e4d5470382ed21082cf38ff5658b98a80bffd,png,_backup_import/Takeout/My Activity/Gemini Apps,7.924,f,confirmed unreadable: extension names a marker format but the head is random bytes,"head 4 KiB read (b2 ranged GET) -> no format marker, not text, entropy 7.924; twin search by same file name + same size: 0 other hash(es) probed, 0 intact, 0 not readable in B2; other-size copies of the name in the catalog: 0 (find_other_version would propose these for review; none is a same-size twin); no repair engine exists for this type"
B_unreadable_no_twin,_backup_import/Takeout/My Activity/Gemini Apps/image-c824acc639547bd8_7.png,consignatio/vault/v1/_backup_import/Takeout/My Activity/Gemini Apps/image-c824acc639547bd8_7.png,78154,0ed8696e7b51107d947d6350144304f428fc869a,png,_backup_import/Takeout/My Activity/Gemini Apps,7.936,f,confirmed unreadable: extension names a marker format but the head is random bytes,"head 4 KiB read (b2 ranged GET) -> no format marker, not text, entropy 7.936; twin search by same file name + same size: 0 other hash(es) probed, 0 intact, 0 not readable in B2; other-size copies of the name in the catalog: 0 (find_other_version would propose these for review; none is a same-size twin); no repair engine exists for this type"
B_unreadable_no_twin,_backup_import/Takeout/My Activity/Gemini Apps/image-c824acc639547bd8_8.png,consignatio/vault/v1/_backup_import/Takeout/My Activity/Gemini Apps/image-c824acc639547bd8_8.png,67684,9b2c9b9bb594a5b65eba097c57d689388fb4ed8f,png,_backup_import/Takeout/My Activity/Gemini Apps,7.855,f,confirmed unreadable: extension names a marker format but the head is random bytes,"head 4 KiB read (b2 ranged GET) -> no format marker, not text, entropy 7.855; twin search by same file name + same size: 0 other hash(es) probed, 0 intact, 0 not readable in B2; other-size copies of the name in the catalog: 0 (find_other_version would propose these for review; none is a same-size twin); no repair engine exists for this type"
B_unreadable_no_twin,_backup_import/Takeout/My Activity/Gemini Apps/image-c824acc639547bd8_9.png,consignatio/vault/v1/_backup_import/Takeout/My Activity/Gemini Apps/image-c824acc639547bd8_9.png,101594,c261c5f695f32c47680ca0ebd1f23a6b11affa06,png,_backup_import/Takeout/My Activity/Gemini Apps,7.958,f,confirmed unreadable: extension names a marker format but the head is random bytes,"head 4 KiB read (b2 ranged GET) -> no format marker, not text, entropy 7.958; twin search by same file name + same size: 0 other hash(es) probed, 0 intact, 0 not readable in B2; other-size copies of the name in the catalog: 0 (find_other_version would propose these for review; none is a same-size twin); no repair engine exists for this type"
B_unreadable_no_twin,_backup_import/Takeout/My Activity/Gemini Apps/image-c824acc639547bd8.png,consignatio/vault/v1/_backup_import/Takeout/My Activity/Gemini Apps/image-c824acc639547bd8.png,105314,f6c0b7dc090237efcc8ef2dbb5e91aedc659081e,png,_backup_import/Takeout/My Activity/Gemini Apps,7.946,f,confirmed unreadable: extension names a marker format but the head is random bytes,"head 4 KiB read (b2 ranged GET) -> no format marker, not text, entropy 7.946; twin search by same file name + same size: 0 other hash(es) probed, 0 intact, 0 not readable in B2; other-size copies of the name in the catalog: 0 (find_other_version would propose these for review; none is a same-size twin); no repair engine exists for this type"
B_unreadable_no_twin,Documents/f48583376.png,consignatio/vault/v1/Documents/f48583376.png,901120,6f966db600ae442a37e164c083df84c2d7dbd313,png,Documents,7.956,f,confirmed unreadable: extension names a marker format but the head is random bytes,"head 4 KiB read (b2 ranged GET) -> no format marker, not text, entropy 7.956; twin search by same file name + same size: 1 other hash(es) probed, 0 intact, 0 not readable in B2; other-size copies of the name in the catalog: 1 (find_other_version would propose these for review; none is a same-size twin); no repair engine exists for this type"
B_unreadable_no_twin,Documents/f48585144.png,consignatio/vault/v1/Documents/f48585144.png,602112,c4f10160e414e6f3dc22e8aeeac051c01adf2958,png,Documents,7.944,f,confirmed unreadable: extension names a marker format but the head is random bytes,"head 4 KiB read (b2 ranged GET) -> no format marker, not text, entropy 7.944; twin search by same file name + same size: 1 other hash(es) probed, 0 intact, 0 not readable in B2; other-size copies of the name in the catalog: 1 (find_other_version would propose these for review; none is a same-size twin); no repair engine exists for this type"
B_unreadable_no_twin,Documents/f48682568.png,consignatio/vault/v1/Documents/f48682568.png,520192,36355ff53adfc6bed8f4875b9b80fb1f66777465,png,Documents,7.908,f,confirmed unreadable: extension names a marker format but the head is random bytes,"head 4 KiB read (b2 ranged GET) -> no format marker, not text, entropy 7.908; twin search by same file name + same size: 1 other hash(es) probed, 0 intact, 0 not readable in B2; other-size copies of the name in the catalog: 1 (find_other_version would propose these for review; none is a same-size twin); no repair engine exists for this type"
B_unreadable_no_twin,moved/court/fb/files/messages (1)/inbox/amdgamingenthusiastschat_9673469312665198/photos/517979864_1259397529231583_3560835651002187454_n_1259397525898250.png,consignatio/vault/v1/moved/court/fb/files/messages (1)/inbox/amdgamingenthusiastschat_9673469312665198/photos/517979864_1259397529231583_3560835651002187454_n_1259397525898250.png,599468,4bd9b43eb835c70f9400c0cd3e2b0abb0853177e,png,moved/court/fb/files/messages (1)/inbox/amdgamingenthusiastschat_9673469312665198/photos,7.956,f,confirmed unreadable: extension names a marker format but the head is random bytes,"head 4 KiB read (b2 ranged GET) -> no format marker, not text, entropy 7.956; twin search by same file name + same size: 1 other hash(es) probed, 0 intact, 1 not readable in B2; other-size copies of the name in the catalog: 1 (find_other_version would propose these for review; none is a same-size twin); no repair engine exists for this type"
B_unreadable_no_twin,moved/court/fb/katrinakinzel_1614217831996100/photos/125183935_1073662536437921_1305346300544518848_n_1073662533104588.png,consignatio/vault/v1/moved/court/fb/katrinakinzel_1614217831996100/photos/125183935_1073662536437921_1305346300544518848_n_1073662533104588.png,1825019,ffc9488d2550ab4feea06cb6560174f52b2b434b,png,moved/court/fb/katrinakinzel_1614217831996100/photos,7.957,f,confirmed unreadable: extension names a marker format but the head is random bytes,"head 4 KiB read (b2 ranged GET) -> no format marker, not text, entropy 7.957; twin search by same file name + same size: 1 other hash(es) probed, 0 intact, 1 not readable in B2; other-size copies of the name in the catalog: 2 (find_other_version would propose these for review; none is a same-size twin); no repair engine exists for this type"
B_unreadable_no_twin,moved/court/fb/katrinakinzel_1614217831996100/photos/125286539_644554162887093_640295658798095214_n_644554159553760.png,consignatio/vault/v1/moved/court/fb/katrinakinzel_1614217831996100/photos/125286539_644554162887093_640295658798095214_n_644554159553760.png,2158007,32fd6cd7a827002c741ed2514de7b1f14ae47f09,png,moved/court/fb/katrinakinzel_1614217831996100/photos,7.92,f,confirmed unreadable: extension names a marker format but the head is random bytes,"head 4 KiB read (b2 ranged GET) -> no format marker, not text, entropy 7.92; twin search by same file name + same size: 1 other hash(es) probed, 0 intact, 1 not readable in B2; other-size copies of the name in the catalog: 2 (find_other_version would propose these for review; none is a same-size twin); no repair engine exists for this type"
B_unreadable_no_twin,moved/court/fb/katrinakinzel_1614217831996100/photos/126339756_3580477751990406_9162025786603476243_n_3580477745323740.png,consignatio/vault/v1/moved/court/fb/katrinakinzel_1614217831996100/photos/126339756_3580477751990406_9162025786603476243_n_3580477745323740.png,2071224,4fd487dce26c396268b7aabdda18d1b6c61220f3,png,moved/court/fb/katrinakinzel_1614217831996100/photos,7.929,f,confirmed unreadable: extension names a marker format but the head is random bytes,"head 4 KiB read (b2 ranged GET) -> no format marker, not text, entropy 7.929; twin search by same file name + same size: 1 other hash(es) probed, 0 intact, 1 not readable in B2; other-size copies of the name in the catalog: 2 (find_other_version would propose these for review; none is a same-size twin); no repair engine exists for this type"
B_unreadable_no_twin,moved/court/fb/katrinakinzel_1614217831996100/photos/126460934_167640688371179_6470229539059693836_n_167640685037846.png,consignatio/vault/v1/moved/court/fb/katrinakinzel_1614217831996100/photos/126460934_167640688371179_6470229539059693836_n_167640685037846.png,2032816,d19b3c2788b4544ff29f4895bfb0975add2abea8,png,moved/court/fb/katrinakinzel_1614217831996100/photos,7.87,f,confirmed unreadable: extension names a marker format but the head is random bytes,"head 4 KiB read (b2 ranged GET) -> no format marker, not text, entropy 7.87; twin search by same file name + same size: 1 other hash(es) probed, 0 intact, 1 not readable in B2; other-size copies of the name in the catalog: 2 (find_other_version would propose these for review; none is a same-size twin); no repair engine exists for this type"
B_unreadable_no_twin,moved/court/fb/messages (2)/e2ee_cutover/beccamortenson_10210201658650235/photos/64706932_2243144909349349_6227239770704052224_n_2394022390879214.png,consignatio/vault/v1/moved/court/fb/messages (2)/e2ee_cutover/beccamortenson_10210201658650235/photos/64706932_2243144909349349_6227239770704052224_n_2394022390879214.png,173669,4bab8d9e9b0af0ac17e0fbaf511c95f705f92e75,png,moved/court/fb/messages (2)/e2ee_cutover/beccamortenson_10210201658650235/photos,7.9,f,confirmed unreadable: extension names a marker format but the head is random bytes,"head 4 KiB read (b2 ranged GET) -> no format marker, not text, entropy 7.9; twin search by same file name + same size: 1 other hash(es) probed, 0 intact, 1 not readable in B2; other-size copies of the name in the catalog: 0 (find_other_version would propose these for review; none is a same-size twin); no repair engine exists for this type"
B_unreadable_no_twin,moved/court/fb/messages (2)/inbox/amdbuildersadminteamdiscussion_2341774025880192/photos/527740657_1154827999815736_4050479558634014266_n_1154827993149070.png,consignatio/vault/v1/moved/court/fb/messages (2)/inbox/amdbuildersadminteamdiscussion_2341774025880192/photos/527740657_1154827999815736_4050479558634014266_n_1154827993149070.png,960055,7a9452b915dd4bad84c7bc9b4f6ef95713449e38,png,moved/court/fb/messages (2)/inbox/amdbuildersadminteamdiscussion_2341774025880192/photos,7.933,f,confirmed unreadable: extension names a marker format but the head is random bytes,"head 4 KiB read (b2 ranged GET) -> no format marker, not text, entropy 7.933; twin search by same file name + same size: 1 other hash(es) probed, 0 intact, 1 not readable in B2; other-size copies of the name in the catalog: 0 (find_other_version would propose these for review; none is a same-size twin); no repair engine exists for this type"
B_unreadable_no_twin,moved/court/fb/messages (2)/inbox/amdheseriouschatgrouprelated_1534147393296826/photos/483014028_4059922717564136_3348109452109352760_n_4059922710897470.png,consignatio/vault/v1/moved/court/fb/messages (2)/inbox/amdheseriouschatgrouprelated_1534147393296826/photos/483014028_4059922717564136_3348109452109352760_n_4059922710897470.png,169716,cd4ef935962be6d8add194fb77c46d1ea7e8e239,png,moved/court/fb/messages (2)/inbox/amdheseriouschatgrouprelated_1534147393296826/photos,7.788,f,confirmed unreadable: extension names a marker format but the head is random bytes,"head 4 KiB read (b2 ranged GET) -> no format marker, not text, entropy 7.788; twin search by same file name + same size: 1 other hash(es) probed, 0 intact, 1 not readable in B2; other-size copies of the name in the catalog: 0 (find_other_version would propose these for review; none is a same-size twin); no repair engine exists for this type"
B_unreadable_no_twin,moved/court/fb/messages (2)/inbox/amdheseriouschatgrouprelated_1534147393296826/photos/483030605_576480435427278_1208853689566129484_n_576480432093945.png,consignatio/vault/v1/moved/court/fb/messages (2)/inbox/amdheseriouschatgrouprelated_1534147393296826/photos/483030605_576480435427278_1208853689566129484_n_576480432093945.png,154854,c85a7836811167d187a7bbe2cc0c08bcf04745fc,png,moved/court/fb/messages (2)/inbox/amdheseriouschatgrouprelated_1534147393296826/photos,7.916,f,confirmed unreadable: extension names a marker format but the head is random bytes,"head 4 KiB read (b2 ranged GET) -> no format marker, not text, entropy 7.916; twin search by same file name + same size: 1 other hash(es) probed, 0 intact, 1 not readable in B2; other-size copies of the name in the catalog: 0 (find_other_version would propose these for review; none is a same-size twin); no repair engine exists for this type"
B_unreadable_no_twin,moved/court/fb/New Folder/lamberttrebmal_2000969743296372/photos/91011436_910338569423258_6423496334199750656_n_201937674564595.png,consignatio/vault/v1/moved/court/fb/New Folder/lamberttrebmal_2000969743296372/photos/91011436_910338569423258_6423496334199750656_n_201937674564595.png,527263,875e2d82a7ca9d46ccb954b154c0dd61d156d9dc,png,moved/court/fb/New Folder/lamberttrebmal_2000969743296372/photos,7.953,f,confirmed unreadable: extension names a marker format but the head is random bytes,"head 4 KiB read (b2 ranged GET) -> no format marker, not text, entropy 7.953; twin search by same file name + same size: 2 other hash(es) probed, 0 intact, 1 not readable in B2; other-size copies of the name in the catalog: 0 (find_other_version would propose these for review; none is a same-size twin); no repair engine exists for this type"
B_unreadable_no_twin,moved/court/fb/New Folder/Takeout/Google Photos/screens/2025-06-29(352).png,consignatio/vault/v1/moved/court/fb/New Folder/Takeout/Google Photos/screens/2025-06-29(352).png,1480234,1ff307061d1d2fa8b692647a4cdea98bb7212ec0,png,moved/court/fb/New Folder/Takeout/Google Photos/screens,7.952,f,confirmed unreadable: extension names a marker format but the head is random bytes,"head 4 KiB read (b2 ranged GET) -> no format marker, not text, entropy 7.952; twin search by same file name + same size: 1 other hash(es) probed, 0 intact, 1 not readable in B2; other-size copies of the name in the catalog: 1 (find_other_version would propose these for review; none is a same-size twin); no repair engine exists for this type"
B_unreadable_no_twin,moved/court/fb/New Folder/Takeout/Google Photos/screens/2025-06-29(667).png,consignatio/vault/v1/moved/court/fb/New Folder/Takeout/Google Photos/screens/2025-06-29(667).png,2480525,215ab3d8466c410bfea39600a325521248902147,png,moved/court/fb/New Folder/Takeout/Google Photos/screens,7.953,f,confirmed unreadable: extension names a marker format but the head is random bytes,"head 4 KiB read (b2 ranged GET) -> no format marker, not text, entropy 7.953; twin search by same file name + same size: 1 other hash(es) probed, 0 intact, 1 not readable in B2; other-size copies of the name in the catalog: 0 (find_other_version would propose these for review; none is a same-size twin); no repair engine exists for this type"
B_unreadable_no_twin,moved/court/fb/New Folder/Takeout/Google Photos/screens/2025-06-29(669).png,consignatio/vault/v1/moved/court/fb/New Folder/Takeout/Google Photos/screens/2025-06-29(669).png,1271923,6649d217a01ff0624d0ece5eb5cc8956262fb87f,png,moved/court/fb/New Folder/Takeout/Google Photos/screens,7.957,f,confirmed unreadable: extension names a marker format but the head is random bytes,"head 4 KiB read (b2 ranged GET) -> no format marker, not text, entropy 7.957; twin search by same file name + same size: 1 other hash(es) probed, 0 intact, 1 not readable in B2; other-size copies of the name in the catalog: 0 (find_other_version would propose these for review; none is a same-size twin); no repair engine exists for this type"
B_unreadable_no_twin,moved/court/fb/New Folder/Takeout/Google Photos/screens/2025-06-29(670).png,consignatio/vault/v1/moved/court/fb/New Folder/Takeout/Google Photos/screens/2025-06-29(670).png,1318221,8de2fd0568427de8d73b673616c9f6f7fe01a3c2,png,moved/court/fb/New Folder/Takeout/Google Photos/screens,7.959,f,confirmed unreadable: extension names a marker format but the head is random bytes,"head 4 KiB read (b2 ranged GET) -> no format marker, not text, entropy 7.959; twin search by same file name + same size: 1 other hash(es) probed, 0 intact, 1 not readable in B2; other-size copies of the name in the catalog: 0 (find_other_version would propose these for review; none is a same-size twin); no repair engine exists for this type"
B_unreadable_no_twin,moved/court/fb/New Folder/Takeout/Google Photos/screens/2025-06-29(671).png,consignatio/vault/v1/moved/court/fb/New Folder/Takeout/Google Photos/screens/2025-06-29(671).png,1111251,b5b97e66f4dde73895751e7606507f4d016fa1bb,png,moved/court/fb/New Folder/Takeout/Google Photos/screens,7.944,f,confirmed unreadable: extension names a marker format but the head is random bytes,"head 4 KiB read (b2 ranged GET) -> no format marker, not text, entropy 7.944; twin search by same file name + same size: 1 other hash(es) probed, 0 intact, 1 not readable in B2; other-size copies of the name in the catalog: 0 (find_other_version would propose these for review; none is a same-size twin); no repair engine exists for this type"
B_unreadable_no_twin,moved/court/fb/New Folder/Takeout/Google Photos/screens/2025-06-29(672).png,consignatio/vault/v1/moved/court/fb/New Folder/Takeout/Google Photos/screens/2025-06-29(672).png,758714,113ce8f832fd97e37cdd1e673547c4538df057af,png,moved/court/fb/New Folder/Takeout/Google Photos/screens,7.953,f,confirmed unreadable: extension names a marker format but the head is random bytes,"head 4 KiB read (b2 ranged GET) -> no format marker, not text, entropy 7.953; twin search by same file name + same size: 1 other hash(es) probed, 0 intact, 1 not readable in B2; other-size copies of the name in the catalog: 0 (find_other_version would propose these for review; none is a same-size twin); no repair engine exists for this type"
B_unreadable_no_twin,moved/court/fb/New Folder/Takeout/Google Photos/screens/2025-06-29(674).png,consignatio/vault/v1/moved/court/fb/New Folder/Takeout/Google Photos/screens/2025-06-29(674).png,1423958,522bff6d9e671fb6c9834e3b6f1d187bd03a2b8c,png,moved/court/fb/New Folder/Takeout/Google Photos/screens,7.96,f,confirmed unreadable: extension names a marker format but the head is random bytes,"head 4 KiB read (b2 ranged GET) -> no format marker, not text, entropy 7.96; twin search by same file name + same size: 1 other hash(es) probed, 0 intact, 1 not readable in B2; other-size copies of the name in the catalog: 0 (find_other_version would propose these for review; none is a same-size twin); no repair engine exists for this type"
B_unreadable_no_twin,moved/court/fb/New Folder/Takeout/Google Photos/screens/2025-06-29(677).png,consignatio/vault/v1/moved/court/fb/New Folder/Takeout/Google Photos/screens/2025-06-29(677).png,1521164,8c885091e1f904ed682636b0782b09534bdbd4a3,png,moved/court/fb/New Folder/Takeout/Google Photos/screens,7.957,f,confirmed unreadable: extension names a marker format but the head is random bytes,"head 4 KiB read (b2 ranged GET) -> no format marker, not text, entropy 7.957; twin search by same file name + same size: 1 other hash(es) probed, 0 intact, 1 not readable in B2; other-size copies of the name in the catalog: 0 (find_other_version would propose these for review; none is a same-size twin); no repair engine exists for this type"
B_unreadable_no_twin,moved/court/fb/New Folder/Takeout/Google Photos/screens/IMG_2464(3).PNG,consignatio/vault/v1/moved/court/fb/New Folder/Takeout/Google Photos/screens/IMG_2464(3).PNG,957216,b0fe3e71ed0a9dc9da738ccbb5bc1e6252962f7e,png,moved/court/fb/New Folder/Takeout/Google Photos/screens,7.942,f,confirmed unreadable: extension names a marker format but the head is random bytes,"head 4 KiB read (b2 ranged GET) -> no format marker, not text, entropy 7.942; twin search by same file name + same size: 1 other hash(es) probed, 0 intact, 1 not readable in B2; other-size copies of the name in the catalog: 0 (find_other_version would propose these for review; none is a same-size twin); no repair engine exists for this type"
B_unreadable_no_twin,moved/court/fb/New Folder/Takeout/Google Photos/screens/IMG_3169(1).PNG,consignatio/vault/v1/moved/court/fb/New Folder/Takeout/Google Photos/screens/IMG_3169(1).PNG,814783,0d8749d70d20a16091cfdaf4a071bb93293a9a57,png,moved/court/fb/New Folder/Takeout/Google Photos/screens,7.947,f,confirmed unreadable: extension names a marker format but the head is random bytes,"head 4 KiB read (b2 ranged GET) -> no format marker, not text, entropy 7.947; twin search by same file name + same size: 1 other hash(es) probed, 0 intact, 1 not readable in B2; other-size copies of the name in the catalog: 0 (find_other_version would propose these for review; none is a same-size twin); no repair engine exists for this type"
B_unreadable_no_twin,moved/court/fb/New Folder/Takeout/Google Photos/screens/IMG_3170(1).PNG,consignatio/vault/v1/moved/court/fb/New Folder/Takeout/Google Photos/screens/IMG_3170(1).PNG,861003,ecaeeaeabfb17f7b1250ef133ec7dca4fc05b6ed,png,moved/court/fb/New Folder/Takeout/Google Photos/screens,7.922,f,confirmed unreadable: extension names a marker format but the head is random bytes,"head 4 KiB read (b2 ranged GET) -> no format marker, not text, entropy 7.922; twin search by same file name + same size: 1 other hash(es) probed, 0 intact, 1 not readable in B2; other-size copies of the name in the catalog: 0 (find_other_version would propose these for review; none is a same-size twin); no repair engine exists for this type"
B_unreadable_no_twin,moved/court/fb/New Folder/Takeout/Google Photos/screens/IMG_3171(1).PNG,consignatio/vault/v1/moved/court/fb/New Folder/Takeout/Google Photos/screens/IMG_3171(1).PNG,712670,dc89ecdc009d13652dd42c7a112d50c7fdc370aa,png,moved/court/fb/New Folder/Takeout/Google Photos/screens,7.874,f,confirmed unreadable: extension names a marker format but the head is random bytes,"head 4 KiB read (b2 ranged GET) -> no format marker, not text, entropy 7.874; twin search by same file name + same size: 1 other hash(es) probed, 0 intact, 1 not readable in B2; other-size copies of the name in the catalog: 0 (find_other_version would propose these for review; none is a same-size twin); no repair engine exists for this type"
B_unreadable_no_twin,moved/court/fb/New Folder/Takeout/Google Photos/screens/IMG_3174(1).PNG,consignatio/vault/v1/moved/court/fb/New Folder/Takeout/Google Photos/screens/IMG_3174(1).PNG,783751,323c08e8b68edd6da2f2050ecbb7d0994fc5645a,png,moved/court/fb/New Folder/Takeout/Google Photos/screens,7.88,f,confirmed unreadable: extension names a marker format but the head is random bytes,"head 4 KiB read (b2 ranged GET) -> no format marker, not text, entropy 7.88; twin search by same file name + same size: 1 other hash(es) probed, 0 intact, 1 not readable in B2; other-size copies of the name in the catalog: 0 (find_other_version would propose these for review; none is a same-size twin); no repair engine exists for this type"
B_unreadable_no_twin,moved/court/fb/New Folder/Takeout/Google Photos/screens/IMG_3176(2).PNG,consignatio/vault/v1/moved/court/fb/New Folder/Takeout/Google Photos/screens/IMG_3176(2).PNG,686027,df2ebf0e7efaea0a0ac73c719aa656c71cbd214f,png,moved/court/fb/New Folder/Takeout/Google Photos/screens,7.895,f,confirmed unreadable: extension names a marker format but the head is random bytes,"head 4 KiB read (b2 ranged GET) -> no format marker, not text, entropy 7.895; twin search by same file name + same size: 1 other hash(es) probed, 0 intact, 1 not readable in B2; other-size copies of the name in the catalog: 0 (find_other_version would propose these for review; none is a same-size twin); no repair engine exists for this type"
B_unreadable_no_twin,moved/court/fb/New Folder/Takeout/Google Photos/screens/IMG_3177(1).PNG,consignatio/vault/v1/moved/court/fb/New Folder/Takeout/Google Photos/screens/IMG_3177(1).PNG,890787,3fa9f41fa070ee86ad1d083225a3dedc486a29c0,png,moved/court/fb/New Folder/Takeout/Google Photos/screens,7.886,f,confirmed unreadable: extension names a marker format but the head is random bytes,"head 4 KiB read (b2 ranged GET) -> no format marker, not text, entropy 7.886; twin search by same file name + same size: 1 other hash(es) probed, 0 intact, 1 not readable in B2; other-size copies of the name in the catalog: 0 (find_other_version would propose these for review; none is a same-size twin); no repair engine exists for this type"
B_unreadable_no_twin,moved/court/fb/New Folder/Takeout/Google Photos/screens/IMG_3181(1).PNG,consignatio/vault/v1/moved/court/fb/New Folder/Takeout/Google Photos/screens/IMG_3181(1).PNG,685545,ef7e357f6f84b4bdc31d8d4f3f33b9b15f737119,png,moved/court/fb/New Folder/Takeout/Google Photos/screens,7.907,f,confirmed unreadable: extension names a marker format but the head is random bytes,"head 4 KiB read (b2 ranged GET) -> no format marker, not text, entropy 7.907; twin search by same file name + same size: 1 other hash(es) probed, 0 intact, 1 not readable in B2; other-size copies of the name in the catalog: 0 (find_other_version would propose these for review; none is a same-size twin); no repair engine exists for this type"
B_unreadable_no_twin,moved/court/fb/New Folder/Takeout/Google Photos/screens/IMG_3182(1).PNG,consignatio/vault/v1/moved/court/fb/New Folder/Takeout/Google Photos/screens/IMG_3182(1).PNG,665953,f258104560d6fb42e94768dcc77cb7f3b7078f8c,png,moved/court/fb/New Folder/Takeout/Google Photos/screens,7.912,f,confirmed unreadable: extension names a marker format but the head is random bytes,"head 4 KiB read (b2 ranged GET) -> no format marker, not text, entropy 7.912; twin search by same file name + same size: 1 other hash(es) probed, 0 intact, 1 not readable in B2; other-size copies of the name in the catalog: 0 (find_other_version would propose these for review; none is a same-size twin); no repair engine exists for this type"
B_unreadable_no_twin,moved/court/fb/New Folder/Takeout/Google Photos/screens/IMG_3183(1).PNG,consignatio/vault/v1/moved/court/fb/New Folder/Takeout/Google Photos/screens/IMG_3183(1).PNG,624421,c4c743ceea4b034d95e44cbe931ac8c65cec3b93,png,moved/court/fb/New Folder/Takeout/Google Photos/screens,7.898,f,confirmed unreadable: extension names a marker format but the head is random bytes,"head 4 KiB read (b2 ranged GET) -> no format marker, not text, entropy 7.898; twin search by same file name + same size: 1 other hash(es) probed, 0 intact, 1 not readable in B2; other-size copies of the name in the catalog: 0 (find_other_version would propose these for review; none is a same-size twin); no repair engine exists for this type"
B_unreadable_no_twin,moved/court/fb/New Folder/Takeout/Google Photos/screens/IMG_4690(1).PNG,consignatio/vault/v1/moved/court/fb/New Folder/Takeout/Google Photos/screens/IMG_4690(1).PNG,1226076,6d9f32b1a9519cd529f9575b185d471622cd037c,png,moved/court/fb/New Folder/Takeout/Google Photos/screens,7.954,f,confirmed unreadable: extension names a marker format but the head is random bytes,"head 4 KiB read (b2 ranged GET) -> no format marker, not text, entropy 7.954; twin search by same file name + same size: 1 other hash(es) probed, 0 intact, 1 not readable in B2; other-size copies of the name in the catalog: 1 (find_other_version would propose these for review; none is a same-size twin); no repair engine exists for this type"
B_unreadable_no_twin,moved/court/fb/New Folder/Takeout/Google Photos/screens/IMG_4721(1).PNG,consignatio/vault/v1/moved/court/fb/New Folder/Takeout/Google Photos/screens/IMG_4721(1).PNG,3184559,7ebe186daba25d767c86b424e0d9d4e95a1ef8f1,png,moved/court/fb/New Folder/Takeout/Google Photos/screens,7.953,f,confirmed unreadable: extension names a marker format but the head is random bytes,"head 4 KiB read (b2 ranged GET) -> no format marker, not text, entropy 7.953; twin search by same file name + same size: 1 other hash(es) probed, 0 intact, 1 not readable in B2; other-size copies of the name in the catalog: 1 (find_other_version would propose these for review; none is a same-size twin); no repair engine exists for this type"
B_unreadable_no_twin,moved/court/fb/New Folder/Takeout/Google Photos/screens/IMG_5127.PNG,consignatio/vault/v1/moved/court/fb/New Folder/Takeout/Google Photos/screens/IMG_5127.PNG,846192,7ed55c081b2ca932d62124a88f9495d725be4c49,png,moved/court/fb/New Folder/Takeout/Google Photos/screens,7.842,f,confirmed unreadable: extension names a marker format but the head is random bytes,"head 4 KiB read (b2 ranged GET) -> no format marker, not text, entropy 7.842; twin search by same file name + same size: 1 other hash(es) probed, 0 intact, 1 not readable in B2; other-size copies of the name in the catalog: 4 (find_other_version would propose these for review; none is a same-size twin); no repair engine exists for this type"
B_unreadable_no_twin,moved/court/fb/New Folder/Takeout/Google Photos/screens/IMG_5128.PNG,consignatio/vault/v1/moved/court/fb/New Folder/Takeout/Google Photos/screens/IMG_5128.PNG,586722,ac313f29ce88f284d3de39d160d46bddd5e6eb6c,png,moved/court/fb/New Folder/Takeout/Google Photos/screens,7.929,f,confirmed unreadable: extension names a marker format but the head is random bytes,"head 4 KiB read (b2 ranged GET) -> no format marker, not text, entropy 7.929; twin search by same file name + same size: 1 other hash(es) probed, 0 intact, 1 not readable in B2; other-size copies of the name in the catalog: 4 (find_other_version would propose these for review; none is a same-size twin); no repair engine exists for this type"
B_unreadable_no_twin,moved/court/fb/New Folder/Takeout/Google Photos/screens/IMG_6982(1).PNG,consignatio/vault/v1/moved/court/fb/New Folder/Takeout/Google Photos/screens/IMG_6982(1).PNG,656242,ad1f255b19a69d21f8ba067bebab49e1ebec0bc0,png,moved/court/fb/New Folder/Takeout/Google Photos/screens,7.954,f,confirmed unreadable: extension names a marker format but the head is random bytes,"head 4 KiB read (b2 ranged GET) -> no format marker, not text, entropy 7.954; twin search by same file name + same size: 1 other hash(es) probed, 0 intact, 1 not readable in B2; other-size copies of the name in the catalog: 0 (find_other_version would propose these for review; none is a same-size twin); no repair engine exists for this type"
B_unreadable_no_twin,moved/court/fb/New Folder/Takeout/Google Photos/screens/IMG_6985(1).PNG,consignatio/vault/v1/moved/court/fb/New Folder/Takeout/Google Photos/screens/IMG_6985(1).PNG,604234,3894e9e6abbc366be0c45c535fd70191d5508a5f,png,moved/court/fb/New Folder/Takeout/Google Photos/screens,7.956,f,confirmed unreadable: extension names a marker format but the head is random bytes,"head 4 KiB read (b2 ranged GET) -> no format marker, not text, entropy 7.956; twin search by same file name + same size: 1 other hash(es) probed, 0 intact, 1 not readable in B2; other-size copies of the name in the catalog: 0 (find_other_version would propose these for review; none is a same-size twin); no repair engine exists for this type"
B_unreadable_no_twin,moved/court/fb/New Folder/Takeout/Google Photos/screens/IMG_6990(1).PNG,consignatio/vault/v1/moved/court/fb/New Folder/Takeout/Google Photos/screens/IMG_6990(1).PNG,589904,5b6f8031b51f4ff6a8d2491bf6d7a3cf903746be,png,moved/court/fb/New Folder/Takeout/Google Photos/screens,7.959,f,confirmed unreadable: extension names a marker format but the head is random bytes,"head 4 KiB read (b2 ranged GET) -> no format marker, not text, entropy 7.959; twin search by same file name + same size: 1 other hash(es) probed, 0 intact, 1 not readable in B2; other-size copies of the name in the catalog: 0 (find_other_version would propose these for review; none is a same-size twin); no repair engine exists for this type"
B_unreadable_no_twin,moved/court/fb/New Folder/Takeout/Google Photos/screens/IMG_6997(1).PNG,consignatio/vault/v1/moved/court/fb/New Folder/Takeout/Google Photos/screens/IMG_6997(1).PNG,645416,92181e691d8e9f6328e6fa4d5d2e427da8fc7f38,png,moved/court/fb/New Folder/Takeout/Google Photos/screens,7.95,f,confirmed unreadable: extension names a marker format but the head is random bytes,"head 4 KiB read (b2 ranged GET) -> no format marker, not text, entropy 7.95; twin search by same file name + same size: 1 other hash(es) probed, 0 intact, 1 not readable in B2; other-size copies of the name in the catalog: 0 (find_other_version would propose these for review; none is a same-size twin); no repair engine exists for this type"
B_unreadable_no_twin,moved/court/fb/New Folder/Takeout/Google Photos/screens/IMG_7009(1).PNG,consignatio/vault/v1/moved/court/fb/New Folder/Takeout/Google Photos/screens/IMG_7009(1).PNG,604957,0976788e0713070a53bb114bbf1732ce4a7b7228,png,moved/court/fb/New Folder/Takeout/Google Photos/screens,7.956,f,confirmed unreadable: extension names a marker format but the head is random bytes,"head 4 KiB read (b2 ranged GET) -> no format marker, not text, entropy 7.956; twin search by same file name + same size: 1 other hash(es) probed, 0 intact, 1 not readable in B2; other-size copies of the name in the catalog: 0 (find_other_version would propose these for review; none is a same-size twin); no repair engine exists for this type"
B_unreadable_no_twin,moved/court/fb/New Folder/Takeout/Google Photos/screens/IMG_7011(1).PNG,consignatio/vault/v1/moved/court/fb/New Folder/Takeout/Google Photos/screens/IMG_7011(1).PNG,655289,263be49a77baf43501f30bace9f7bb7a586ad87f,png,moved/court/fb/New Folder/Takeout/Google Photos/screens,7.954,f,confirmed unreadable: extension names a marker format but the head is random bytes,"head 4 KiB read (b2 ranged GET) -> no format marker, not text, entropy 7.954; twin search by same file name + same size: 1 other hash(es) probed, 0 intact, 1 not readable in B2; other-size copies of the name in the catalog: 0 (find_other_version would propose these for review; none is a same-size twin); no repair engine exists for this type"
B_unreadable_no_twin,moved/court/fb/New Folder/Takeout/Google Photos/screens/IMG_7012(1).PNG,consignatio/vault/v1/moved/court/fb/New Folder/Takeout/Google Photos/screens/IMG_7012(1).PNG,698008,b07e9011d18b7e2910f29bcbedec94f46939ef94,png,moved/court/fb/New Folder/Takeout/Google Photos/screens,7.958,f,confirmed unreadable: extension names a marker format but the head is random bytes,"head 4 KiB read (b2 ranged GET) -> no format marker, not text, entropy 7.958; twin search by same file name + same size: 1 other hash(es) probed, 0 intact, 1 not readable in B2; other-size copies of the name in the catalog: 0 (find_other_version would propose these for review; none is a same-size twin); no repair engine exists for this type"
B_unreadable_no_twin,moved/court/fb/New Folder/Takeout/Google Photos/screens/IMG_7013(1).PNG,consignatio/vault/v1/moved/court/fb/New Folder/Takeout/Google Photos/screens/IMG_7013(1).PNG,640633,ea004a58813100b301cb5549b6f04e56e5e859c9,png,moved/court/fb/New Folder/Takeout/Google Photos/screens,7.956,f,confirmed unreadable: extension names a marker format but the head is random bytes,"head 4 KiB read (b2 ranged GET) -> no format marker, not text, entropy 7.956; twin search by same file name + same size: 1 other hash(es) probed, 0 intact, 1 not readable in B2; other-size copies of the name in the catalog: 0 (find_other_version would propose these for review; none is a same-size twin); no repair engine exists for this type"
B_unreadable_no_twin,moved/court/fb/New Folder/Takeout/Google Photos/screens/IMG_7019(1).PNG,consignatio/vault/v1/moved/court/fb/New Folder/Takeout/Google Photos/screens/IMG_7019(1).PNG,620864,55ad22e9dafb0bfa7f3c7b0f7413142ba3599dd5,png,moved/court/fb/New Folder/Takeout/Google Photos/screens,7.949,f,confirmed unreadable: extension names a marker format but the head is random bytes,"head 4 KiB read (b2 ranged GET) -> no format marker, not text, entropy 7.949; twin search by same file name + same size: 1 other hash(es) probed, 0 intact, 1 not readable in B2; other-size copies of the name in the catalog: 0 (find_other_version would propose these for review; none is a same-size twin); no repair engine exists for this type"
B_unreadable_no_twin,moved/court/fb/New Folder/Takeout/Google Photos/screens/IMG_7021(1).PNG,consignatio/vault/v1/moved/court/fb/New Folder/Takeout/Google Photos/screens/IMG_7021(1).PNG,597163,cfbaede095b93f57f8057ce3e69c5e8a5a8dec71,png,moved/court/fb/New Folder/Takeout/Google Photos/screens,7.953,f,confirmed unreadable: extension names a marker format but the head is random bytes,"head 4 KiB read (b2 ranged GET) -> no format marker, not text, entropy 7.953; twin search by same file name + same size: 1 other hash(es) probed, 0 intact, 1 not readable in B2; other-size copies of the name in the catalog: 0 (find_other_version would propose these for review; none is a same-size twin); no repair engine exists for this type"
B_unreadable_no_twin,moved/court/fb/New Folder/Takeout/Google Photos/screens/IMG_7023(1).PNG,consignatio/vault/v1/moved/court/fb/New Folder/Takeout/Google Photos/screens/IMG_7023(1).PNG,627232,e667463e3344882abdde9cf0ee73f62da1ba9030,png,moved/court/fb/New Folder/Takeout/Google Photos/screens,7.954,f,confirmed unreadable: extension names a marker format but the head is random bytes,"head 4 KiB read (b2 ranged GET) -> no format marker, not text, entropy 7.954; twin search by same file name + same size: 1 other hash(es) probed, 0 intact, 1 not readable in B2; other-size copies of the name in the catalog: 0 (find_other_version would propose these for review; none is a same-size twin); no repair engine exists for this type"
B_unreadable_no_twin,moved/court/fb/New Folder/Takeout/Google Photos/screens/IMG_7028(1).PNG,consignatio/vault/v1/moved/court/fb/New Folder/Takeout/Google Photos/screens/IMG_7028(1).PNG,605725,fca6d2ef97b92f29d5877400b1b85cec0cf45cb4,png,moved/court/fb/New Folder/Takeout/Google Photos/screens,7.955,f,confirmed unreadable: extension names a marker format but the head is random bytes,"head 4 KiB read (b2 ranged GET) -> no format marker, not text, entropy 7.955; twin search by same file name + same size: 1 other hash(es) probed, 0 intact, 1 not readable in B2; other-size copies of the name in the catalog: 0 (find_other_version would propose these for review; none is a same-size twin); no repair engine exists for this type"
B_unreadable_no_twin,moved/court/fb/New Folder/Takeout/Google Photos/screens/IMG_7030(1).PNG,consignatio/vault/v1/moved/court/fb/New Folder/Takeout/Google Photos/screens/IMG_7030(1).PNG,612667,25cce4d5442c8c8758cfd4a674fcbf87078121b2,png,moved/court/fb/New Folder/Takeout/Google Photos/screens,7.956,f,confirmed unreadable: extension names a marker format but the head is random bytes,"head 4 KiB read (b2 ranged GET) -> no format marker, not text, entropy 7.956; twin search by same file name + same size: 1 other hash(es) probed, 0 intact, 1 not readable in B2; other-size copies of the name in the catalog: 0 (find_other_version would propose these for review; none is a same-size twin); no repair engine exists for this type"
B_unreadable_no_twin,moved/court/fb/New Folder/Takeout/Google Photos/screens/IMG_7031(1).PNG,consignatio/vault/v1/moved/court/fb/New Folder/Takeout/Google Photos/screens/IMG_7031(1).PNG,614295,266fbf990d270eb1c25068407e9d7dde88f36afc,png,moved/court/fb/New Folder/Takeout/Google Photos/screens,7.958,f,confirmed unreadable: extension names a marker format but the head is random bytes,"head 4 KiB read (b2 ranged GET) -> no format marker, not text, entropy 7.958; twin search by same file name + same size: 1 other hash(es) probed, 0 intact, 1 not readable in B2; other-size copies of the name in the catalog: 0 (find_other_version would propose these for review; none is a same-size twin); no repair engine exists for this type"
B_unreadable_no_twin,moved/court/fb/New Folder/Takeout/Google Photos/screens/IMG_7035(1).PNG,consignatio/vault/v1/moved/court/fb/New Folder/Takeout/Google Photos/screens/IMG_7035(1).PNG,930156,f1a4da3ad73d11fad083b389e30660d447172e4b,png,moved/court/fb/New Folder/Takeout/Google Photos/screens,7.953,f,confirmed unreadable: extension names a marker format but the head is random bytes,"head 4 KiB read (b2 ranged GET) -> no format marker, not text, entropy 7.953; twin search by same file name + same size: 1 other hash(es) probed, 0 intact, 1 not readable in B2; other-size copies of the name in the catalog: 0 (find_other_version would propose these for review; none is a same-size twin); no repair engine exists for this type"
B_unreadable_no_twin,moved/court/fb/New Folder/Takeout/Google Photos/screens/IMG_7088(2).PNG,consignatio/vault/v1/moved/court/fb/New Folder/Takeout/Google Photos/screens/IMG_7088(2).PNG,4244044,384e2d9bd300f5a8f47847d63691aa0edf310c6a,png,moved/court/fb/New Folder/Takeout/Google Photos/screens,7.956,f,confirmed unreadable: extension names a marker format but the head is random bytes,"head 4 KiB read (b2 ranged GET) -> no format marker, not text, entropy 7.956; twin search by same file name + same size: 1 other hash(es) probed, 0 intact, 1 not readable in B2; other-size copies of the name in the catalog: 0 (find_other_version would propose these for review; none is a same-size twin); no repair engine exists for this type"
B_unreadable_no_twin,moved/court/fb/New Folder/Takeout/Google Photos/screens/IMG_7140(1).PNG,consignatio/vault/v1/moved/court/fb/New Folder/Takeout/Google Photos/screens/IMG_7140(1).PNG,741579,1f6cd35d3291f466e9b028761e604567ead841e0,png,moved/court/fb/New Folder/Takeout/Google Photos/screens,7.948,f,confirmed unreadable: extension names a marker format but the head is random bytes,"head 4 KiB read (b2 ranged GET) -> no format marker, not text, entropy 7.948; twin search by same file name + same size: 1 other hash(es) probed, 0 intact, 1 not readable in B2; other-size copies of the name in the catalog: 0 (find_other_version would propose these for review; none is a same-size twin); no repair engine exists for this type"
B_unreadable_no_twin,moved/court/fb/New Folder/Takeout/Google Photos/screens/IMG_7183(1).PNG,consignatio/vault/v1/moved/court/fb/New Folder/Takeout/Google Photos/screens/IMG_7183(1).PNG,585352,2c06e9da19456113ec8a858dee23b9df762e2b2a,png,moved/court/fb/New Folder/Takeout/Google Photos/screens,7.954,f,confirmed unreadable: extension names a marker format but the head is random bytes,"head 4 KiB read (b2 ranged GET) -> no format marker, not text, entropy 7.954; twin search by same file name + same size: 1 other hash(es) probed, 0 intact, 1 not readable in B2; other-size copies of the name in the catalog: 1 (find_other_version would propose these for review; none is a same-size twin); no repair engine exists for this type"
B_unreadable_no_twin,moved/court/fb/New Folder/Takeout/Google Photos/screens/IMG_7186(1).PNG,consignatio/vault/v1/moved/court/fb/New Folder/Takeout/Google Photos/screens/IMG_7186(1).PNG,4575177,a4f79c35d2b02a652d3ecda90bb0845b26d178a5,png,moved/court/fb/New Folder/Takeout/Google Photos/screens,7.946,f,confirmed unreadable: extension names a marker format but the head is random bytes,"head 4 KiB read (b2 ranged GET) -> no format marker, not text, entropy 7.946; twin search by same file name + same size: 1 other hash(es) probed, 0 intact, 1 not readable in B2; other-size copies of the name in the catalog: 0 (find_other_version would propose these for review; none is a same-size twin); no repair engine exists for this type"
B_unreadable_no_twin,moved/court/fb/New Folder/Takeout/Google Photos/screens/IMG_7194(1).PNG,consignatio/vault/v1/moved/court/fb/New Folder/Takeout/Google Photos/screens/IMG_7194(1).PNG,715192,7d0bf4269bec0b17a884023b571fe29c12ab730e,png,moved/court/fb/New Folder/Takeout/Google Photos/screens,7.959,f,confirmed unreadable: extension names a marker format but the head is random bytes,"head 4 KiB read (b2 ranged GET) -> no format marker, not text, entropy 7.959; twin search by same file name + same size: 1 other hash(es) probed, 0 intact, 1 not readable in B2; other-size copies of the name in the catalog: 0 (find_other_version would propose these for review; none is a same-size twin); no repair engine exists for this type"
B_unreadable_no_twin,moved/court/fb/New Folder/Takeout/Google Photos/screens/IMG_7199(1).PNG,consignatio/vault/v1/moved/court/fb/New Folder/Takeout/Google Photos/screens/IMG_7199(1).PNG,870080,e8beb7bbe95b98dfa82462e1cd4005a6cde28c52,png,moved/court/fb/New Folder/Takeout/Google Photos/screens,7.954,f,confirmed unreadable: extension names a marker format but the head is random bytes,"head 4 KiB read (b2 ranged GET) -> no format marker, not text, entropy 7.954; twin search by same file name + same size: 1 other hash(es) probed, 0 intact, 1 not readable in B2; other-size copies of the name in the catalog: 0 (find_other_version would propose these for review; none is a same-size twin); no repair engine exists for this type"
B_unreadable_no_twin,moved/court/fb/New Folder/Takeout/Google Photos/screens/IMG_7224.PNG,consignatio/vault/v1/moved/court/fb/New Folder/Takeout/Google Photos/screens/IMG_7224.PNG,921814,28384e9592a8c0e94c00b4aba572e07b03d43d63,png,moved/court/fb/New Folder/Takeout/Google Photos/screens,7.954,f,confirmed unreadable: extension names a marker format but the head is random bytes,"head 4 KiB read (b2 ranged GET) -> no format marker, not text, entropy 7.954; twin search by same file name + same size: 1 other hash(es) probed, 0 intact, 1 not readable in B2; other-size copies of the name in the catalog: 0 (find_other_version would propose these for review; none is a same-size twin); no repair engine exists for this type"
B_unreadable_no_twin,moved/court/fb/New Folder/Takeout/Google Photos/screens/IMG_7229.PNG,consignatio/vault/v1/moved/court/fb/New Folder/Takeout/Google Photos/screens/IMG_7229.PNG,1372698,4f7587d8aa8ace5c7d5e327148664a9b6b4e1003,png,moved/court/fb/New Folder/Takeout/Google Photos/screens,7.952,f,confirmed unreadable: extension names a marker format but the head is random bytes,"head 4 KiB read (b2 ranged GET) -> no format marker, not text, entropy 7.952; twin search by same file name + same size: 1 other hash(es) probed, 0 intact, 1 not readable in B2; other-size copies of the name in the catalog: 0 (find_other_version would propose these for review; none is a same-size twin); no repair engine exists for this type"
B_unreadable_no_twin,moved/court/fb/New Folder/Takeout/Google Photos/screens/IMG_7239(1).PNG,consignatio/vault/v1/moved/court/fb/New Folder/Takeout/Google Photos/screens/IMG_7239(1).PNG,747388,efc1c98a32d7713b2cd4ab83f53ba0a17d85c718,png,moved/court/fb/New Folder/Takeout/Google Photos/screens,7.952,f,confirmed unreadable: extension names a marker format but the head is random bytes,"head 4 KiB read (b2 ranged GET) -> no format marker, not text, entropy 7.952; twin search by same file name + same size: 1 other hash(es) probed, 0 intact, 1 not readable in B2; other-size copies of the name in the catalog: 1 (find_other_version would propose these for review; none is a same-size twin); no repair engine exists for this type"
B_unreadable_no_twin,moved/court/fb/New Folder/Takeout/Google Photos/screens/IMG_7255.PNG,consignatio/vault/v1/moved/court/fb/New Folder/Takeout/Google Photos/screens/IMG_7255.PNG,598420,550e5a2c38d32cdca2900a4b838acfee3eaad33f,png,moved/court/fb/New Folder/Takeout/Google Photos/screens,7.948,f,confirmed unreadable: extension names a marker format but the head is random bytes,"head 4 KiB read (b2 ranged GET) -> no format marker, not text, entropy 7.948; twin search by same file name + same size: 1 other hash(es) probed, 0 intact, 1 not readable in B2; other-size copies of the name in the catalog: 0 (find_other_version would propose these for review; none is a same-size twin); no repair engine exists for this type"
B_unreadable_no_twin,moved/court/fb/New Folder/Takeout/Google Photos/screens/IMG_7259(1).PNG,consignatio/vault/v1/moved/court/fb/New Folder/Takeout/Google Photos/screens/IMG_7259(1).PNG,575448,5ce096c01b61b7e03a3e29eb123c89b1bafa4e18,png,moved/court/fb/New Folder/Takeout/Google Photos/screens,7.955,f,confirmed unreadable: extension names a marker format but the head is random bytes,"head 4 KiB read (b2 ranged GET) -> no format marker, not text, entropy 7.955; twin search by same file name + same size: 1 other hash(es) probed, 0 intact, 1 not readable in B2; other-size copies of the name in the catalog: 0 (find_other_version would propose these for review; none is a same-size twin); no repair engine exists for this type"
B_unreadable_no_twin,moved/court/fb/New Folder/Takeout/Google Photos/screens/IMG_7260.PNG,consignatio/vault/v1/moved/court/fb/New Folder/Takeout/Google Photos/screens/IMG_7260.PNG,684160,06df95f1865c0a38a560111a96b3fb833db64e5f,png,moved/court/fb/New Folder/Takeout/Google Photos/screens,7.95,f,confirmed unreadable: extension names a marker format but the head is random bytes,"head 4 KiB read (b2 ranged GET) -> no format marker, not text, entropy 7.95; twin search by same file name + same size: 1 other hash(es) probed, 0 intact, 1 not readable in B2; other-size copies of the name in the catalog: 1 (find_other_version would propose these for review; none is a same-size twin); no repair engine exists for this type"
B_unreadable_no_twin,moved/court/fb/New Folder/Takeout/Google Photos/screens/IMG_7263(1).PNG,consignatio/vault/v1/moved/court/fb/New Folder/Takeout/Google Photos/screens/IMG_7263(1).PNG,605221,247d30036cb88a49a6e30fbc1947592475cab8dd,png,moved/court/fb/New Folder/Takeout/Google Photos/screens,7.955,f,confirmed unreadable: extension names a marker format but the head is random bytes,"head 4 KiB read (b2 ranged GET) -> no format marker, not text, entropy 7.955; twin search by same file name + same size: 1 other hash(es) probed, 0 intact, 1 not readable in B2; other-size copies of the name in the catalog: 0 (find_other_version would propose these for review; none is a same-size twin); no repair engine exists for this type"
B_unreadable_no_twin,moved/court/fb/New Folder/Takeout/Google Photos/screens/IMG_7271(1).PNG,consignatio/vault/v1/moved/court/fb/New Folder/Takeout/Google Photos/screens/IMG_7271(1).PNG,1503641,46d37704d0f00e487fc938ddc04ff261c8f8d269,png,moved/court/fb/New Folder/Takeout/Google Photos/screens,7.956,f,confirmed unreadable: extension names a marker format but the head is random bytes,"head 4 KiB read (b2 ranged GET) -> no format marker, not text, entropy 7.956; twin search by same file name + same size: 1 other hash(es) probed, 0 intact, 1 not readable in B2; other-size copies of the name in the catalog: 0 (find_other_version would propose these for review; none is a same-size twin); no repair engine exists for this type"
B_unreadable_no_twin,moved/court/fb/New Folder/Takeout/Google Photos/screens/IMG_7274.PNG,consignatio/vault/v1/moved/court/fb/New Folder/Takeout/Google Photos/screens/IMG_7274.PNG,1536294,6238f987a994e959c6c8d315fad598a909e5bb3c,png,moved/court/fb/New Folder/Takeout/Google Photos/screens,7.954,f,confirmed unreadable: extension names a marker format but the head is random bytes,"head 4 KiB read (b2 ranged GET) -> no format marker, not text, entropy 7.954; twin search by same file name + same size: 1 other hash(es) probed, 0 intact, 1 not readable in B2; other-size copies of the name in the catalog: 1 (find_other_version would propose these for review; none is a same-size twin); no repair engine exists for this type"
B_unreadable_no_twin,moved/court/fb/New Folder/Takeout/Google Photos/screens/IMG_7275(1).PNG,consignatio/vault/v1/moved/court/fb/New Folder/Takeout/Google Photos/screens/IMG_7275(1).PNG,601042,34f289816bebf43f0b0700a6214cacb6ac8cce79,png,moved/court/fb/New Folder/Takeout/Google Photos/screens,7.957,f,confirmed unreadable: extension names a marker format but the head is random bytes,"head 4 KiB read (b2 ranged GET) -> no format marker, not text, entropy 7.957; twin search by same file name + same size: 1 other hash(es) probed, 0 intact, 1 not readable in B2; other-size copies of the name in the catalog: 1 (find_other_version would propose these for review; none is a same-size twin); no repair engine exists for this type"
B_unreadable_no_twin,moved/court/fb/New Folder/Takeout/Google Photos/screens/IMG_7282(1).PNG,consignatio/vault/v1/moved/court/fb/New Folder/Takeout/Google Photos/screens/IMG_7282(1).PNG,599250,70eb12a1b613e3b5170daaf7dcb581f2d953cc06,png,moved/court/fb/New Folder/Takeout/Google Photos/screens,7.959,f,confirmed unreadable: extension names a marker format but the head is random bytes,"head 4 KiB read (b2 ranged GET) -> no format marker, not text, entropy 7.959; twin search by same file name + same size: 1 other hash(es) probed, 0 intact, 1 not readable in B2; other-size copies of the name in the catalog: 0 (find_other_version would propose these for review; none is a same-size twin); no repair engine exists for this type"
B_unreadable_no_twin,moved/court/fb/New Folder/Takeout/Google Photos/screens/IMG_7305(1).PNG,consignatio/vault/v1/moved/court/fb/New Folder/Takeout/Google Photos/screens/IMG_7305(1).PNG,650017,bf33513222047c0aac055871822eefa1c3ca9b63,png,moved/court/fb/New Folder/Takeout/Google Photos/screens,7.956,f,confirmed unreadable: extension names a marker format but the head is random bytes,"head 4 KiB read (b2 ranged GET) -> no format marker, not text, entropy 7.956; twin search by same file name + same size: 1 other hash(es) probed, 0 intact, 1 not readable in B2; other-size copies of the name in the catalog: 0 (find_other_version would propose these for review; none is a same-size twin); no repair engine exists for this type"
B_unreadable_no_twin,moved/court/fb/New Folder/Takeout/Google Photos/screens/IMG_7310(1).PNG,consignatio/vault/v1/moved/court/fb/New Folder/Takeout/Google Photos/screens/IMG_7310(1).PNG,1899684,d4194e3e4611397244dc5af37dfd8a6676b58d6e,png,moved/court/fb/New Folder/Takeout/Google Photos/screens,7.955,f,confirmed unreadable: extension names a marker format but the head is random bytes,"head 4 KiB read (b2 ranged GET) -> no format marker, not text, entropy 7.955; twin search by same file name + same size: 1 other hash(es) probed, 0 intact, 1 not readable in B2; other-size copies of the name in the catalog: 0 (find_other_version would propose these for review; none is a same-size twin); no repair engine exists for this type"
B_unreadable_no_twin,moved/court/fb/New Folder/Takeout/Google Photos/screens/IMG_7313(1).PNG,consignatio/vault/v1/moved/court/fb/New Folder/Takeout/Google Photos/screens/IMG_7313(1).PNG,524788,0cdc06a0e354a92e3339b5bd0d6cdb013b2c0d72,png,moved/court/fb/New Folder/Takeout/Google Photos/screens,7.955,f,confirmed unreadable: extension names a marker format but the head is random bytes,"head 4 KiB read (b2 ranged GET) -> no format marker, not text, entropy 7.955; twin search by same file name + same size: 1 other hash(es) probed, 0 intact, 1 not readable in B2; other-size copies of the name in the catalog: 0 (find_other_version would propose these for review; none is a same-size twin); no repair engine exists for this type"
B_unreadable_no_twin,moved/court/fb/New Folder/Takeout/Google Photos/screens/IMG_7318(1).PNG,consignatio/vault/v1/moved/court/fb/New Folder/Takeout/Google Photos/screens/IMG_7318(1).PNG,532472,c38a253b6229439be4385de5c779e16c06376561,png,moved/court/fb/New Folder/Takeout/Google Photos/screens,7.951,f,confirmed unreadable: extension names a marker format but the head is random bytes,"head 4 KiB read (b2 ranged GET) -> no format marker, not text, entropy 7.951; twin search by same file name + same size: 1 other hash(es) probed, 0 intact, 1 not readable in B2; other-size copies of the name in the catalog: 0 (find_other_version would propose these for review; none is a same-size twin); no repair engine exists for this type"
B_unreadable_no_twin,moved/court/fb/New Folder/Takeout/Google Photos/screens/IMG_7331(1).PNG,consignatio/vault/v1/moved/court/fb/New Folder/Takeout/Google Photos/screens/IMG_7331(1).PNG,603354,bb7859aabe31b4f51f26a916b642d8094ddff3a7,png,moved/court/fb/New Folder/Takeout/Google Photos/screens,7.953,f,confirmed unreadable: extension names a marker format but the head is random bytes,"head 4 KiB read (b2 ranged GET) -> no format marker, not text, entropy 7.953; twin search by same file name + same size: 1 other hash(es) probed, 0 intact, 1 not readable in B2; other-size copies of the name in the catalog: 0 (find_other_version would propose these for review; none is a same-size twin); no repair engine exists for this type"
B_unreadable_no_twin,moved/court/fb/New Folder/Takeout/Google Photos/screens/IMG_7340(1).PNG,consignatio/vault/v1/moved/court/fb/New Folder/Takeout/Google Photos/screens/IMG_7340(1).PNG,678389,d6dad8e3f2075b7ad43ccce5b47d20bb7b5572bd,png,moved/court/fb/New Folder/Takeout/Google Photos/screens,7.956,f,confirmed unreadable: extension names a marker format but the head is random bytes,"head 4 KiB read (b2 ranged GET) -> no format marker, not text, entropy 7.956; twin search by same file name + same size: 1 other hash(es) probed, 0 intact, 1 not readable in B2; other-size copies of the name in the catalog: 0 (find_other_version would propose these for review; none is a same-size twin); no repair engine exists for this type"
B_unreadable_no_twin,moved/court/fb/New Folder/Takeout/Google Photos/screens/IMG_7344(1).PNG,consignatio/vault/v1/moved/court/fb/New Folder/Takeout/Google Photos/screens/IMG_7344(1).PNG,618777,1d802c90898f183bbb3da0ece6e1d1528a22f8c7,png,moved/court/fb/New Folder/Takeout/Google Photos/screens,7.955,f,confirmed unreadable: extension names a marker format but the head is random bytes,"head 4 KiB read (b2 ranged GET) -> no format marker, not text, entropy 7.955; twin search by same file name + same size: 1 other hash(es) probed, 0 intact, 1 not readable in B2; other-size copies of the name in the catalog: 0 (find_other_version would propose these for review; none is a same-size twin); no repair engine exists for this type"
B_unreadable_no_twin,moved/court/fb/New Folder/Takeout/Google Photos/screens/IMG_7345(1).PNG,consignatio/vault/v1/moved/court/fb/New Folder/Takeout/Google Photos/screens/IMG_7345(1).PNG,584447,8201da84b3ed60f2a2fa72806eff978d0297d1fa,png,moved/court/fb/New Folder/Takeout/Google Photos/screens,7.957,f,confirmed unreadable: extension names a marker format but the head is random bytes,"head 4 KiB read (b2 ranged GET) -> no format marker, not text, entropy 7.957; twin search by same file name + same size: 1 other hash(es) probed, 0 intact, 1 not readable in B2; other-size copies of the name in the catalog: 0 (find_other_version would propose these for review; none is a same-size twin); no repair engine exists for this type"
B_unreadable_no_twin,moved/court/fb/New Folder/Takeout/Google Photos/screens/IMG_7349(1).PNG,consignatio/vault/v1/moved/court/fb/New Folder/Takeout/Google Photos/screens/IMG_7349(1).PNG,635897,5e0fde60adf6c3b790fee012f8d45af5eefc1209,png,moved/court/fb/New Folder/Takeout/Google Photos/screens,7.95,f,confirmed unreadable: extension names a marker format but the head is random bytes,"head 4 KiB read (b2 ranged GET) -> no format marker, not text, entropy 7.95; twin search by same file name + same size: 1 other hash(es) probed, 0 intact, 1 not readable in B2; other-size copies of the name in the catalog: 0 (find_other_version would propose these for review; none is a same-size twin); no repair engine exists for this type"
B_unreadable_no_twin,moved/court/fb/New Folder/Takeout/Google Photos/screens/IMG_7352(1).PNG,consignatio/vault/v1/moved/court/fb/New Folder/Takeout/Google Photos/screens/IMG_7352(1).PNG,589471,1f59382f5ca331238dc40c9e32e7bcc5aeac6b7e,png,moved/court/fb/New Folder/Takeout/Google Photos/screens,7.955,f,confirmed unreadable: extension names a marker format but the head is random bytes,"head 4 KiB read (b2 ranged GET) -> no format marker, not text, entropy 7.955; twin search by same file name + same size: 1 other hash(es) probed, 0 intact, 1 not readable in B2; other-size copies of the name in the catalog: 0 (find_other_version would propose these for review; none is a same-size twin); no repair engine exists for this type"
B_unreadable_no_twin,moved/court/fb/New Folder/Takeout/Google Photos/screens/IMG_7353(1).PNG,consignatio/vault/v1/moved/court/fb/New Folder/Takeout/Google Photos/screens/IMG_7353(1).PNG,599726,8f9ec5a3699b5826455311b83412febb17e272c1,png,moved/court/fb/New Folder/Takeout/Google Photos/screens,7.953,f,confirmed unreadable: extension names a marker format but the head is random bytes,"head 4 KiB read (b2 ranged GET) -> no format marker, not text, entropy 7.953; twin search by same file name + same size: 1 other hash(es) probed, 0 intact, 1 not readable in B2; other-size copies of the name in the catalog: 0 (find_other_version would propose these for review; none is a same-size twin); no repair engine exists for this type"
B_unreadable_no_twin,moved/court/fb/New Folder/Takeout/Google Photos/screens/IMG_7355(1).PNG,consignatio/vault/v1/moved/court/fb/New Folder/Takeout/Google Photos/screens/IMG_7355(1).PNG,580521,8c5edfe7fb335a2736bf16a82a10157f0e3b03a9,png,moved/court/fb/New Folder/Takeout/Google Photos/screens,7.956,f,confirmed unreadable: extension names a marker format but the head is random bytes,"head 4 KiB read (b2 ranged GET) -> no format marker, not text, entropy 7.956; twin search by same file name + same size: 1 other hash(es) probed, 0 intact, 1 not readable in B2; other-size copies of the name in the catalog: 0 (find_other_version would propose these for review; none is a same-size twin); no repair engine exists for this type"
B_unreadable_no_twin,moved/court/fb/New Folder/Takeout/Google Photos/screens/IMG_7359(1).PNG,consignatio/vault/v1/moved/court/fb/New Folder/Takeout/Google Photos/screens/IMG_7359(1).PNG,585641,87f36a85f4d3b25558ac7360bc5c002f4b79714e,png,moved/court/fb/New Folder/Takeout/Google Photos/screens,7.947,f,confirmed unreadable: extension names a marker format but the head is random bytes,"head 4 KiB read (b2 ranged GET) -> no format marker, not text, entropy 7.947; twin search by same file name + same size: 1 other hash(es) probed, 0 intact, 1 not readable in B2; other-size copies of the name in the catalog: 0 (find_other_version would propose these for review; none is a same-size twin); no repair engine exists for this type"
B_unreadable_no_twin,moved/court/fb/New Folder/Takeout/Google Photos/screens/IMG_7377(1).PNG,consignatio/vault/v1/moved/court/fb/New Folder/Takeout/Google Photos/screens/IMG_7377(1).PNG,634110,e9329e03b8eaf0be74ea1ba187e37b07ee7838b7,png,moved/court/fb/New Folder/Takeout/Google Photos/screens,7.847,f,confirmed unreadable: extension names a marker format but the head is random bytes,"head 4 KiB read (b2 ranged GET) -> no format marker, not text, entropy 7.847; twin search by same file name + same size: 1 other hash(es) probed, 0 intact, 1 not readable in B2; other-size copies of the name in the catalog: 0 (find_other_version would propose these for review; none is a same-size twin); no repair engine exists for this type"
B_unreadable_no_twin,moved/court/fb/New Folder/Takeout/Google Photos/screens/IMG_7378.PNG,consignatio/vault/v1/moved/court/fb/New Folder/Takeout/Google Photos/screens/IMG_7378.PNG,545926,9de903362701ca4075f96e9d36c4d303014430c2,png,moved/court/fb/New Folder/Takeout/Google Photos/screens,7.806,f,confirmed unreadable: extension names a marker format but the head is random bytes,"head 4 KiB read (b2 ranged GET) -> no format marker, not text, entropy 7.806; twin search by same file name + same size: 1 other hash(es) probed, 0 intact, 1 not readable in B2; other-size copies of the name in the catalog: 1 (find_other_version would propose these for review; none is a same-size twin); no repair engine exists for this type"
B_unreadable_no_twin,moved/court/fb/New Folder/Takeout/Google Photos/screens/IMG_7379.PNG,consignatio/vault/v1/moved/court/fb/New Folder/Takeout/Google Photos/screens/IMG_7379.PNG,562473,33c139a38ca52d3e1fe6280ce6c6aadc7c46c008,png,moved/court/fb/New Folder/Takeout/Google Photos/screens,7.896,f,confirmed unreadable: extension names a marker format but the head is random bytes,"head 4 KiB read (b2 ranged GET) -> no format marker, not text, entropy 7.896; twin search by same file name + same size: 1 other hash(es) probed, 0 intact, 1 not readable in B2; other-size copies of the name in the catalog: 0 (find_other_version would propose these for review; none is a same-size twin); no repair engine exists for this type"
B_unreadable_no_twin,moved/court/fb/New Folder/Takeout/Google Photos/screens/IMG_7380(1).PNG,consignatio/vault/v1/moved/court/fb/New Folder/Takeout/Google Photos/screens/IMG_7380(1).PNG,622152,b9ab32c0312162a086e58513b12af92d4bd78631,png,moved/court/fb/New Folder/Takeout/Google Photos/screens,7.916,f,confirmed unreadable: extension names a marker format but the head is random bytes,"head 4 KiB read (b2 ranged GET) -> no format marker, not text, entropy 7.916; twin search by same file name + same size: 1 other hash(es) probed, 0 intact, 1 not readable in B2; other-size copies of the name in the catalog: 0 (find_other_version would propose these for review; none is a same-size twin); no repair engine exists for this type"
B_unreadable_no_twin,moved/court/fb/New Folder/Takeout/Google Photos/screens/IMG_7381.PNG,consignatio/vault/v1/moved/court/fb/New Folder/Takeout/Google Photos/screens/IMG_7381.PNG,540759,63bd62ad4edf7e978953eef8aaec8eddff73ba58,png,moved/court/fb/New Folder/Takeout/Google Photos/screens,7.926,f,confirmed unreadable: extension names a marker format but the head is random bytes,"head 4 KiB read (b2 ranged GET) -> no format marker, not text, entropy 7.926; twin search by same file name + same size: 1 other hash(es) probed, 0 intact, 1 not readable in B2; other-size copies of the name in the catalog: 1 (find_other_version would propose these for review; none is a same-size twin); no repair engine exists for this type"
B_unreadable_no_twin,moved/court/fb/New Folder/Takeout/Google Photos/screens/IMG_7382.PNG,consignatio/vault/v1/moved/court/fb/New Folder/Takeout/Google Photos/screens/IMG_7382.PNG,655607,05ee0a95dfea522e8837df6e8edbb67d1ec92e83,png,moved/court/fb/New Folder/Takeout/Google Photos/screens,7.905,f,confirmed unreadable: extension names a marker format but the head is random bytes,"head 4 KiB read (b2 ranged GET) -> no format marker, not text, entropy 7.905; twin search by same file name + same size: 1 other hash(es) probed, 0 intact, 1 not readable in B2; other-size copies of the name in the catalog: 1 (find_other_version would propose these for review; none is a same-size twin); no repair engine exists for this type"
B_unreadable_no_twin,moved/court/fb/New Folder/Takeout/Google Photos/screens/IMG_7384.PNG,consignatio/vault/v1/moved/court/fb/New Folder/Takeout/Google Photos/screens/IMG_7384.PNG,555086,18f09016af83b37084a0d992ad18b80b0b1f096a,png,moved/court/fb/New Folder/Takeout/Google Photos/screens,7.941,f,confirmed unreadable: extension names a marker format but the head is random bytes,"head 4 KiB read (b2 ranged GET) -> no format marker, not text, entropy 7.941; twin search by same file name + same size: 1 other hash(es) probed, 0 intact, 1 not readable in B2; other-size copies of the name in the catalog: 1 (find_other_version would propose these for review; none is a same-size twin); no repair engine exists for this type"
B_unreadable_no_twin,moved/court/fb/New Folder/Takeout/Google Photos/screens/IMG_7386.PNG,consignatio/vault/v1/moved/court/fb/New Folder/Takeout/Google Photos/screens/IMG_7386.PNG,631950,abbbb931f359ef1427069f407e53b01021c4b41c,png,moved/court/fb/New Folder/Takeout/Google Photos/screens,7.927,f,confirmed unreadable: extension names a marker format but the head is random bytes,"head 4 KiB read (b2 ranged GET) -> no format marker, not text, entropy 7.927; twin search by same file name + same size: 1 other hash(es) probed, 0 intact, 1 not readable in B2; other-size copies of the name in the catalog: 0 (find_other_version would propose these for review; none is a same-size twin); no repair engine exists for this type"
B_unreadable_no_twin,moved/court/fb/New Folder/Takeout/Google Photos/screens/IMG_7389(1).PNG,consignatio/vault/v1/moved/court/fb/New Folder/Takeout/Google Photos/screens/IMG_7389(1).PNG,1044046,92d0719fe866f811fcc0e01726d2fb0a7b94cc7b,png,moved/court/fb/New Folder/Takeout/Google Photos/screens,7.923,f,confirmed unreadable: extension names a marker format but the head is random bytes,"head 4 KiB read (b2 ranged GET) -> no format marker, not text, entropy 7.923; twin search by same file name + same size: 1 other hash(es) probed, 0 intact, 1 not readable in B2; other-size copies of the name in the catalog: 0 (find_other_version would propose these for review; none is a same-size twin); no repair engine exists for this type"
B_unreadable_no_twin,moved/court/fb/New Folder/Takeout/Google Photos/screens/IMG_7391.PNG,consignatio/vault/v1/moved/court/fb/New Folder/Takeout/Google Photos/screens/IMG_7391.PNG,611084,8f90fbd1f9eede8504d2ef10da01ed2a9f64f048,png,moved/court/fb/New Folder/Takeout/Google Photos/screens,7.941,f,confirmed unreadable: extension names a marker format but the head is random bytes,"head 4 KiB read (b2 ranged GET) -> no format marker, not text, entropy 7.941; twin search by same file name + same size: 1 other hash(es) probed, 0 intact, 1 not readable in B2; other-size copies of the name in the catalog: 0 (find_other_version would propose these for review; none is a same-size twin); no repair engine exists for this type"
B_unreadable_no_twin,moved/court/fb/New Folder/Takeout/Google Photos/screens/IMG_7397.PNG,consignatio/vault/v1/moved/court/fb/New Folder/Takeout/Google Photos/screens/IMG_7397.PNG,541043,21c8d08328911bd810d2e73569cb0712d8a7d00e,png,moved/court/fb/New Folder/Takeout/Google Photos/screens,7.923,f,confirmed unreadable: extension names a marker format but the head is random bytes,"head 4 KiB read (b2 ranged GET) -> no format marker, not text, entropy 7.923; twin search by same file name + same size: 1 other hash(es) probed, 0 intact, 1 not readable in B2; other-size copies of the name in the catalog: 1 (find_other_version would propose these for review; none is a same-size twin); no repair engine exists for this type"
B_unreadable_no_twin,moved/court/fb/New Folder/Takeout/Google Photos/screens/IMG_7408.PNG,consignatio/vault/v1/moved/court/fb/New Folder/Takeout/Google Photos/screens/IMG_7408.PNG,598879,f86f8562d8a00e175b19e9f20ff6627842a13aba,png,moved/court/fb/New Folder/Takeout/Google Photos/screens,7.925,f,confirmed unreadable: extension names a marker format but the head is random bytes,"head 4 KiB read (b2 ranged GET) -> no format marker, not text, entropy 7.925; twin search by same file name + same size: 1 other hash(es) probed, 0 intact, 1 not readable in B2; other-size copies of the name in the catalog: 1 (find_other_version would propose these for review; none is a same-size twin); no repair engine exists for this type"
B_unreadable_no_twin,moved/court/fb/New Folder/Takeout/Google Photos/screens/IMG_7414(1).PNG,consignatio/vault/v1/moved/court/fb/New Folder/Takeout/Google Photos/screens/IMG_7414(1).PNG,663140,3fad62d625f1e0c212f60d2fb4d59c35df9311e0,png,moved/court/fb/New Folder/Takeout/Google Photos/screens,7.879,f,confirmed unreadable: extension names a marker format but the head is random bytes,"head 4 KiB read (b2 ranged GET) -> no format marker, not text, entropy 7.879; twin search by same file name + same size: 1 other hash(es) probed, 0 intact, 1 not readable in B2; other-size copies of the name in the catalog: 0 (find_other_version would propose these for review; none is a same-size twin); no repair engine exists for this type"
B_unreadable_no_twin,moved/court/fb/New Folder/Takeout/Google Photos/screens/IMG_7416.PNG,consignatio/vault/v1/moved/court/fb/New Folder/Takeout/Google Photos/screens/IMG_7416.PNG,660841,32f9ec54a31fc6a73b443d1d8bcdf44e801a7ce8,png,moved/court/fb/New Folder/Takeout/Google Photos/screens,7.826,f,confirmed unreadable: extension names a marker format but the head is random bytes,"head 4 KiB read (b2 ranged GET) -> no format marker, not text, entropy 7.826; twin search by same file name + same size: 1 other hash(es) probed, 0 intact, 1 not readable in B2; other-size copies of the name in the catalog: 0 (find_other_version would propose these for review; none is a same-size twin); no repair engine exists for this type"
B_unreadable_no_twin,moved/court/fb/New Folder/Takeout/Google Photos/screens/IMG_7417.PNG,consignatio/vault/v1/moved/court/fb/New Folder/Takeout/Google Photos/screens/IMG_7417.PNG,645899,1ea5ce277188b693bf15b8f56cf3d790ab224f74,png,moved/court/fb/New Folder/Takeout/Google Photos/screens,7.852,f,confirmed unreadable: extension names a marker format but the head is random bytes,"head 4 KiB read (b2 ranged GET) -> no format marker, not text, entropy 7.852; twin search by same file name + same size: 1 other hash(es) probed, 0 intact, 1 not readable in B2; other-size copies of the name in the catalog: 1 (find_other_version would propose these for review; none is a same-size twin); no repair engine exists for this type"
B_unreadable_no_twin,moved/court/fb/New Folder/Takeout/Google Photos/screens/IMG_7418(1).PNG,consignatio/vault/v1/moved/court/fb/New Folder/Takeout/Google Photos/screens/IMG_7418(1).PNG,646139,e77022c63b0e7a1428cafccfc694bcb03895c9b4,png,moved/court/fb/New Folder/Takeout/Google Photos/screens,7.821,f,confirmed unreadable: extension names a marker format but the head is random bytes,"head 4 KiB read (b2 ranged GET) -> no format marker, not text, entropy 7.821; twin search by same file name + same size: 1 other hash(es) probed, 0 intact, 1 not readable in B2; other-size copies of the name in the catalog: 0 (find_other_version would propose these for review; none is a same-size twin); no repair engine exists for this type"
B_unreadable_no_twin,moved/court/fb/New Folder/Takeout/Google Photos/screens/IMG_7419.PNG,consignatio/vault/v1/moved/court/fb/New Folder/Takeout/Google Photos/screens/IMG_7419.PNG,643018,dd5fd6677e83b1eb278d487a4198b5aea6abbaa1,png,moved/court/fb/New Folder/Takeout/Google Photos/screens,7.852,f,confirmed unreadable: extension names a marker format but the head is random bytes,"head 4 KiB read (b2 ranged GET) -> no format marker, not text, entropy 7.852; twin search by same file name + same size: 1 other hash(es) probed, 0 intact, 1 not readable in B2; other-size copies of the name in the catalog: 0 (find_other_version would propose these for review; none is a same-size twin); no repair engine exists for this type"
B_unreadable_no_twin,moved/court/fb/New Folder/Takeout/Google Photos/screens/IMG_7420.PNG,consignatio/vault/v1/moved/court/fb/New Folder/Takeout/Google Photos/screens/IMG_7420.PNG,670148,8525a5f9e43e15a185148b5591d3bc07ecd9b7b5,png,moved/court/fb/New Folder/Takeout/Google Photos/screens,7.751,f,confirmed unreadable: extension names a marker format but the head is random bytes,"head 4 KiB read (b2 ranged GET) -> no format marker, not text, entropy 7.751; twin search by same file name + same size: 1 other hash(es) probed, 0 intact, 1 not readable in B2; other-size copies of the name in the catalog: 0 (find_other_version would propose these for review; none is a same-size twin); no repair engine exists for this type"
B_unreadable_no_twin,moved/court/fb/New Folder/Takeout/Google Photos/screens/IMG_7421.PNG,consignatio/vault/v1/moved/court/fb/New Folder/Takeout/Google Photos/screens/IMG_7421.PNG,632415,177783a80f5f49425637b93574f0d2b8a8474377,png,moved/court/fb/New Folder/Takeout/Google Photos/screens,7.849,f,confirmed unreadable: extension names a marker format but the head is random bytes,"head 4 KiB read (b2 ranged GET) -> no format marker, not text, entropy 7.849; twin search by same file name + same size: 1 other hash(es) probed, 0 intact, 1 not readable in B2; other-size copies of the name in the catalog: 1 (find_other_version would propose these for review; none is a same-size twin); no repair engine exists for this type"
B_unreadable_no_twin,moved/court/fb/New Folder/Takeout/Google Photos/screens/IMG_7422.PNG,consignatio/vault/v1/moved/court/fb/New Folder/Takeout/Google Photos/screens/IMG_7422.PNG,581370,9a2326a6c83546a9a55b9aac01a5a81b958bafff,png,moved/court/fb/New Folder/Takeout/Google Photos/screens,7.894,f,confirmed unreadable: extension names a marker format but the head is random bytes,"head 4 KiB read (b2 ranged GET) -> no format marker, not text, entropy 7.894; twin search by same file name + same size: 1 other hash(es) probed, 0 intact, 1 not readable in B2; other-size copies of the name in the catalog: 0 (find_other_version would propose these for review; none is a same-size twin); no repair engine exists for this type"
B_unreadable_no_twin,moved/court/fb/New Folder/Takeout/Google Photos/screens/IMG_7423.PNG,consignatio/vault/v1/moved/court/fb/New Folder/Takeout/Google Photos/screens/IMG_7423.PNG,521566,901a2064fb1f91531bb2ca8aaf6f4e37f30ccdc1,png,moved/court/fb/New Folder/Takeout/Google Photos/screens,7.864,f,confirmed unreadable: extension names a marker format but the head is random bytes,"head 4 KiB read (b2 ranged GET) -> no format marker, not text, entropy 7.864; twin search by same file name + same size: 1 other hash(es) probed, 0 intact, 1 not readable in B2; other-size copies of the name in the catalog: 1 (find_other_version would propose these for review; none is a same-size twin); no repair engine exists for this type"
B_unreadable_no_twin,moved/court/fb/New Folder/Takeout/Google Photos/screens/IMG_7424.PNG,consignatio/vault/v1/moved/court/fb/New Folder/Takeout/Google Photos/screens/IMG_7424.PNG,556815,5c0a6d63066cf8b7450fab7a45b95fbcd9d4c07e,png,moved/court/fb/New Folder/Takeout/Google Photos/screens,7.871,f,confirmed unreadable: extension names a marker format but the head is random bytes,"head 4 KiB read (b2 ranged GET) -> no format marker, not text, entropy 7.871; twin search by same file name + same size: 1 other hash(es) probed, 0 intact, 1 not readable in B2; other-size copies of the name in the catalog: 0 (find_other_version would propose these for review; none is a same-size twin); no repair engine exists for this type"
B_unreadable_no_twin,moved/court/fb/New Folder/Takeout/Google Photos/screens/IMG_7427.PNG,consignatio/vault/v1/moved/court/fb/New Folder/Takeout/Google Photos/screens/IMG_7427.PNG,1130420,fd609afacc2bfd22d8dabae18b445ddd68624748,png,moved/court/fb/New Folder/Takeout/Google Photos/screens,7.865,f,confirmed unreadable: extension names a marker format but the head is random bytes,"head 4 KiB read (b2 ranged GET) -> no format marker, not text, entropy 7.865; twin search by same file name + same size: 1 other hash(es) probed, 0 intact, 1 not readable in B2; other-size copies of the name in the catalog: 0 (find_other_version would propose these for review; none is a same-size twin); no repair engine exists for this type"
B_unreadable_no_twin,moved/court/fb/New Folder/Takeout/Google Photos/screens/IMG_7429.PNG,consignatio/vault/v1/moved/court/fb/New Folder/Takeout/Google Photos/screens/IMG_7429.PNG,550284,91f1478a13e9fa7360b239cf26c6bac8b44e5338,png,moved/court/fb/New Folder/Takeout/Google Photos/screens,7.927,f,confirmed unreadable: extension names a marker format but the head is random bytes,"head 4 KiB read (b2 ranged GET) -> no format marker, not text, entropy 7.927; twin search by same file name + same size: 1 other hash(es) probed, 0 intact, 1 not readable in B2; other-size copies of the name in the catalog: 0 (find_other_version would propose these for review; none is a same-size twin); no repair engine exists for this type"
B_unreadable_no_twin,moved/court/fb/New Folder/Takeout/Google Photos/screens/IMG_7434.PNG,consignatio/vault/v1/moved/court/fb/New Folder/Takeout/Google Photos/screens/IMG_7434.PNG,608867,31a61d50819843fe472fa628d142d3117f47a395,png,moved/court/fb/New Folder/Takeout/Google Photos/screens,7.858,f,confirmed unreadable: extension names a marker format but the head is random bytes,"head 4 KiB read (b2 ranged GET) -> no format marker, not text, entropy 7.858; twin search by same file name + same size: 1 other hash(es) probed, 0 intact, 1 not readable in B2; other-size copies of the name in the catalog: 1 (find_other_version would propose these for review; none is a same-size twin); no repair engine exists for this type"
B_unreadable_no_twin,moved/court/fb/New Folder/Takeout/Google Photos/screens/IMG_7435(1).PNG,consignatio/vault/v1/moved/court/fb/New Folder/Takeout/Google Photos/screens/IMG_7435(1).PNG,605942,65a60a1f741a6a4fb4dca7a9be104925010d8a35,png,moved/court/fb/New Folder/Takeout/Google Photos/screens,7.88,f,confirmed unreadable: extension names a marker format but the head is random bytes,"head 4 KiB read (b2 ranged GET) -> no format marker, not text, entropy 7.88; twin search by same file name + same size: 1 other hash(es) probed, 0 intact, 1 not readable in B2; other-size copies of the name in the catalog: 0 (find_other_version would propose these for review; none is a same-size twin); no repair engine exists for this type"
B_unreadable_no_twin,moved/court/fb/New Folder/Takeout/Google Photos/screens/IMG_7436.PNG,consignatio/vault/v1/moved/court/fb/New Folder/Takeout/Google Photos/screens/IMG_7436.PNG,604316,6ce38a3b4fc94159f2ad622ec4c505227421a7f8,png,moved/court/fb/New Folder/Takeout/Google Photos/screens,7.913,f,confirmed unreadable: extension names a marker format but the head is random bytes,"head 4 KiB read (b2 ranged GET) -> no format marker, not text, entropy 7.913; twin search by same file name + same size: 1 other hash(es) probed, 0 intact, 1 not readable in B2; other-size copies of the name in the catalog: 1 (find_other_version would propose these for review; none is a same-size twin); no repair engine exists for this type"
B_unreadable_no_twin,moved/court/fb/New Folder/Takeout/Google Photos/screens/IMG_7443.PNG,consignatio/vault/v1/moved/court/fb/New Folder/Takeout/Google Photos/screens/IMG_7443.PNG,611650,a008d928ba66f8a5ad218830c89d5e344219f185,png,moved/court/fb/New Folder/Takeout/Google Photos/screens,7.93,f,confirmed unreadable: extension names a marker format but the head is random bytes,"head 4 KiB read (b2 ranged GET) -> no format marker, not text, entropy 7.93; twin search by same file name + same size: 1 other hash(es) probed, 0 intact, 1 not readable in B2; other-size copies of the name in the catalog: 1 (find_other_version would propose these for review; none is a same-size twin); no repair engine exists for this type"
B_unreadable_no_twin,moved/court/fb/New Folder/Takeout/Google Photos/screens/IMG_7447(1).PNG,consignatio/vault/v1/moved/court/fb/New Folder/Takeout/Google Photos/screens/IMG_7447(1).PNG,978145,ff9b5a3fbd9f6381caaaac0a7fb95d605c3962d9,png,moved/court/fb/New Folder/Takeout/Google Photos/screens,7.861,f,confirmed unreadable: extension names a marker format but the head is random bytes,"head 4 KiB read (b2 ranged GET) -> no format marker, not text, entropy 7.861; twin search by same file name + same size: 1 other hash(es) probed, 0 intact, 1 not readable in B2; other-size copies of the name in the catalog: 0 (find_other_version would propose these for review; none is a same-size twin); no repair engine exists for this type"
B_unreadable_no_twin,moved/court/fb/New Folder/Takeout/Google Photos/screens/IMG_7451.PNG,consignatio/vault/v1/moved/court/fb/New Folder/Takeout/Google Photos/screens/IMG_7451.PNG,579383,6bada5bf173f806e64f1185039b114204fd131dd,png,moved/court/fb/New Folder/Takeout/Google Photos/screens,7.875,f,confirmed unreadable: extension names a marker format but the head is random bytes,"head 4 KiB read (b2 ranged GET) -> no format marker, not text, entropy 7.875; twin search by same file name + same size: 1 other hash(es) probed, 0 intact, 1 not readable in B2; other-size copies of the name in the catalog: 0 (find_other_version would propose these for review; none is a same-size twin); no repair engine exists for this type"
B_unreadable_no_twin,moved/court/fb/New Folder/Takeout/Google Photos/screens/IMG_7453.PNG,consignatio/vault/v1/moved/court/fb/New Folder/Takeout/Google Photos/screens/IMG_7453.PNG,627724,28ce466844f88e864382dbca993932a66d7f366a,png,moved/court/fb/New Folder/Takeout/Google Photos/screens,7.83,f,confirmed unreadable: extension names a marker format but the head is random bytes,"head 4 KiB read (b2 ranged GET) -> no format marker, not text, entropy 7.83; twin search by same file name + same size: 1 other hash(es) probed, 0 intact, 1 not readable in B2; other-size copies of the name in the catalog: 1 (find_other_version would propose these for review; none is a same-size twin); no repair engine exists for this type"
B_unreadable_no_twin,moved/court/fb/New Folder/Takeout/Google Photos/screens/IMG_7454.PNG,consignatio/vault/v1/moved/court/fb/New Folder/Takeout/Google Photos/screens/IMG_7454.PNG,650569,1cdf8bd6a0948441d5aa7602afdc0cb31e00e38b,png,moved/court/fb/New Folder/Takeout/Google Photos/screens,7.733,f,confirmed unreadable: extension names a marker format but the head is random bytes,"head 4 KiB read (b2 ranged GET) -> no format marker, not text, entropy 7.733; twin search by same file name + same size: 1 other hash(es) probed, 0 intact, 1 not readable in B2; other-size copies of the name in the catalog: 1 (find_other_version would propose these for review; none is a same-size twin); no repair engine exists for this type"
B_unreadable_no_twin,moved/court/fb/New Folder/Takeout/Google Photos/screens/IMG_7455.PNG,consignatio/vault/v1/moved/court/fb/New Folder/Takeout/Google Photos/screens/IMG_7455.PNG,589414,689f7466c3eba4da689c957e03f82a13c0412c4a,png,moved/court/fb/New Folder/Takeout/Google Photos/screens,7.881,f,confirmed unreadable: extension names a marker format but the head is random bytes,"head 4 KiB read (b2 ranged GET) -> no format marker, not text, entropy 7.881; twin search by same file name + same size: 1 other hash(es) probed, 0 intact, 1 not readable in B2; other-size copies of the name in the catalog: 0 (find_other_version would propose these for review; none is a same-size twin); no repair engine exists for this type"
B_unreadable_no_twin,moved/court/fb/New Folder/Takeout/Google Photos/screens/IMG_7456.PNG,consignatio/vault/v1/moved/court/fb/New Folder/Takeout/Google Photos/screens/IMG_7456.PNG,635557,bce2ae5772707deef5285441773cf42b9ac1f6fe,png,moved/court/fb/New Folder/Takeout/Google Photos/screens,7.887,f,confirmed unreadable: extension names a marker format but the head is random bytes,"head 4 KiB read (b2 ranged GET) -> no format marker, not text, entropy 7.887; twin search by same file name + same size: 1 other hash(es) probed, 0 intact, 1 not readable in B2; other-size copies of the name in the catalog: 0 (find_other_version would propose these for review; none is a same-size twin); no repair engine exists for this type"
B_unreadable_no_twin,moved/court/fb/New Folder/Takeout/Google Photos/screens/IMG_7457.PNG,consignatio/vault/v1/moved/court/fb/New Folder/Takeout/Google Photos/screens/IMG_7457.PNG,561560,3682bd07ea6dca1c46dddb4610bd60a799148002,png,moved/court/fb/New Folder/Takeout/Google Photos/screens,7.89,f,confirmed unreadable: extension names a marker format but the head is random bytes,"head 4 KiB read (b2 ranged GET) -> no format marker, not text, entropy 7.89; twin search by same file name + same size: 1 other hash(es) probed, 0 intact, 1 not readable in B2; other-size copies of the name in the catalog: 0 (find_other_version would propose these for review; none is a same-size twin); no repair engine exists for this type"
B_unreadable_no_twin,moved/court/fb/New Folder/Takeout/Google Photos/screens/IMG_7459(1).PNG,consignatio/vault/v1/moved/court/fb/New Folder/Takeout/Google Photos/screens/IMG_7459(1).PNG,653689,3ee03916881fef74bdd138a176d955d4962e1520,png,moved/court/fb/New Folder/Takeout/Google Photos/screens,7.859,f,confirmed unreadable: extension names a marker format but the head is random bytes,"head 4 KiB read (b2 ranged GET) -> no format marker, not text, entropy 7.859; twin search by same file name + same size: 1 other hash(es) probed, 0 intact, 1 not readable in B2; other-size copies of the name in the catalog: 0 (find_other_version would propose these for review; none is a same-size twin); no repair engine exists for this type"
B_unreadable_no_twin,moved/court/fb/New Folder/Takeout/Google Photos/screens/IMG_7460.PNG,consignatio/vault/v1/moved/court/fb/New Folder/Takeout/Google Photos/screens/IMG_7460.PNG,529873,218acf9a72f0338d0a084fcfe981359e4c0f343c,png,moved/court/fb/New Folder/Takeout/Google Photos/screens,7.899,f,confirmed unreadable: extension names a marker format but the head is random bytes,"head 4 KiB read (b2 ranged GET) -> no format marker, not text, entropy 7.899; twin search by same file name + same size: 1 other hash(es) probed, 0 intact, 1 not readable in B2; other-size copies of the name in the catalog: 1 (find_other_version would propose these for review; none is a same-size twin); no repair engine exists for this type"
B_unreadable_no_twin,moved/court/fb/New Folder/Takeout/Google Photos/screens/IMG_7464.PNG,consignatio/vault/v1/moved/court/fb/New Folder/Takeout/Google Photos/screens/IMG_7464.PNG,594237,771a632706662489ca7680ed20117a541397750e,png,moved/court/fb/New Folder/Takeout/Google Photos/screens,7.861,f,confirmed unreadable: extension names a marker format but the head is random bytes,"head 4 KiB read (b2 ranged GET) -> no format marker, not text, entropy 7.861; twin search by same file name + same size: 1 other hash(es) probed, 0 intact, 1 not readable in B2; other-size copies of the name in the catalog: 1 (find_other_version would propose these for review; none is a same-size twin); no repair engine exists for this type"
B_unreadable_no_twin,moved/court/fb/New Folder/Takeout/Google Photos/screens/IMG_7466.PNG,consignatio/vault/v1/moved/court/fb/New Folder/Takeout/Google Photos/screens/IMG_7466.PNG,635760,0c29b823292bb3f0d19ed164fce8ce8ef2be7db9,png,moved/court/fb/New Folder/Takeout/Google Photos/screens,7.906,f,confirmed unreadable: extension names a marker format but the head is random bytes,"head 4 KiB read (b2 ranged GET) -> no format marker, not text, entropy 7.906; twin search by same file name + same size: 1 other hash(es) probed, 0 intact, 1 not readable in B2; other-size copies of the name in the catalog: 0 (find_other_version would propose these for review; none is a same-size twin); no repair engine exists for this type"
B_unreadable_no_twin,moved/court/fb/New Folder/Takeout/Google Photos/screens/IMG_7467.PNG,consignatio/vault/v1/moved/court/fb/New Folder/Takeout/Google Photos/screens/IMG_7467.PNG,628916,bf64a4d5b3a2db3ca6119bc7e0eb569215016c1b,png,moved/court/fb/New Folder/Takeout/Google Photos/screens,7.912,f,confirmed unreadable: extension names a marker format but the head is random bytes,"head 4 KiB read (b2 ranged GET) -> no format marker, not text, entropy 7.912; twin search by same file name + same size: 1 other hash(es) probed, 0 intact, 1 not readable in B2; other-size copies of the name in the catalog: 0 (find_other_version would propose these for review; none is a same-size twin); no repair engine exists for this type"
B_unreadable_no_twin,moved/court/fb/New Folder/Takeout/Google Photos/screens/IMG_7475.PNG,consignatio/vault/v1/moved/court/fb/New Folder/Takeout/Google Photos/screens/IMG_7475.PNG,607261,e2979f53baf1b0fbd4d46e4113e20c3c078c95f1,png,moved/court/fb/New Folder/Takeout/Google Photos/screens,7.874,f,confirmed unreadable: extension names a marker format but the head is random bytes,"head 4 KiB read (b2 ranged GET) -> no format marker, not text, entropy 7.874; twin search by same file name + same size: 1 other hash(es) probed, 0 intact, 1 not readable in B2; other-size copies of the name in the catalog: 0 (find_other_version would propose these for review; none is a same-size twin); no repair engine exists for this type"
B_unreadable_no_twin,moved/court/fb/New Folder/Takeout/Google Photos/screens/IMG_7483.PNG,consignatio/vault/v1/moved/court/fb/New Folder/Takeout/Google Photos/screens/IMG_7483.PNG,560969,d383d3ccde7daffb65e7c6d3f840cbb13d1ba9ff,png,moved/court/fb/New Folder/Takeout/Google Photos/screens,7.84,f,confirmed unreadable: extension names a marker format but the head is random bytes,"head 4 KiB read (b2 ranged GET) -> no format marker, not text, entropy 7.84; twin search by same file name + same size: 1 other hash(es) probed, 0 intact, 1 not readable in B2; other-size copies of the name in the catalog: 0 (find_other_version would propose these for review; none is a same-size twin); no repair engine exists for this type"
B_unreadable_no_twin,moved/court/fb/New Folder/Takeout/Google Photos/screens/IMG_7531(1).PNG,consignatio/vault/v1/moved/court/fb/New Folder/Takeout/Google Photos/screens/IMG_7531(1).PNG,628469,bd600c13143f0875ead9bb73d65a4d51a731f989,png,moved/court/fb/New Folder/Takeout/Google Photos/screens,7.908,f,confirmed unreadable: extension names a marker format but the head is random bytes,"head 4 KiB read (b2 ranged GET) -> no format marker, not text, entropy 7.908; twin search by same file name + same size: 1 other hash(es) probed, 0 intact, 1 not readable in B2; other-size copies of the name in the catalog: 0 (find_other_version would propose these for review; none is a same-size twin); no repair engine exists for this type"
B_unreadable_no_twin,moved/court/fb/New Folder/Takeout/Google Photos/screens/IMG_7534(1).PNG,consignatio/vault/v1/moved/court/fb/New Folder/Takeout/Google Photos/screens/IMG_7534(1).PNG,643036,80ce42dc5fe5b15d68a0247bea2552d74619c6f8,png,moved/court/fb/New Folder/Takeout/Google Photos/screens,7.921,f,confirmed unreadable: extension names a marker format but the head is random bytes,"head 4 KiB read (b2 ranged GET) -> no format marker, not text, entropy 7.921; twin search by same file name + same size: 1 other hash(es) probed, 0 intact, 1 not readable in B2; other-size copies of the name in the catalog: 0 (find_other_version would propose these for review; none is a same-size twin); no repair engine exists for this type"
B_unreadable_no_twin,moved/court/fb/New Folder/Takeout/Google Photos/screens/IMG_7536.PNG,consignatio/vault/v1/moved/court/fb/New Folder/Takeout/Google Photos/screens/IMG_7536.PNG,5119849,6e927277876a65918b56c999b9e8dbd002533ca4,png,moved/court/fb/New Folder/Takeout/Google Photos/screens,7.899,f,confirmed unreadable: extension names a marker format but the head is random bytes,"head 4 KiB read (b2 ranged GET) -> no format marker, not text, entropy 7.899; twin search by same file name + same size: 1 other hash(es) probed, 0 intact, 1 not readable in B2; other-size copies of the name in the catalog: 0 (find_other_version would propose these for review; none is a same-size twin); no repair engine exists for this type"
B_unreadable_no_twin,moved/court/fb/New Folder/Takeout/Google Photos/screens/IMG_7546(1).PNG,consignatio/vault/v1/moved/court/fb/New Folder/Takeout/Google Photos/screens/IMG_7546(1).PNG,685646,b7c4cff89fcc3e35b24fecb9840b3c33d2184e82,png,moved/court/fb/New Folder/Takeout/Google Photos/screens,7.844,f,confirmed unreadable: extension names a marker format but the head is random bytes,"head 4 KiB read (b2 ranged GET) -> no format marker, not text, entropy 7.844; twin search by same file name + same size: 1 other hash(es) probed, 0 intact, 1 not readable in B2; other-size copies of the name in the catalog: 0 (find_other_version would propose these for review; none is a same-size twin); no repair engine exists for this type"
B_unreadable_no_twin,moved/court/fb/New Folder/Takeout/Google Photos/screens/IMG_7552.PNG,consignatio/vault/v1/moved/court/fb/New Folder/Takeout/Google Photos/screens/IMG_7552.PNG,638386,877c0e22658fef15b52df0bea9b38f28886b6adf,png,moved/court/fb/New Folder/Takeout/Google Photos/screens,7.85,f,confirmed unreadable: extension names a marker format but the head is random bytes,"head 4 KiB read (b2 ranged GET) -> no format marker, not text, entropy 7.85; twin search by same file name + same size: 1 other hash(es) probed, 0 intact, 1 not readable in B2; other-size copies of the name in the catalog: 0 (find_other_version would propose these for review; none is a same-size twin); no repair engine exists for this type"
B_unreadable_no_twin,moved/court/fb/New Folder/Takeout/Google Photos/screens/IMG_7553.PNG,consignatio/vault/v1/moved/court/fb/New Folder/Takeout/Google Photos/screens/IMG_7553.PNG,1784806,2a912e96a67d6abcb9ee76f54d8979d92f7f2fa7,png,moved/court/fb/New Folder/Takeout/Google Photos/screens,7.856,f,confirmed unreadable: extension names a marker format but the head is random bytes,"head 4 KiB read (b2 ranged GET) -> no format marker, not text, entropy 7.856; twin search by same file name + same size: 1 other hash(es) probed, 0 intact, 1 not readable in B2; other-size copies of the name in the catalog: 0 (find_other_version would propose these for review; none is a same-size twin); no repair engine exists for this type"
B_unreadable_no_twin,moved/court/fb/New Folder/Takeout/Google Photos/screens/IMG_7969(1).PNG,consignatio/vault/v1/moved/court/fb/New Folder/Takeout/Google Photos/screens/IMG_7969(1).PNG,1029852,631a03270c0193984374891baa4b54d6ada6a8d9,png,moved/court/fb/New Folder/Takeout/Google Photos/screens,7.955,f,confirmed unreadable: extension names a marker format but the head is random bytes,"head 4 KiB read (b2 ranged GET) -> no format marker, not text, entropy 7.955; twin search by same file name + same size: 1 other hash(es) probed, 0 intact, 1 not readable in B2; other-size copies of the name in the catalog: 0 (find_other_version would propose these for review; none is a same-size twin); no repair engine exists for this type"
B_unreadable_no_twin,moved/court/fb/New Folder/Takeout/Google Photos/screens/Screenshot_20250619-140542_Photos.png,consignatio/vault/v1/moved/court/fb/New Folder/Takeout/Google Photos/screens/Screenshot_20250619-140542_Photos.png,3182294,ee272068ae43e36b522b69fd6bbe4e3a1f27fca1,png,moved/court/fb/New Folder/Takeout/Google Photos/screens,7.902,f,confirmed unreadable: extension names a marker format but the head is random bytes,"head 4 KiB read (b2 ranged GET) -> no format marker, not text, entropy 7.902; twin search by same file name + same size: 2 other hash(es) probed, 0 intact, 1 not readable in B2; other-size copies of the name in the catalog: 0 (find_other_version would propose these for review; none is a same-size twin); no repair engine exists for this type"
B_unreadable_no_twin,moved/court/fb/New Folder/Takeout/Google Photos/screens/Screenshot_20250704-163606_Photos.png,consignatio/vault/v1/moved/court/fb/New Folder/Takeout/Google Photos/screens/Screenshot_20250704-163606_Photos.png,1188328,6c3382a0ae0caf60162ce73ccbc255e8d39a391d,png,moved/court/fb/New Folder/Takeout/Google Photos/screens,7.873,f,confirmed unreadable: extension names a marker format but the head is random bytes,"head 4 KiB read (b2 ranged GET) -> no format marker, not text, entropy 7.873; twin search by same file name + same size: 2 other hash(es) probed, 0 intact, 1 not readable in B2; other-size copies of the name in the catalog: 0 (find_other_version would propose these for review; none is a same-size twin); no repair engine exists for this type"
B_unreadable_no_twin,moved/court/fb/New Folder/Takeout/Google Photos/this ! this is the katrina I felt close to safe wi/IMG_8454.PNG,consignatio/vault/v1/moved/court/fb/New Folder/Takeout/Google Photos/this ! this is the katrina I felt close to safe wi/IMG_8454.PNG,857209,34a108a6faa1c5de59cae61170beb7f4e0d3aa6e,png,moved/court/fb/New Folder/Takeout/Google Photos/this ! this is the katrina I felt close to safe wi,7.934,f,confirmed unreadable: extension names a marker format but the head is random bytes,"head 4 KiB read (b2 ranged GET) -> no format marker, not text, entropy 7.934; twin search by same file name + same size: 1 other hash(es) probed, 0 intact, 1 not readable in B2; other-size copies of the name in the catalog: 0 (find_other_version would propose these for review; none is a same-size twin); no repair engine exists for this type"
B_unreadable_no_twin,moved/court/fb/New Folder/Takeout/Google Photos/this ! this is the katrina I felt close to safe wi/IMG_8470.PNG,consignatio/vault/v1/moved/court/fb/New Folder/Takeout/Google Photos/this ! this is the katrina I felt close to safe wi/IMG_8470.PNG,611978,db7a6085d600d9ca569f88015e27d8360f9f5435,png,moved/court/fb/New Folder/Takeout/Google Photos/this ! this is the katrina I felt close to safe wi,7.943,f,confirmed unreadable: extension names a marker format but the head is random bytes,"head 4 KiB read (b2 ranged GET) -> no format marker, not text, entropy 7.943; twin search by same file name + same size: 1 other hash(es) probed, 0 intact, 1 not readable in B2; other-size copies of the name in the catalog: 0 (find_other_version would propose these for review; none is a same-size twin); no repair engine exists for this type"
B_unreadable_no_twin,moved/court/fb/New Folder/Takeout/Google Photos/Untitled/Screenshot_20250619-140542_Photos.png,consignatio/vault/v1/moved/court/fb/New Folder/Takeout/Google Photos/Untitled/Screenshot_20250619-140542_Photos.png,3182294,9c6c340216d17cbdf4609d8b2bce465d337f3d06,png,moved/court/fb/New Folder/Takeout/Google Photos/Untitled,7.934,f,confirmed unreadable: extension names a marker format but the head is random bytes,"head 4 KiB read (b2 ranged GET) -> no format marker, not text, entropy 7.934; twin search by same file name + same size: 2 other hash(es) probed, 0 intact, 1 not readable in B2; other-size copies of the name in the catalog: 0 (find_other_version would propose these for review; none is a same-size twin); no repair engine exists for this type"
B_unreadable_no_twin,moved/court/fb/recover'/Facebook-potentiallycursed85-2025-08-18/your_facebook_activity/messages/stickers_used/106421800_953852561743768_2258502540470753610_n_529233727538989.png,consignatio/vault/v1/moved/court/fb/recover'/Facebook-potentiallycursed85-2025-08-18/your_facebook_activity/messages/stickers_used/106421800_953852561743768_2258502540470753610_n_529233727538989.png,24467,66acca092ceb39a36bcb9fb11fadb2a8c7fda87b,png,moved/court/fb/recover'/Facebook-potentiallycursed85-2025-08-18/your_facebook_activity/messages/stickers_used,7.906,f,confirmed unreadable: extension names a marker format but the head is random bytes,"head 4 KiB read (b2 ranged GET) -> no format marker, not text, entropy 7.906; twin search by same file name + same size: 1 other hash(es) probed, 0 intact, 1 not readable in B2; other-size copies of the name in the catalog: 0 (find_other_version would propose these for review; none is a same-size twin); no repair engine exists for this type"
B_unreadable_no_twin,moved/court/fb/recover'/Facebook-potentiallycursed85-2025-08-18/your_facebook_activity/messages/stickers_used/10956909_1435018476789109_1528725853_n_1435018460122444.png,consignatio/vault/v1/moved/court/fb/recover'/Facebook-potentiallycursed85-2025-08-18/your_facebook_activity/messages/stickers_used/10956909_1435018476789109_1528725853_n_1435018460122444.png,23889,6ad83fbc0d6c8a5f1ff10e95134d4fc06a608192,png,moved/court/fb/recover'/Facebook-potentiallycursed85-2025-08-18/your_facebook_activity/messages/stickers_used,7.903,f,confirmed unreadable: extension names a marker format but the head is random bytes,"head 4 KiB read (b2 ranged GET) -> no format marker, not text, entropy 7.903; twin search by same file name + same size: 1 other hash(es) probed, 0 intact, 1 not readable in B2; other-size copies of the name in the catalog: 0 (find_other_version would propose these for review; none is a same-size twin); no repair engine exists for this type"
B_unreadable_no_twin,moved/court/fb/recover'/Facebook-potentiallycursed85-2025-08-18/your_facebook_activity/messages/stickers_used/13409332_302618786736377_1219325786_n_302618783403044.png,consignatio/vault/v1/moved/court/fb/recover'/Facebook-potentiallycursed85-2025-08-18/your_facebook_activity/messages/stickers_used/13409332_302618786736377_1219325786_n_302618783403044.png,46862,eb558bd0335e5fe6b306e92eca31193f4bf45eaf,png,moved/court/fb/recover'/Facebook-potentiallycursed85-2025-08-18/your_facebook_activity/messages/stickers_used,7.892,f,confirmed unreadable: extension names a marker format but the head is random bytes,"head 4 KiB read (b2 ranged GET) -> no format marker, not text, entropy 7.892; twin search by same file name + same size: 1 other hash(es) probed, 0 intact, 1 not readable in B2; other-size copies of the name in the catalog: 0 (find_other_version would propose these for review; none is a same-size twin); no repair engine exists for this type"
B_unreadable_no_twin,moved/court/fb/recover'/Facebook-potentiallycursed85-2025-08-18/your_facebook_activity/messages/stickers_used/39178562_1505197616293642_5411344281094848512_n_369239263222822.png,consignatio/vault/v1/moved/court/fb/recover'/Facebook-potentiallycursed85-2025-08-18/your_facebook_activity/messages/stickers_used/39178562_1505197616293642_5411344281094848512_n_369239263222822.png,5428,76fa5365a16172d46b00559763784e1ca5f5bd10,png,moved/court/fb/recover'/Facebook-potentiallycursed85-2025-08-18/your_facebook_activity/messages/stickers_used,7.922,f,confirmed unreadable: extension names a marker format but the head is random bytes,"head 4 KiB read (b2 ranged GET) -> no format marker, not text, entropy 7.922; twin search by same file name + same size: 1 other hash(es) probed, 0 intact, 1 not readable in B2; other-size copies of the name in the catalog: 0 (find_other_version would propose these for review; none is a same-size twin); no repair engine exists for this type"
B_unreadable_no_twin,moved/court/fb/recover'/Facebook-potentiallycursed85-2025-08-18/your_facebook_activity/messages/stickers_used/452605718_37832246551886265_1288055564727353728_n_36619595716484694.png,consignatio/vault/v1/moved/court/fb/recover'/Facebook-potentiallycursed85-2025-08-18/your_facebook_activity/messages/stickers_used/452605718_37832246551886265_1288055564727353728_n_36619595716484694.png,57793,d1e544f224b37ea06c989e8a326d0473848b0153,png,moved/court/fb/recover'/Facebook-potentiallycursed85-2025-08-18/your_facebook_activity/messages/stickers_used,7.942,f,confirmed unreadable: extension names a marker format but the head is random bytes,"head 4 KiB read (b2 ranged GET) -> no format marker, not text, entropy 7.942; twin search by same file name + same size: 1 other hash(es) probed, 0 intact, 1 not readable in B2; other-size copies of the name in the catalog: 0 (find_other_version would propose these for review; none is a same-size twin); no repair engine exists for this type"
B_unreadable_no_twin,moved/court/fb/recover'/Facebook-potentiallycursed85-2025-08-18/your_facebook_activity/messages/stickers_used/47177151_634556356942025_8071933584455237632_n_568826706848324.png,consignatio/vault/v1/moved/court/fb/recover'/Facebook-potentiallycursed85-2025-08-18/your_facebook_activity/messages/stickers_used/47177151_634556356942025_8071933584455237632_n_568826706848324.png,15907,72213cbb36ab11a5c1c9a31aafd8d222ef242ba9,png,moved/court/fb/recover'/Facebook-potentiallycursed85-2025-08-18/your_facebook_activity/messages/stickers_used,7.894,f,confirmed unreadable: extension names a marker format but the head is random bytes,"head 4 KiB read (b2 ranged GET) -> no format marker, not text, entropy 7.894; twin search by same file name + same size: 1 other hash(es) probed, 0 intact, 1 not readable in B2; other-size copies of the name in the catalog: 0 (find_other_version would propose these for review; none is a same-size twin); no repair engine exists for this type"
B_unreadable_no_twin,moved/court/fb/recover'/Facebook-potentiallycursed85-2025-08-18/your_facebook_activity/messages/stickers_used/851586_126361977548599_392107290_n_126361974215266.png,consignatio/vault/v1/moved/court/fb/recover'/Facebook-potentiallycursed85-2025-08-18/your_facebook_activity/messages/stickers_used/851586_126361977548599_392107290_n_126361974215266.png,114514,2a9852486dcaf2db202c92a98b781f5ad89f796e,png,moved/court/fb/recover'/Facebook-potentiallycursed85-2025-08-18/your_facebook_activity/messages/stickers_used,7.891,f,confirmed unreadable: extension names a marker format but the head is random bytes,"head 4 KiB read (b2 ranged GET) -> no format marker, not text, entropy 7.891; twin search by same file name + same size: 1 other hash(es) probed, 0 intact, 1 not readable in B2; other-size copies of the name in the catalog: 0 (find_other_version would propose these for review; none is a same-size twin); no repair engine exists for this type"
B_unreadable_no_twin,moved/court/fb/recover'/Facebook-potentiallycursed85-2025-08-18/your_facebook_activity/messages/stickers_used/851587_369239346556147_162929011_n_369239343222814.png,consignatio/vault/v1/moved/court/fb/recover'/Facebook-potentiallycursed85-2025-08-18/your_facebook_activity/messages/stickers_used/851587_369239346556147_162929011_n_369239343222814.png,5824,7eb7715e0229569a5e31277cee6020717d684f13,png,moved/court/fb/recover'/Facebook-potentiallycursed85-2025-08-18/your_facebook_activity/messages/stickers_used,7.927,f,confirmed unreadable: extension names a marker format but the head is random bytes,"head 4 KiB read (b2 ranged GET) -> no format marker, not text, entropy 7.927; twin search by same file name + same size: 1 other hash(es) probed, 0 intact, 1 not readable in B2; other-size copies of the name in the catalog: 0 (find_other_version would propose these for review; none is a same-size twin); no repair engine exists for this type"
B_unreadable_no_twin,recup_dir.96/f48583376.png,consignatio/vault/v1/recup_dir.96/f48583376.png,901120,48fa16d6f891318ae9ffe2a4871442ec49f5f7f2,png,recup_dir.96,7.953,f,confirmed unreadable: extension names a marker format but the head is random bytes,"head 4 KiB read (b2 ranged GET) -> no format marker, not text, entropy 7.953; twin search by same file name + same size: 1 other hash(es) probed, 0 intact, 0 not readable in B2; other-size copies of the name in the catalog: 1 (find_other_version would propose these for review; none is a same-size twin); no repair engine exists for this type"
B_unreadable_no_twin,recup_dir.96/f48585144.png,consignatio/vault/v1/recup_dir.96/f48585144.png,602112,5ae86dc0302c0530fd08a9fa3686ac0f031ad7ac,png,recup_dir.96,7.944,f,confirmed unreadable: extension names a marker format but the head is random bytes,"head 4 KiB read (b2 ranged GET) -> no format marker, not text, entropy 7.944; twin search by same file name + same size: 1 other hash(es) probed, 0 intact, 0 not readable in B2; other-size copies of the name in the catalog: 1 (find_other_version would propose these for review; none is a same-size twin); no repair engine exists for this type"
B_unreadable_no_twin,recup_dir.96/f48706152.png,consignatio/vault/v1/recup_dir.96/f48706152.png,724992,8a4af66fae998b784df56d88299d402055c6e90b,png,recup_dir.96,7.894,f,confirmed unreadable: extension names a marker format but the head is random bytes,"head 4 KiB read (b2 ranged GET) -> no format marker, not text, entropy 7.894; twin search by same file name + same size: 1 other hash(es) probed, 0 intact, 0 not readable in B2; other-size copies of the name in the catalog: 1 (find_other_version would propose these for review; none is a same-size twin); no repair engine exists for this type"
B_unreadable_no_twin,_backup_import/Takeout/My Activity/Gemini Apps/Framework Completeness and Curren-d69ed6e97a76b984.txt,consignatio/vault/v1/_backup_import/Takeout/My Activity/Gemini Apps/Framework Completeness and Curren-d69ed6e97a76b984.txt,26847,1bb570732cb9907db93195bc1586db1df5786fe7,txt,_backup_import/Takeout/My Activity/Gemini Apps,7.951,f,confirmed unreadable: extension names a marker format but the head is random bytes,"head 4 KiB read (b2 ranged GET) -> no format marker, not text, entropy 7.951; twin search by same file name + same size: 1 other hash(es) probed, 0 intact, 1 not readable in B2; other-size copies of the name in the catalog: 0 (find_other_version would propose these for review; none is a same-size twin); no repair engine exists for this type"
B_unreadable_no_twin,_backup_import/Takeout/My Activity/Gemini Apps/locations-921760b59a6f22d5.txt,consignatio/vault/v1/_backup_import/Takeout/My Activity/Gemini Apps/locations-921760b59a6f22d5.txt,53248,89075dfdc773ef5562bd33d8141c7350daac27c3,txt,_backup_import/Takeout/My Activity/Gemini Apps,7.95,f,confirmed unreadable: extension names a marker format but the head is random bytes,"head 4 KiB read (b2 ranged GET) -> no format marker, not text, entropy 7.95; twin search by same file name + same size: 0 other hash(es) probed, 0 intact, 0 not readable in B2; other-size copies of the name in the catalog: 0 (find_other_version would propose these for review; none is a same-size twin); no repair engine exists for this type"
B_unreadable_no_twin,_backup_import/Takeout/My Activity/Gemini Apps/timeline_chunk_2024-Q2.json.-a654b393f989af1b.txt,consignatio/vault/v1/_backup_import/Takeout/My Activity/Gemini Apps/timeline_chunk_2024-Q2.json.-a654b393f989af1b.txt,1272678,9db32c936693095ace6f5893b5f2ab4618164120,txt,_backup_import/Takeout/My Activity/Gemini Apps,7.954,f,confirmed unreadable: extension names a marker format but the head is random bytes,"head 4 KiB read (b2 ranged GET) -> no format marker, not text, entropy 7.954; twin search by same file name + same size: 0 other hash(es) probed, 0 intact, 0 not readable in B2; other-size copies of the name in the catalog: 0 (find_other_version would propose these for review; none is a same-size twin); no repair engine exists for this type"
B_unreadable_no_twin,_backup_import/Takeout/My Activity/Gemini Apps/timeline_locations-7be42bf67c285d6d.txt,consignatio/vault/v1/_backup_import/Takeout/My Activity/Gemini Apps/timeline_locations-7be42bf67c285d6d.txt,14381089,fc57ab0e7e24894a2b64275d44fa411f4485fe94,txt,_backup_import/Takeout/My Activity/Gemini Apps,7.888,f,confirmed unreadable: extension names a marker format but the head is random bytes,"head 4 KiB read (b2 ranged GET) -> no format marker, not text, entropy 7.888; twin search by same file name + same size: 1 other hash(es) probed, 0 intact, 1 not readable in B2; other-size copies of the name in the catalog: 0 (find_other_version would propose these for review; none is a same-size twin); no repair engine exists for this type"
B_unreadable_no_twin,_backup_import/Takeout/My Activity/Gemini Apps/Understanding Complex Manipulatio-11a88373c1a43ff9.txt,consignatio/vault/v1/_backup_import/Takeout/My Activity/Gemini Apps/Understanding Complex Manipulatio-11a88373c1a43ff9.txt,111520,52b86fd21b05d304223a330ab68799d3dc7984d9,txt,_backup_import/Takeout/My Activity/Gemini Apps,7.957,f,confirmed unreadable: extension names a marker format but the head is random bytes,"head 4 KiB read (b2 ranged GET) -> no format marker, not text, entropy 7.957; twin search by same file name + same size: 1 other hash(es) probed, 0 intact, 1 not readable in B2; other-size copies of the name in the catalog: 0 (find_other_version would propose these for review; none is a same-size twin); no repair engine exists for this type"
B_unreadable_no_twin,Online (2019_08_12 08_00_08 UTC).txt,consignatio/vault/v1/Online (2019_08_12 08_00_08 UTC).txt,81105,642a75efb4789b5c8a563a8259c54e9dd30f1580,txt,Online (2019_08_12 08_00_08 UTC).txt,7.927,f,confirmed unreadable: extension names a marker format but the head is random bytes,"head 4 KiB read (b2 ranged GET) -> no format marker, not text, entropy 7.927; twin search by same file name + same size: 0 other hash(es) probed, 0 intact, 0 not readable in B2; other-size copies of the name in the catalog: 0 (find_other_version would propose these for review; none is a same-size twin); no repair engine exists for this type"
B_unreadable_no_twin,moved/court/fb/recover'/Facebook-potentiallycursed85-2025-08-18/your_facebook_activity/messages/stickers_used/439872564_7374986602556125_1565945958963349447_n_1668718690630124.webp,consignatio/vault/v1/moved/court/fb/recover'/Facebook-potentiallycursed85-2025-08-18/your_facebook_activity/messages/stickers_used/439872564_7374986602556125_1565945958963349447_n_1668718690630124.webp,29622,831a5a1ba3a6491e07e03cd1d4aec0134e577f3a,webp,moved/court/fb/recover'/Facebook-potentiallycursed85-2025-08-18/your_facebook_activity/messages/stickers_used,7.904,f,confirmed unreadable: extension names a marker format but the head is random bytes,"head 4 KiB read (b2 ranged GET) -> no format marker, not text, entropy 7.904; twin search by same file name + same size: 1 other hash(es) probed, 0 intact, 1 not readable in B2; other-size copies of the name in the catalog: 0 (find_other_version would propose these for review; none is a same-size twin); no repair engine exists for this type"
B_unreadable_no_twin,moved/court/fb/recover'/Facebook-potentiallycursed85-2025-08-18/your_facebook_activity/messages/stickers_used/439872564_7374986602556125_1565945958963349447_n_1863768417454434.webp,consignatio/vault/v1/moved/court/fb/recover'/Facebook-potentiallycursed85-2025-08-18/your_facebook_activity/messages/stickers_used/439872564_7374986602556125_1565945958963349447_n_1863768417454434.webp,29622,6b36c50937f75a4f57ddd54d1a41905f75c2a48f,webp,moved/court/fb/recover'/Facebook-potentiallycursed85-2025-08-18/your_facebook_activity/messages/stickers_used,7.914,f,confirmed unreadable: extension names a marker format but the head is random bytes,"head 4 KiB read (b2 ranged GET) -> no format marker, not text, entropy 7.914; twin search by same file name + same size: 0 other hash(es) probed, 0 intact, 0 not readable in B2; other-size copies of the name in the catalog: 0 (find_other_version would propose these for review; none is a same-size twin); no repair engine exists for this type"
B_unreadable_no_twin,moved/court/fb/recover'/Facebook-potentiallycursed85-2025-08-18/your_facebook_activity/messages/stickers_used/439872564_7374986602556125_1565945958963349447_n_2402376836626771.webp,consignatio/vault/v1/moved/court/fb/recover'/Facebook-potentiallycursed85-2025-08-18/your_facebook_activity/messages/stickers_used/439872564_7374986602556125_1565945958963349447_n_2402376836626771.webp,29622,febb22ec92b4faec151f8614c417fa8f3a7108e6,webp,moved/court/fb/recover'/Facebook-potentiallycursed85-2025-08-18/your_facebook_activity/messages/stickers_used,7.91,f,confirmed unreadable: extension names a marker format but the head is random bytes,"head 4 KiB read (b2 ranged GET) -> no format marker, not text, entropy 7.91; twin search by same file name + same size: 0 other hash(es) probed, 0 intact, 0 not readable in B2; other-size copies of the name in the catalog: 0 (find_other_version would propose these for review; none is a same-size twin); no repair engine exists for this type"
B_unreadable_no_twin,moved/court/fb/recover'/Facebook-potentiallycursed85-2025-08-18/your_facebook_activity/messages/stickers_used/439872564_7374986602556125_1565945958963349447_n_7374986599222792.webp,consignatio/vault/v1/moved/court/fb/recover'/Facebook-potentiallycursed85-2025-08-18/your_facebook_activity/messages/stickers_used/439872564_7374986602556125_1565945958963349447_n_7374986599222792.webp,29622,92f77f1645c5cd5ee6cf866827117b933a8ad618,webp,moved/court/fb/recover'/Facebook-potentiallycursed85-2025-08-18/your_facebook_activity/messages/stickers_used,7.906,f,confirmed unreadable: extension names a marker format but the head is random bytes,"head 4 KiB read (b2 ranged GET) -> no format marker, not text, entropy 7.906; twin search by same file name + same size: 0 other hash(es) probed, 0 intact, 0 not readable in B2; other-size copies of the name in the catalog: 0 (find_other_version would propose these for review; none is a same-size twin); no repair engine exists for this type"
B_unreadable_no_twin,moved/court/fb/recover'/Facebook-potentiallycursed85-2025-08-18/your_facebook_activity/messages/stickers_used/439872564_7374986602556125_1565945958963349447_n_791963759777574.webp,consignatio/vault/v1/moved/court/fb/recover'/Facebook-potentiallycursed85-2025-08-18/your_facebook_activity/messages/stickers_used/439872564_7374986602556125_1565945958963349447_n_791963759777574.webp,29622,de224618608ed1351c98abe2af39f5bae00b4072,webp,moved/court/fb/recover'/Facebook-potentiallycursed85-2025-08-18/your_facebook_activity/messages/stickers_used,7.929,f,confirmed unreadable: extension names a marker format but the head is random bytes,"head 4 KiB read (b2 ranged GET) -> no format marker, not text, entropy 7.929; twin search by same file name + same size: 0 other hash(es) probed, 0 intact, 0 not readable in B2; other-size copies of the name in the catalog: 0 (find_other_version would propose these for review; none is a same-size twin); no repair engine exists for this type"
B_unreadable_no_twin,moved/court/fb/recover'/Facebook-potentiallycursed85-2025-08-18/your_facebook_activity/messages/stickers_used/439872564_7374986602556125_1565945958963349447_n_793653979424000.webp,consignatio/vault/v1/moved/court/fb/recover'/Facebook-potentiallycursed85-2025-08-18/your_facebook_activity/messages/stickers_used/439872564_7374986602556125_1565945958963349447_n_793653979424000.webp,29622,ccb039f2a36699baa647d90e78498cd0a11db1fa,webp,moved/court/fb/recover'/Facebook-potentiallycursed85-2025-08-18/your_facebook_activity/messages/stickers_used,7.921,f,confirmed unreadable: extension names a marker format but the head is random bytes,"head 4 KiB read (b2 ranged GET) -> no format marker, not text, entropy 7.921; twin search by same file name + same size: 0 other hash(es) probed, 0 intact, 0 not readable in B2; other-size copies of the name in the catalog: 0 (find_other_version would propose these for review; none is a same-size twin); no repair engine exists for this type"
B_unreadable_no_twin,moved/court/fb/recover'/Facebook-potentiallycursed85-2025-08-18/your_facebook_activity/messages/stickers_used/439872564_7374986602556125_1565945958963349447_n_7951934111584541.webp,consignatio/vault/v1/moved/court/fb/recover'/Facebook-potentiallycursed85-2025-08-18/your_facebook_activity/messages/stickers_used/439872564_7374986602556125_1565945958963349447_n_7951934111584541.webp,29622,d71c417541f8678db91d74b70e234c315780c0f3,webp,moved/court/fb/recover'/Facebook-potentiallycursed85-2025-08-18/your_facebook_activity/messages/stickers_used,7.914,f,confirmed unreadable: extension names a marker format but the head is random bytes,"head 4 KiB read (b2 ranged GET) -> no format marker, not text, entropy 7.914; twin search by same file name + same size: 0 other hash(es) probed, 0 intact, 0 not readable in B2; other-size copies of the name in the catalog: 0 (find_other_version would propose these for review; none is a same-size twin); no repair engine exists for this type"
B_unreadable_no_twin,moved/court/fb/recover'/Facebook-potentiallycursed85-2025-08-18/your_facebook_activity/messages/stickers_used/456744548_1039627034228167_1378743833718372156_n_1039627030894834.webp,consignatio/vault/v1/moved/court/fb/recover'/Facebook-potentiallycursed85-2025-08-18/your_facebook_activity/messages/stickers_used/456744548_1039627034228167_1378743833718372156_n_1039627030894834.webp,32532,70e26cedb414eb356f8cc171a2594c02f0727e5c,webp,moved/court/fb/recover'/Facebook-potentiallycursed85-2025-08-18/your_facebook_activity/messages/stickers_used,7.914,f,confirmed unreadable: extension names a marker format but the head is random bytes,"head 4 KiB read (b2 ranged GET) -> no format marker, not text, entropy 7.914; twin search by same file name + same size: 1 other hash(es) probed, 0 intact, 1 not readable in B2; other-size copies of the name in the catalog: 0 (find_other_version would propose these for review; none is a same-size twin); no repair engine exists for this type"
B_unreadable_no_twin,moved/court/fb/recover'/Facebook-potentiallycursed85-2025-08-18/your_facebook_activity/messages/stickers_used/456744548_1039627034228167_1378743833718372156_n_1794193178022210.webp,consignatio/vault/v1/moved/court/fb/recover'/Facebook-potentiallycursed85-2025-08-18/your_facebook_activity/messages/stickers_used/456744548_1039627034228167_1378743833718372156_n_1794193178022210.webp,32532,520fa955eb3f51904842437fbeabd177eb110902,webp,moved/court/fb/recover'/Facebook-potentiallycursed85-2025-08-18/your_facebook_activity/messages/stickers_used,7.916,f,confirmed unreadable: extension names a marker format but the head is random bytes,"head 4 KiB read (b2 ranged GET) -> no format marker, not text, entropy 7.916; twin search by same file name + same size: 0 other hash(es) probed, 0 intact, 0 not readable in B2; other-size copies of the name in the catalog: 0 (find_other_version would propose these for review; none is a same-size twin); no repair engine exists for this type"
B_unreadable_no_twin,moved/court/fb/recover'/Facebook-potentiallycursed85-2025-08-18/your_facebook_activity/messages/stickers_used/456744548_1039627034228167_1378743833718372156_n_451886967924591.webp,consignatio/vault/v1/moved/court/fb/recover'/Facebook-potentiallycursed85-2025-08-18/your_facebook_activity/messages/stickers_used/456744548_1039627034228167_1378743833718372156_n_451886967924591.webp,32532,a60e11ee3758a3861517a4c438c3ec264359db68,webp,moved/court/fb/recover'/Facebook-potentiallycursed85-2025-08-18/your_facebook_activity/messages/stickers_used,7.907,f,confirmed unreadable: extension names a marker format but the head is random bytes,"head 4 KiB read (b2 ranged GET) -> no format marker, not text, entropy 7.907; twin search by same file name + same size: 0 other hash(es) probed, 0 intact, 0 not readable in B2; other-size copies of the name in the catalog: 0 (find_other_version would propose these for review; none is a same-size twin); no repair engine exists for this type"
B_unreadable_no_twin,moved/court/fb/recover'/Facebook-potentiallycursed85-2025-08-18/your_facebook_activity/messages/stickers_used/456744548_1039627034228167_1378743833718372156_n_542982565150989.webp,consignatio/vault/v1/moved/court/fb/recover'/Facebook-potentiallycursed85-2025-08-18/your_facebook_activity/messages/stickers_used/456744548_1039627034228167_1378743833718372156_n_542982565150989.webp,32532,cbb8f8adb839f9c3c054d6abeb0e6164ca8af403,webp,moved/court/fb/recover'/Facebook-potentiallycursed85-2025-08-18/your_facebook_activity/messages/stickers_used,7.921,f,confirmed unreadable: extension names a marker format but the head is random bytes,"head 4 KiB read (b2 ranged GET) -> no format marker, not text, entropy 7.921; twin search by same file name + same size: 0 other hash(es) probed, 0 intact, 0 not readable in B2; other-size copies of the name in the catalog: 0 (find_other_version would propose these for review; none is a same-size twin); no repair engine exists for this type"
B_unreadable_no_twin,moved/court/fb/recover'/Facebook-potentiallycursed85-2025-08-18/your_facebook_activity/messages/stickers_used/456744548_1039627034228167_1378743833718372156_n_886103880241619.webp,consignatio/vault/v1/moved/court/fb/recover'/Facebook-potentiallycursed85-2025-08-18/your_facebook_activity/messages/stickers_used/456744548_1039627034228167_1378743833718372156_n_886103880241619.webp,32532,28d2a250d4bee7755d3a00a6783adb7f022525bd,webp,moved/court/fb/recover'/Facebook-potentiallycursed85-2025-08-18/your_facebook_activity/messages/stickers_used,7.909,f,confirmed unreadable: extension names a marker format but the head is random bytes,"head 4 KiB read (b2 ranged GET) -> no format marker, not text, entropy 7.909; twin search by same file name + same size: 0 other hash(es) probed, 0 intact, 0 not readable in B2; other-size copies of the name in the catalog: 0 (find_other_version would propose these for review; none is a same-size twin); no repair engine exists for this type"
B_unreadable_no_twin,moved/court/fb/recover'/Facebook-potentiallycursed85-2025-08-18/your_facebook_activity/messages/stickers_used/456744548_1039627034228167_1378743833718372156_n_914897963788075.webp,consignatio/vault/v1/moved/court/fb/recover'/Facebook-potentiallycursed85-2025-08-18/your_facebook_activity/messages/stickers_used/456744548_1039627034228167_1378743833718372156_n_914897963788075.webp,32532,817a26bf60cfaefd3b6ab3649bd314c4a877fc36,webp,moved/court/fb/recover'/Facebook-potentiallycursed85-2025-08-18/your_facebook_activity/messages/stickers_used,7.918,f,confirmed unreadable: extension names a marker format but the head is random bytes,"head 4 KiB read (b2 ranged GET) -> no format marker, not text, entropy 7.918; twin search by same file name + same size: 0 other hash(es) probed, 0 intact, 0 not readable in B2; other-size copies of the name in the catalog: 0 (find_other_version would propose these for review; none is a same-size twin); no repair engine exists for this type"
B_unreadable_no_twin,moved/court/fb/recover'/Facebook-potentiallycursed85-2025-08-18/your_facebook_activity/messages/stickers_used/480559128_9662799303833863_8070497263937336081_n_1166611641808364.webp,consignatio/vault/v1/moved/court/fb/recover'/Facebook-potentiallycursed85-2025-08-18/your_facebook_activity/messages/stickers_used/480559128_9662799303833863_8070497263937336081_n_1166611641808364.webp,10504,94668b8709a814797870143bb83d00e829f99fe2,webp,moved/court/fb/recover'/Facebook-potentiallycursed85-2025-08-18/your_facebook_activity/messages/stickers_used,7.879,f,confirmed unreadable: extension names a marker format but the head is random bytes,"head 4 KiB read (b2 ranged GET) -> no format marker, not text, entropy 7.879; twin search by same file name + same size: 1 other hash(es) probed, 0 intact, 1 not readable in B2; other-size copies of the name in the catalog: 0 (find_other_version would propose these for review; none is a same-size twin); no repair engine exists for this type"
B_unreadable_no_twin,moved/court/fb/recover'/Facebook-potentiallycursed85-2025-08-18/your_facebook_activity/messages/stickers_used/480559128_9662799303833863_8070497263937336081_n_1551710622168427.webp,consignatio/vault/v1/moved/court/fb/recover'/Facebook-potentiallycursed85-2025-08-18/your_facebook_activity/messages/stickers_used/480559128_9662799303833863_8070497263937336081_n_1551710622168427.webp,10504,23eb0ce5c21bf8ef404775f5ef034be0ea097cd9,webp,moved/court/fb/recover'/Facebook-potentiallycursed85-2025-08-18/your_facebook_activity/messages/stickers_used,7.902,f,confirmed unreadable: extension names a marker format but the head is random bytes,"head 4 KiB read (b2 ranged GET) -> no format marker, not text, entropy 7.902; twin search by same file name + same size: 0 other hash(es) probed, 0 intact, 0 not readable in B2; other-size copies of the name in the catalog: 0 (find_other_version would propose these for review; none is a same-size twin); no repair engine exists for this type"
B_unreadable_no_twin,moved/court/fb/recover'/Facebook-potentiallycursed85-2025-08-18/your_facebook_activity/messages/stickers_used/480559128_9662799303833863_8070497263937336081_n_646066871480126.webp,consignatio/vault/v1/moved/court/fb/recover'/Facebook-potentiallycursed85-2025-08-18/your_facebook_activity/messages/stickers_used/480559128_9662799303833863_8070497263937336081_n_646066871480126.webp,10504,d107295e1736568a5061d1405d3c7967753c5173,webp,moved/court/fb/recover'/Facebook-potentiallycursed85-2025-08-18/your_facebook_activity/messages/stickers_used,7.876,f,confirmed unreadable: extension names a marker format but the head is random bytes,"head 4 KiB read (b2 ranged GET) -> no format marker, not text, entropy 7.876; twin search by same file name + same size: 0 other hash(es) probed, 0 intact, 0 not readable in B2; other-size copies of the name in the catalog: 0 (find_other_version would propose these for review; none is a same-size twin); no repair engine exists for this type"
B_unreadable_no_twin,moved/court/fb/recover'/Facebook-potentiallycursed85-2025-08-18/your_facebook_activity/messages/stickers_used/488906786_1014372430619995_7323971793275354910_n_637246229080590.webp,consignatio/vault/v1/moved/court/fb/recover'/Facebook-potentiallycursed85-2025-08-18/your_facebook_activity/messages/stickers_used/488906786_1014372430619995_7323971793275354910_n_637246229080590.webp,26478,01174d1f1663a42a6a918be6a721042c48996329,webp,moved/court/fb/recover'/Facebook-potentiallycursed85-2025-08-18/your_facebook_activity/messages/stickers_used,7.893,f,confirmed unreadable: extension names a marker format but the head is random bytes,"head 4 KiB read (b2 ranged GET) -> no format marker, not text, entropy 7.893; twin search by same file name + same size: 0 other hash(es) probed, 0 intact, 0 not readable in B2; other-size copies of the name in the catalog: 0 (find_other_version would propose these for review; none is a same-size twin); no repair engine exists for this type"
B_unreadable_no_twin,moved/court/fb/recover'/Facebook-potentiallycursed85-2025-08-18/your_facebook_activity/messages/stickers_used/488906786_1014372430619995_7323971793275354910_n_684665984236884.webp,consignatio/vault/v1/moved/court/fb/recover'/Facebook-potentiallycursed85-2025-08-18/your_facebook_activity/messages/stickers_used/488906786_1014372430619995_7323971793275354910_n_684665984236884.webp,26478,67ddf43eda0eebf0ae3d00fc48b3a30b98d9b179,webp,moved/court/fb/recover'/Facebook-potentiallycursed85-2025-08-18/your_facebook_activity/messages/stickers_used,7.892,f,confirmed unreadable: extension names a marker format but the head is random bytes,"head 4 KiB read (b2 ranged GET) -> no format marker, not text, entropy 7.892; twin search by same file name + same size: 0 other hash(es) probed, 0 intact, 0 not readable in B2; other-size copies of the name in the catalog: 0 (find_other_version would propose these for review; none is a same-size twin); no repair engine exists for this type"
B_unreadable_no_twin,_backup_import/CSV/menu-cost-calculator (2019_08_12 08_00_08 UTC).xls,consignatio/vault/v1/_backup_import/CSV/menu-cost-calculator (2019_08_12 08_00_08 UTC).xls,90624,bba1032431e2c1c8d5ffc2e236a9d42395b4dfca,xls,_backup_import/CSV,7.957,f,confirmed unreadable: extension names a marker format but the head is random bytes,"head 4 KiB read (b2 ranged GET) -> no format marker, not text, entropy 7.957; twin search by same file name + same size: 0 other hash(es) probed, 0 intact, 0 not readable in B2; other-size copies of the name in the catalog: 0 (find_other_version would propose these for review; none is a same-size twin); no repair engine exists for this type"
B_unreadable_no_twin,_backup_import/CSV/cameras (2019_08_12 08_00_08 UTC)(1).xlsx,consignatio/vault/v1/_backup_import/CSV/cameras (2019_08_12 08_00_08 UTC)(1).xlsx,9938,d8ef15dd256ad1417e21e8dfef831d3cb1a520f4,xlsx,_backup_import/CSV,7.955,f,confirmed unreadable: extension names a marker format but the head is random bytes,"head 4 KiB read (b2 ranged GET) -> no format marker, not text, entropy 7.955; twin search by same file name + same size: 0 other hash(es) probed, 0 intact, 0 not readable in B2; other-size copies of the name in the catalog: 0 (find_other_version would propose these for review; none is a same-size twin); no repair engine exists for this type"
B_unreadable_no_twin,_backup_import/CSV/cameras (2019_08_12 08_00_08 UTC).xlsx,consignatio/vault/v1/_backup_import/CSV/cameras (2019_08_12 08_00_08 UTC).xlsx,9938,01c8f3d26d918ef8a741e014f7ac325b178fa521,xlsx,_backup_import/CSV,7.956,f,confirmed unreadable: extension names a marker format but the head is random bytes,"head 4 KiB read (b2 ranged GET) -> no format marker, not text, entropy 7.956; twin search by same file name + same size: 0 other hash(es) probed, 0 intact, 0 not readable in B2; other-size copies of the name in the catalog: 0 (find_other_version would propose these for review; none is a same-size twin); no repair engine exists for this type"
B_unreadable_no_twin,_backup_import/CSV/cameras.xlsx,consignatio/vault/v1/_backup_import/CSV/cameras.xlsx,9938,a8d86f2a6b5c24625406d38c273c072aa538ec13,xlsx,_backup_import/CSV,7.959,f,confirmed unreadable: extension names a marker format but the head is random bytes,"head 4 KiB read (b2 ranged GET) -> no format marker, not text, entropy 7.959; twin search by same file name + same size: 0 other hash(es) probed, 0 intact, 0 not readable in B2; other-size copies of the name in the catalog: 0 (find_other_version would propose these for review; none is a same-size twin); no repair engine exists for this type"
B_unreadable_no_twin,_backup_import/CSV/Comprehensive ratio analysis1 (Autosaved) (2019_08_12 08_00_08 UTC).xlsx,consignatio/vault/v1/_backup_import/CSV/Comprehensive ratio analysis1 (Autosaved) (2019_08_12 08_00_08 UTC).xlsx,44775,6c50cc0b2e98b8f101deb9d7ef89789c28f1d414,xlsx,_backup_import/CSV,7.956,f,confirmed unreadable: extension names a marker format but the head is random bytes,"head 4 KiB read (b2 ranged GET) -> no format marker, not text, entropy 7.956; twin search by same file name + same size: 0 other hash(es) probed, 0 intact, 0 not readable in B2; other-size copies of the name in the catalog: 0 (find_other_version would propose these for review; none is a same-size twin); no repair engine exists for this type"
B_unreadable_no_twin,_backup_import/CSV/Inventory_Summary.xlsx,consignatio/vault/v1/_backup_import/CSV/Inventory_Summary.xlsx,27579,1ad5d717896680e95e699d9e347d16d8797020b7,xlsx,_backup_import/CSV,7.961,f,confirmed unreadable: extension names a marker format but the head is random bytes,"head 4 KiB read (b2 ranged GET) -> no format marker, not text, entropy 7.961; twin search by same file name + same size: 0 other hash(es) probed, 0 intact, 0 not readable in B2; other-size copies of the name in the catalog: 0 (find_other_version would propose these for review; none is a same-size twin); no repair engine exists for this type"
B_unreadable_no_twin,_backup_import/CSV/inventory.xlsx,consignatio/vault/v1/_backup_import/CSV/inventory.xlsx,16386,634c1546154a7f78588972b7b26ef43e56b63eed,xlsx,_backup_import/CSV,7.96,f,confirmed unreadable: extension names a marker format but the head is random bytes,"head 4 KiB read (b2 ranged GET) -> no format marker, not text, entropy 7.96; twin search by same file name + same size: 0 other hash(es) probed, 0 intact, 0 not readable in B2; other-size copies of the name in the catalog: 0 (find_other_version would propose these for review; none is a same-size twin); no repair engine exists for this type"
B_unreadable_no_twin,_backup_import/CSV/License (2019_08_12 08_00_08 UTC)(1).xlsx,consignatio/vault/v1/_backup_import/CSV/License (2019_08_12 08_00_08 UTC)(1).xlsx,9665,de3e18686ceec63cf9c7f1110c0af8520ef3674f,xlsx,_backup_import/CSV,7.957,f,confirmed unreadable: extension names a marker format but the head is random bytes,"head 4 KiB read (b2 ranged GET) -> no format marker, not text, entropy 7.957; twin search by same file name + same size: 0 other hash(es) probed, 0 intact, 0 not readable in B2; other-size copies of the name in the catalog: 0 (find_other_version would propose these for review; none is a same-size twin); no repair engine exists for this type"
B_unreadable_no_twin,_backup_import/CSV/License (2019_08_12 08_00_08 UTC).xlsx,consignatio/vault/v1/_backup_import/CSV/License (2019_08_12 08_00_08 UTC).xlsx,9665,e8fa505b9a89da9b5cb1928666df2c94db9572a2,xlsx,_backup_import/CSV,7.955,f,confirmed unreadable: extension names a marker format but the head is random bytes,"head 4 KiB read (b2 ranged GET) -> no format marker, not text, entropy 7.955; twin search by same file name + same size: 0 other hash(es) probed, 0 intact, 0 not readable in B2; other-size copies of the name in the catalog: 0 (find_other_version would propose these for review; none is a same-size twin); no repair engine exists for this type"
B_unreadable_no_twin,_backup_import/CSV/License.xlsx,consignatio/vault/v1/_backup_import/CSV/License.xlsx,9665,1ba2518b9988810ba8a93f59f4935e48abbee136,xlsx,_backup_import/CSV,7.957,f,confirmed unreadable: extension names a marker format but the head is random bytes,"head 4 KiB read (b2 ranged GET) -> no format marker, not text, entropy 7.957; twin search by same file name + same size: 0 other hash(es) probed, 0 intact, 0 not readable in B2; other-size copies of the name in the catalog: 0 (find_other_version would propose these for review; none is a same-size twin); no repair engine exists for this type"
B_unreadable_no_twin,_backup_import/CSV/Mcfee.xlsx,consignatio/vault/v1/_backup_import/CSV/Mcfee.xlsx,72360,b6e7710c58517fccfe50b78d7aa5bcc9447b5f06,xlsx,_backup_import/CSV,7.951,f,confirmed unreadable: extension names a marker format but the head is random bytes,"head 4 KiB read (b2 ranged GET) -> no format marker, not text, entropy 7.951; twin search by same file name + same size: 0 other hash(es) probed, 0 intact, 0 not readable in B2; other-size copies of the name in the catalog: 0 (find_other_version would propose these for review; none is a same-size twin); no repair engine exists for this type"
B_unreadable_no_twin,_backup_import/CSV/phone list.xlsx,consignatio/vault/v1/_backup_import/CSV/phone list.xlsx,11808,d0debd43b3ea3a41863372eeb018bc45739b3f6a,xlsx,_backup_import/CSV,7.955,f,confirmed unreadable: extension names a marker format but the head is random bytes,"head 4 KiB read (b2 ranged GET) -> no format marker, not text, entropy 7.955; twin search by same file name + same size: 0 other hash(es) probed, 0 intact, 0 not readable in B2; other-size copies of the name in the catalog: 0 (find_other_version would propose these for review; none is a same-size twin); no repair engine exists for this type"
B_unreadable_no_twin,99_Archive/Documents/takeout-20250525T135649Z-001.zip,consignatio/vault/v1/99_Archive/Documents/takeout-20250525T135649Z-001.zip,409397,9b6225047a73c0fd9bcbf08d5e54ec3730db975d,zip,99_Archive/Documents,7.946,f,confirmed unreadable: extension names a marker format but the head is random bytes,"head 4 KiB read (b2 ranged GET) -> no format marker, not text, entropy 7.946; twin search by same file name + same size: 2 other hash(es) probed, 0 intact, 1 not readable in B2; other-size copies of the name in the catalog: 0 (find_other_version would propose these for review; none is a same-size twin); no repair engine exists for this type"
B_unreadable_no_twin,_backup_import/Takeout/My Activity/Gemini Apps/Repo-e2ea0fa8d6cc8f32.zip,consignatio/vault/v1/_backup_import/Takeout/My Activity/Gemini Apps/Repo-e2ea0fa8d6cc8f32.zip,30465538,051539f29d529fbc4d143a3bce31975ed29eb39d,zip,_backup_import/Takeout/My Activity/Gemini Apps,7.953,f,confirmed unreadable: extension names a marker format but the head is random bytes,"head 4 KiB read (b2 ranged GET) -> no format marker, not text, entropy 7.953; twin search by same file name + same size: 1 other hash(es) probed, 0 intact, 1 not readable in B2; other-size copies of the name in the catalog: 0 (find_other_version would propose these for review; none is a same-size twin); no repair engine exists for this type"
B_unreadable_no_twin,takeout-20250314T211515Z-001.zip,consignatio/vault/v1/takeout-20250314T211515Z-001.zip,27883804,030b3b9254fba07f3455eec7e1a9fe05cb1106da,zip,takeout-20250314T211515Z-001.zip,7.883,f,confirmed unreadable: extension names a marker format but the head is random bytes,"head 4 KiB read (b2 ranged GET) -> no format marker, not text, entropy 7.883; twin search by same file name + same size: 2 other hash(es) probed, 0 intact, 1 not readable in B2; other-size copies of the name in the catalog: 0 (find_other_version would propose these for review; none is a same-size twin); no repair engine exists for this type"
B_unreadable_no_twin,takeout-20250525T135649Z-001.zip,consignatio/vault/v1/takeout-20250525T135649Z-001.zip,409397,dd636a2b7c4de9b0cde04a4f4a5cf12479ec4030,zip,takeout-20250525T135649Z-001.zip,7.947,f,confirmed unreadable: extension names a marker format but the head is random bytes,"head 4 KiB read (b2 ranged GET) -> no format marker, not text, entropy 7.947; twin search by same file name + same size: 2 other hash(es) probed, 0 intact, 1 not readable in B2; other-size copies of the name in the catalog: 0 (find_other_version would propose these for review; none is a same-size twin); no repair engine exists for this type"
B_unreadable_no_twin,WhatsApp Chat - Katrina Kinzel.zip,consignatio/vault/v1/WhatsApp Chat - Katrina Kinzel.zip,2389,4f0042aa7b5c2d6d674b502588cfdd2759286f45,zip,WhatsApp Chat - Katrina Kinzel.zip,7.917,f,confirmed unreadable: extension names a marker format but the head is random bytes,"head 4 KiB read (b2 ranged GET) -> no format marker, not text, entropy 7.917; twin search by same file name + same size: 2 other hash(es) probed, 0 intact, 1 not readable in B2; other-size copies of the name in the catalog: 1 (find_other_version would propose these for review; none is a same-size twin); no repair engine exists for this type"
C_suspect,_backup_import/Takeout/My Activity/Gemini Apps/README_20250711192548-f9760a41fb9b3933,consignatio/vault/v1/_backup_import/Takeout/My Activity/Gemini Apps/README_20250711192548-f9760a41fb9b3933,9819,088aac0812312f12f5eda720e82640af3cfe0f77,,_backup_import/Takeout/My Activity/Gemini Apps,7.955,f,"SUSPECT: extension is not a marker format (signature, keystore, unknown); random-looking head may be legitimate; kept OUT of the quarantine set","head 4 KiB read (b2 ranged GET) -> no format marker, not text, entropy 7.955; twin search by same file name + same size: 0 other hash(es) probed, 0 intact, 0 not readable in B2; other-size copies of the name in the catalog: 0 (find_other_version would propose these for review; none is a same-size twin); no repair engine exists for this type"
C_suspect,4tb/icloud/Drafts/Backups/Action Groups/2024-04-22-18-13-13/Basic.draftsActionGroup,consignatio/vault/v1/4tb/icloud/Drafts/Backups/Action Groups/2024-04-22-18-13-13/Basic.draftsActionGroup,7402,88b707a6dedff65ecb8b45ef5c09bfd726f275b5,draftsactiongroup,4tb/icloud/Drafts/Backups/Action Groups/2024-04-22-18-13-13,7.941,f,"SUSPECT: extension is not a marker format (signature, keystore, unknown); random-looking head may be legitimate; kept OUT of the quarantine set","head 4 KiB read (b2 ranged GET) -> no format marker, not text, entropy 7.941; twin search by same file name + same size: 2 other hash(es) probed, 0 intact, 0 not readable in B2; other-size copies of the name in the catalog: 6 (find_other_version would propose these for review; none is a same-size twin); no repair engine exists for this type"
C_suspect,4tb/icloud/Drafts/Backups/Action Groups/2024-04-22-18-13-13/Editing.draftsActionGroup,consignatio/vault/v1/4tb/icloud/Drafts/Backups/Action Groups/2024-04-22-18-13-13/Editing.draftsActionGroup,7884,53bf73e4e799abca263fc5099a29b2ee8d530205,draftsactiongroup,4tb/icloud/Drafts/Backups/Action Groups/2024-04-22-18-13-13,7.945,f,"SUSPECT: extension is not a marker format (signature, keystore, unknown); random-looking head may be legitimate; kept OUT of the quarantine set","head 4 KiB read (b2 ranged GET) -> no format marker, not text, entropy 7.945; twin search by same file name + same size: 2 other hash(es) probed, 0 intact, 0 not readable in B2; other-size copies of the name in the catalog: 6 (find_other_version would propose these for review; none is a same-size twin); no repair engine exists for this type"
C_suspect,4tb/icloud/Drafts/Backups/Action Groups/2024-04-22-18-13-13/Markdown.draftsActionGroup,consignatio/vault/v1/4tb/icloud/Drafts/Backups/Action Groups/2024-04-22-18-13-13/Markdown.draftsActionGroup,11471,cf18ad1aeadbebf4308691db0850433eb6e9975c,draftsactiongroup,4tb/icloud/Drafts/Backups/Action Groups/2024-04-22-18-13-13,7.952,f,"SUSPECT: extension is not a marker format (signature, keystore, unknown); random-looking head may be legitimate; kept OUT of the quarantine set","head 4 KiB read (b2 ranged GET) -> no format marker, not text, entropy 7.952; twin search by same file name + same size: 2 other hash(es) probed, 0 intact, 0 not readable in B2; other-size copies of the name in the catalog: 6 (find_other_version would propose these for review; none is a same-size twin); no repair engine exists for this type"
C_suspect,4tb/icloud/Drafts/Backups/Action Groups/2024-04-22-18-13-13/Processing.draftsActionGroup,consignatio/vault/v1/4tb/icloud/Drafts/Backups/Action Groups/2024-04-22-18-13-13/Processing.draftsActionGroup,10503,7966837b37c4834a73f09c59b430a647aadd2e47,draftsactiongroup,4tb/icloud/Drafts/Backups/Action Groups/2024-04-22-18-13-13,7.955,f,"SUSPECT: extension is not a marker format (signature, keystore, unknown); random-looking head may be legitimate; kept OUT of the quarantine set","head 4 KiB read (b2 ranged GET) -> no format marker, not text, entropy 7.955; twin search by same file name + same size: 2 other hash(es) probed, 0 intact, 0 not readable in B2; other-size copies of the name in the catalog: 6 (find_other_version would propose these for review; none is a same-size twin); no repair engine exists for this type"
C_suspect,4tb/icloud/Drafts/Backups/Action Groups/2024-09-01-09-07-29/Basic.draftsActionGroup,consignatio/vault/v1/4tb/icloud/Drafts/Backups/Action Groups/2024-09-01-09-07-29/Basic.draftsActionGroup,7410,a0a49719ba5eb4c0ae70f7f5481bcfbb2e52fc2d,draftsactiongroup,4tb/icloud/Drafts/Backups/Action Groups/2024-09-01-09-07-29,7.949,f,"SUSPECT: extension is not a marker format (signature, keystore, unknown); random-looking head may be legitimate; kept OUT of the quarantine set","head 4 KiB read (b2 ranged GET) -> no format marker, not text, entropy 7.949; twin search by same file name + same size: 2 other hash(es) probed, 0 intact, 0 not readable in B2; other-size copies of the name in the catalog: 6 (find_other_version would propose these for review; none is a same-size twin); no repair engine exists for this type"
C_suspect,4tb/icloud/Drafts/Backups/Action Groups/2024-09-01-09-07-29/Editing.draftsActionGroup,consignatio/vault/v1/4tb/icloud/Drafts/Backups/Action Groups/2024-09-01-09-07-29/Editing.draftsActionGroup,7864,9f2d8392d860c8d3d7b03e0bcca5d565be5ccb16,draftsactiongroup,4tb/icloud/Drafts/Backups/Action Groups/2024-09-01-09-07-29,7.95,f,"SUSPECT: extension is not a marker format (signature, keystore, unknown); random-looking head may be legitimate; kept OUT of the quarantine set","head 4 KiB read (b2 ranged GET) -> no format marker, not text, entropy 7.95; twin search by same file name + same size: 2 other hash(es) probed, 0 intact, 0 not readable in B2; other-size copies of the name in the catalog: 6 (find_other_version would propose these for review; none is a same-size twin); no repair engine exists for this type"
C_suspect,4tb/icloud/Drafts/Backups/Action Groups/2024-09-01-09-07-29/Markdown.draftsActionGroup,consignatio/vault/v1/4tb/icloud/Drafts/Backups/Action Groups/2024-09-01-09-07-29/Markdown.draftsActionGroup,11474,ab5fa690045051aa1dc98e755cba531660f4c62d,draftsactiongroup,4tb/icloud/Drafts/Backups/Action Groups/2024-09-01-09-07-29,7.952,f,"SUSPECT: extension is not a marker format (signature, keystore, unknown); random-looking head may be legitimate; kept OUT of the quarantine set","head 4 KiB read (b2 ranged GET) -> no format marker, not text, entropy 7.952; twin search by same file name + same size: 2 other hash(es) probed, 0 intact, 0 not readable in B2; other-size copies of the name in the catalog: 6 (find_other_version would propose these for review; none is a same-size twin); no repair engine exists for this type"
C_suspect,4tb/icloud/Drafts/Backups/Action Groups/2025-04-22-00-28-33/Basic.draftsActionGroup,consignatio/vault/v1/4tb/icloud/Drafts/Backups/Action Groups/2025-04-22-00-28-33/Basic.draftsActionGroup,7439,3c461b2835ec36802862c8e075103f51a08327e3,draftsactiongroup,4tb/icloud/Drafts/Backups/Action Groups/2025-04-22-00-28-33,7.951,f,"SUSPECT: extension is not a marker format (signature, keystore, unknown); random-looking head may be legitimate; kept OUT of the quarantine set","head 4 KiB read (b2 ranged GET) -> no format marker, not text, entropy 7.951; twin search by same file name + same size: 2 other hash(es) probed, 0 intact, 0 not readable in B2; other-size copies of the name in the catalog: 6 (find_other_version would propose these for review; none is a same-size twin); no repair engine exists for this type"
C_suspect,4tb/icloud/Drafts/Backups/Action Groups/2025-04-22-00-28-33/Editing.draftsActionGroup,consignatio/vault/v1/4tb/icloud/Drafts/Backups/Action Groups/2025-04-22-00-28-33/Editing.draftsActionGroup,7892,62a83a933b6a0f855d1e045d393878006004a9f8,draftsactiongroup,4tb/icloud/Drafts/Backups/Action Groups/2025-04-22-00-28-33,7.951,f,"SUSPECT: extension is not a marker format (signature, keystore, unknown); random-looking head may be legitimate; kept OUT of the quarantine set","head 4 KiB read (b2 ranged GET) -> no format marker, not text, entropy 7.951; twin search by same file name + same size: 2 other hash(es) probed, 0 intact, 0 not readable in B2; other-size copies of the name in the catalog: 6 (find_other_version would propose these for review; none is a same-size twin); no repair engine exists for this type"
C_suspect,4tb/icloud/Drafts/Backups/Action Groups/2025-04-22-00-28-33/Markdown.draftsActionGroup,consignatio/vault/v1/4tb/icloud/Drafts/Backups/Action Groups/2025-04-22-00-28-33/Markdown.draftsActionGroup,11452,dfa0222453e56c41bd74d3e1024d52b65fd0d24a,draftsactiongroup,4tb/icloud/Drafts/Backups/Action Groups/2025-04-22-00-28-33,7.95,f,"SUSPECT: extension is not a marker format (signature, keystore, unknown); random-looking head may be legitimate; kept OUT of the quarantine set","head 4 KiB read (b2 ranged GET) -> no format marker, not text, entropy 7.95; twin search by same file name + same size: 2 other hash(es) probed, 0 intact, 0 not readable in B2; other-size copies of the name in the catalog: 6 (find_other_version would propose these for review; none is a same-size twin); no repair engine exists for this type"
C_suspect,4tb/icloud/Drafts/Backups/Action Groups/2025-04-22-00-28-33/Processing.draftsActionGroup,consignatio/vault/v1/4tb/icloud/Drafts/Backups/Action Groups/2025-04-22-00-28-33/Processing.draftsActionGroup,10536,8ece5c5f5aa18182e1eeb03ed1d3071eea18ed32,draftsactiongroup,4tb/icloud/Drafts/Backups/Action Groups/2025-04-22-00-28-33,7.935,f,"SUSPECT: extension is not a marker format (signature, keystore, unknown); random-looking head may be legitimate; kept OUT of the quarantine set","head 4 KiB read (b2 ranged GET) -> no format marker, not text, entropy 7.935; twin search by same file name + same size: 2 other hash(es) probed, 0 intact, 0 not readable in B2; other-size copies of the name in the catalog: 6 (find_other_version would propose these for review; none is a same-size twin); no repair engine exists for this type"
C_suspect,Documents/Drafts/Backups/Action Groups/2024-04-22-18-13-13/Markdown.draftsActionGroup,consignatio/vault/v1/Documents/Drafts/Backups/Action Groups/2024-04-22-18-13-13/Markdown.draftsActionGroup,11471,599015c02a55f7b73e18750b6841dffc5c997b26,draftsactiongroup,Documents/Drafts/Backups/Action Groups/2024-04-22-18-13-13,7.959,f,"SUSPECT: extension is not a marker format (signature, keystore, unknown); random-looking head may be legitimate; kept OUT of the quarantine set","head 4 KiB read (b2 ranged GET) -> no format marker, not text, entropy 7.959; twin search by same file name + same size: 2 other hash(es) probed, 0 intact, 0 not readable in B2; other-size copies of the name in the catalog: 6 (find_other_version would propose these for review; none is a same-size twin); no repair engine exists for this type"
C_suspect,Documents/Drafts/Backups/Action Groups/2024-04-22-18-13-13/Processing.draftsActionGroup,consignatio/vault/v1/Documents/Drafts/Backups/Action Groups/2024-04-22-18-13-13/Processing.draftsActionGroup,10503,54c7dd8e3e860cd2c3a01a556b4384b130f1e3dd,draftsactiongroup,Documents/Drafts/Backups/Action Groups/2024-04-22-18-13-13,7.91,f,"SUSPECT: extension is not a marker format (signature, keystore, unknown); random-looking head may be legitimate; kept OUT of the quarantine set","head 4 KiB read (b2 ranged GET) -> no format marker, not text, entropy 7.91; twin search by same file name + same size: 2 other hash(es) probed, 0 intact, 0 not readable in B2; other-size copies of the name in the catalog: 6 (find_other_version would propose these for review; none is a same-size twin); no repair engine exists for this type"
C_suspect,Documents/Drafts/Backups/Action Groups/2024-09-01-09-07-29/Basic.draftsActionGroup,consignatio/vault/v1/Documents/Drafts/Backups/Action Groups/2024-09-01-09-07-29/Basic.draftsActionGroup,7410,b6249c6574003e23baa4acc8bd11ffb74ca29ce4,draftsactiongroup,Documents/Drafts/Backups/Action Groups/2024-09-01-09-07-29,7.883,f,"SUSPECT: extension is not a marker format (signature, keystore, unknown); random-looking head may be legitimate; kept OUT of the quarantine set","head 4 KiB read (b2 ranged GET) -> no format marker, not text, entropy 7.883; twin search by same file name + same size: 2 other hash(es) probed, 0 intact, 0 not readable in B2; other-size copies of the name in the catalog: 6 (find_other_version would propose these for review; none is a same-size twin); no repair engine exists for this type"
C_suspect,Documents/Drafts/Backups/Action Groups/2024-09-01-09-07-29/Editing.draftsActionGroup,consignatio/vault/v1/Documents/Drafts/Backups/Action Groups/2024-09-01-09-07-29/Editing.draftsActionGroup,7864,105cf57b607d3ba3feb6740c7d6169f939c37bcb,draftsactiongroup,Documents/Drafts/Backups/Action Groups/2024-09-01-09-07-29,7.923,f,"SUSPECT: extension is not a marker format (signature, keystore, unknown); random-looking head may be legitimate; kept OUT of the quarantine set","head 4 KiB read (b2 ranged GET) -> no format marker, not text, entropy 7.923; twin search by same file name + same size: 2 other hash(es) probed, 0 intact, 0 not readable in B2; other-size copies of the name in the catalog: 6 (find_other_version would propose these for review; none is a same-size twin); no repair engine exists for this type"
C_suspect,Documents/Drafts/Backups/Action Groups/2025-04-22-00-28-33/Editing.draftsActionGroup,consignatio/vault/v1/Documents/Drafts/Backups/Action Groups/2025-04-22-00-28-33/Editing.draftsActionGroup,7892,bbfe7b97917ed2bc7b2cddd9893d55aa709f9efb,draftsactiongroup,Documents/Drafts/Backups/Action Groups/2025-04-22-00-28-33,7.875,f,"SUSPECT: extension is not a marker format (signature, keystore, unknown); random-looking head may be legitimate; kept OUT of the quarantine set","head 4 KiB read (b2 ranged GET) -> no format marker, not text, entropy 7.875; twin search by same file name + same size: 2 other hash(es) probed, 0 intact, 0 not readable in B2; other-size copies of the name in the catalog: 6 (find_other_version would propose these for review; none is a same-size twin); no repair engine exists for this type"
C_suspect,Drafts/Backups/Action Groups/2024-04-22-18-13-13/Basic.draftsActionGroup,consignatio/vault/v1/Drafts/Backups/Action Groups/2024-04-22-18-13-13/Basic.draftsActionGroup,7402,56d6dec6247a4df94432b887c7278e83395d958f,draftsactiongroup,Drafts/Backups/Action Groups/2024-04-22-18-13-13,7.956,f,"SUSPECT: extension is not a marker format (signature, keystore, unknown); random-looking head may be legitimate; kept OUT of the quarantine set","head 4 KiB read (b2 ranged GET) -> no format marker, not text, entropy 7.956; twin search by same file name + same size: 2 other hash(es) probed, 0 intact, 0 not readable in B2; other-size copies of the name in the catalog: 6 (find_other_version would propose these for review; none is a same-size twin); no repair engine exists for this type"
C_suspect,Drafts/Backups/Action Groups/2024-04-22-18-13-13/Editing.draftsActionGroup,consignatio/vault/v1/Drafts/Backups/Action Groups/2024-04-22-18-13-13/Editing.draftsActionGroup,7884,e3e452840f84997aef70c93788532812e65285f1,draftsactiongroup,Drafts/Backups/Action Groups/2024-04-22-18-13-13,7.956,f,"SUSPECT: extension is not a marker format (signature, keystore, unknown); random-looking head may be legitimate; kept OUT of the quarantine set","head 4 KiB read (b2 ranged GET) -> no format marker, not text, entropy 7.956; twin search by same file name + same size: 2 other hash(es) probed, 0 intact, 0 not readable in B2; other-size copies of the name in the catalog: 6 (find_other_version would propose these for review; none is a same-size twin); no repair engine exists for this type"
C_suspect,Drafts/Backups/Action Groups/2024-04-22-18-13-13/Markdown.draftsActionGroup,consignatio/vault/v1/Drafts/Backups/Action Groups/2024-04-22-18-13-13/Markdown.draftsActionGroup,11471,54e5ef73f59d18628a39d577ddb353b1c7658acd,draftsactiongroup,Drafts/Backups/Action Groups/2024-04-22-18-13-13,7.947,f,"SUSPECT: extension is not a marker format (signature, keystore, unknown); random-looking head may be legitimate; kept OUT of the quarantine set","head 4 KiB read (b2 ranged GET) -> no format marker, not text, entropy 7.947; twin search by same file name + same size: 2 other hash(es) probed, 0 intact, 0 not readable in B2; other-size copies of the name in the catalog: 6 (find_other_version would propose these for review; none is a same-size twin); no repair engine exists for this type"
C_suspect,Drafts/Backups/Action Groups/2024-04-22-18-13-13/Processing.draftsActionGroup,consignatio/vault/v1/Drafts/Backups/Action Groups/2024-04-22-18-13-13/Processing.draftsActionGroup,10503,e2d8599b76c5859d918b103ba4addf8b1218f149,draftsactiongroup,Drafts/Backups/Action Groups/2024-04-22-18-13-13,7.956,f,"SUSPECT: extension is not a marker format (signature, keystore, unknown); random-looking head may be legitimate; kept OUT of the quarantine set","head 4 KiB read (b2 ranged GET) -> no format marker, not text, entropy 7.956; twin search by same file name + same size: 2 other hash(es) probed, 0 intact, 0 not readable in B2; other-size copies of the name in the catalog: 6 (find_other_version would propose these for review; none is a same-size twin); no repair engine exists for this type"
C_suspect,Drafts/Backups/Action Groups/2024-04-22-18-13-13/Tools.draftsActionGroup,consignatio/vault/v1/Drafts/Backups/Action Groups/2024-04-22-18-13-13/Tools.draftsActionGroup,9139,9007b5b266559b8ac72998d8e42f3df56b524dd5,draftsactiongroup,Drafts/Backups/Action Groups/2024-04-22-18-13-13,7.954,f,"SUSPECT: extension is not a marker format (signature, keystore, unknown); random-looking head may be legitimate; kept OUT of the quarantine set","head 4 KiB read (b2 ranged GET) -> no format marker, not text, entropy 7.954; twin search by same file name + same size: 4 other hash(es) probed, 1 intact, 0 not readable in B2; other-size copies of the name in the catalog: 3 (find_other_version would propose these for review; none is a same-size twin); no repair engine exists for this type"
C_suspect,Drafts/Backups/Action Groups/2024-09-01-09-07-29/Editing.draftsActionGroup,consignatio/vault/v1/Drafts/Backups/Action Groups/2024-09-01-09-07-29/Editing.draftsActionGroup,7864,452eb3ed449ae08830cdce69286bb9dcf36be676,draftsactiongroup,Drafts/Backups/Action Groups/2024-09-01-09-07-29,7.963,f,"SUSPECT: extension is not a marker format (signature, keystore, unknown); random-looking head may be legitimate; kept OUT of the quarantine set","head 4 KiB read (b2 ranged GET) -> no format marker, not text, entropy 7.963; twin search by same file name + same size: 2 other hash(es) probed, 0 intact, 0 not readable in B2; other-size copies of the name in the catalog: 6 (find_other_version would propose these for review; none is a same-size twin); no repair engine exists for this type"
C_suspect,Drafts/Backups/Action Groups/2024-09-01-09-07-29/Markdown.draftsActionGroup,consignatio/vault/v1/Drafts/Backups/Action Groups/2024-09-01-09-07-29/Markdown.draftsActionGroup,11474,ecc49b0ffd1b93fe4748e343d527e4ee099a2a0b,draftsactiongroup,Drafts/Backups/Action Groups/2024-09-01-09-07-29,7.79,f,"SUSPECT: extension is not a marker format (signature, keystore, unknown); random-looking head may be legitimate; kept OUT of the quarantine set","head 4 KiB read (b2 ranged GET) -> no format marker, not text, entropy 7.79; twin search by same file name + same size: 2 other hash(es) probed, 0 intact, 0 not readable in B2; other-size copies of the name in the catalog: 6 (find_other_version would propose these for review; none is a same-size twin); no repair engine exists for this type"
C_suspect,Drafts/Backups/Action Groups/2025-04-22-00-28-33/Markdown.draftsActionGroup,consignatio/vault/v1/Drafts/Backups/Action Groups/2025-04-22-00-28-33/Markdown.draftsActionGroup,11452,79e6518c5d0aadbfa1c0912e4ce8b8a7d8f78f27,draftsactiongroup,Drafts/Backups/Action Groups/2025-04-22-00-28-33,7.911,f,"SUSPECT: extension is not a marker format (signature, keystore, unknown); random-looking head may be legitimate; kept OUT of the quarantine set","head 4 KiB read (b2 ranged GET) -> no format marker, not text, entropy 7.911; twin search by same file name + same size: 2 other hash(es) probed, 0 intact, 0 not readable in B2; other-size copies of the name in the catalog: 6 (find_other_version would propose these for review; none is a same-size twin); no repair engine exists for this type"
C_suspect,recup_dir.96/f45325856.jks,consignatio/vault/v1/recup_dir.96/f45325856.jks,67190784,43f195c6d06d428a90f60a9e4c70b5e6b9bdaa26,jks,recup_dir.96,7.957,f,"SUSPECT: extension is not a marker format (signature, keystore, unknown); random-looking head may be legitimate; kept OUT of the quarantine set","head 4 KiB read (b2 ranged GET) -> no format marker, not text, entropy 7.957; twin search by same file name + same size: 1 other hash(es) probed, 0 intact, 0 not readable in B2; other-size copies of the name in the catalog: 0 (find_other_version would propose these for review; none is a same-size twin); no repair engine exists for this type"
C_suspect,TECH_ASSETS_SW/f45325856.jks,consignatio/vault/v1/TECH_ASSETS_SW/f45325856.jks,67190784,60f1aad926314ef15262b59f0b1968aeeb7f3e47,jks,TECH_ASSETS_SW,7.527,f,"SUSPECT: extension is not a marker format (signature, keystore, unknown); random-looking head may be legitimate; kept OUT of the quarantine set","head 4 KiB read (b2 ranged GET) -> no format marker, not text, entropy 7.527; twin search by same file name + same size: 1 other hash(es) probed, 0 intact, 0 not readable in B2; other-size copies of the name in the catalog: 0 (find_other_version would propose these for review; none is a same-size twin); no repair engine exists for this type"
C_suspect,onedrive/Documents/PowerShell/Modules/Microsoft.WinGet.CommandNotFound/1.0.6.0/.signature.p7s,consignatio/vault/v1/onedrive/Documents/PowerShell/Modules/Microsoft.WinGet.CommandNotFound/1.0.6.0/.signature.p7s,12873,74910d9dc14d7f5bfdf2870a1cdceb6cdcb3c006,p7s,onedrive/Documents/PowerShell/Modules/Microsoft.WinGet.CommandNotFound/1.0.6.0,7.652,f,"SUSPECT: extension is not a marker format (signature, keystore, unknown); random-looking head may be legitimate; kept OUT of the quarantine set","head 4 KiB read (b2 ranged GET) -> no format marker, not text, entropy 7.652; twin search by same file name + same size: 1 other hash(es) probed, 0 intact, 0 not readable in B2; other-size copies of the name in the catalog: 37 (find_other_version would propose these for review; none is a same-size twin); no repair engine exists for this type"
C_suspect,onedrive/Documents/WindowsPowerShell/Modules/Az.Accounts/5.3.1/.signature.p7s,consignatio/vault/v1/onedrive/Documents/WindowsPowerShell/Modules/Az.Accounts/5.3.1/.signature.p7s,12872,96dec0211bf3b4d9d0e169fd5b9744b12832217c,p7s,onedrive/Documents/WindowsPowerShell/Modules/Az.Accounts/5.3.1,7.653,f,"SUSPECT: extension is not a marker format (signature, keystore, unknown); random-looking head may be legitimate; kept OUT of the quarantine set","head 4 KiB read (b2 ranged GET) -> no format marker, not text, entropy 7.653; twin search by same file name + same size: 1 other hash(es) probed, 0 intact, 0 not readable in B2; other-size copies of the name in the catalog: 37 (find_other_version would propose these for review; none is a same-size twin); no repair engine exists for this type"
C_suspect,onedrive/Documents/WindowsPowerShell/Modules/Az.Accounts/5.3.3/.signature.p7s,consignatio/vault/v1/onedrive/Documents/WindowsPowerShell/Modules/Az.Accounts/5.3.3/.signature.p7s,12873,547163d7d23c2dd18feb971a7c63bd7f6cb2d582,p7s,onedrive/Documents/WindowsPowerShell/Modules/Az.Accounts/5.3.3,7.651,f,"SUSPECT: extension is not a marker format (signature, keystore, unknown); random-looking head may be legitimate; kept OUT of the quarantine set","head 4 KiB read (b2 ranged GET) -> no format marker, not text, entropy 7.651; twin search by same file name + same size: 1 other hash(es) probed, 0 intact, 0 not readable in B2; other-size copies of the name in the catalog: 37 (find_other_version would propose these for review; none is a same-size twin); no repair engine exists for this type"
C_suspect,onedrive/Documents/WindowsPowerShell/Modules/Az.StorageDiscovery/1.0.0/.signature.p7s,consignatio/vault/v1/onedrive/Documents/WindowsPowerShell/Modules/Az.StorageDiscovery/1.0.0/.signature.p7s,12872,2341f84980fd6fc8ce6a09175312e09cfd9e0187,p7s,onedrive/Documents/WindowsPowerShell/Modules/Az.StorageDiscovery/1.0.0,7.651,f,"SUSPECT: extension is not a marker format (signature, keystore, unknown); random-looking head may be legitimate; kept OUT of the quarantine set","head 4 KiB read (b2 ranged GET) -> no format marker, not text, entropy 7.651; twin search by same file name + same size: 1 other hash(es) probed, 0 intact, 0 not readable in B2; other-size copies of the name in the catalog: 37 (find_other_version would propose these for review; none is a same-size twin); no repair engine exists for this type"
