id,title,short_title,issuing_body,document_number,citation,authority_class,binding_status,jurisdiction,scope_note,official_url,alternate_urls,archive_url,publication_date,effective_date,last_amended_or_revised,date_accessed,last_verified,verified_by,verification_method,jurisdiction_confirmed_by,http_status,content_hash,superseded,superseding_authority,supersedes,related_authorities,update_frequency,watch_triggers,access_restrictions,copyright_note,reproduction_permitted,pin_cites,unresolved_issues,confidence,file_path,dependent_files,audit_source_ids,audit_provenance,audit_cluster,fetch_alive,source_origin,source_file,nonofficial_mirrors,verification_limit
00-how-to-use-references,How to Use the Reference Library,How to Use the Reference Library,Michigan Supreme Court / State of Michigan,Verification protocol,Verification protocol,official_guidance,informational,Michigan statewide,Educational reference; verify the cited authority and current local practice before relying on it.,https://www.courts.michigan.gov/siteassets/rules-instructions-administrative-orders/michigan-court-rules/michigan-court-rules-responsive-html5.zip/Michigan_Court_Rules/,[],,unknown — verification required,unknown — verification required,unknown — verification required,2026-08-09,2026-08-09,direct fetch and package build,Read-only URL fetch by scripts/citation_url_checker.py; title/hash captured where accessible.,"Michigan Courts domain or source text identifies Michigan; local records identify Genesee County/Flint, Michigan.",204,e3b0c44298fc1c149afbf4c8996fb92427ae41e4649b934ca495991b7852b855,unknown,unknown — verification required,[],[],continuous or ad hoc; check before use,"Michigan Supreme Court rule order, legislation, revised form, local administrative order, judge assignment, or clerk notice.",free,Use short quotations with citation; do not reproduce protected material beyond lawful fair use.,quote-with-citation,"[""Verification protocol""]",Currency and case-specific application require confirmation.,medium — metadata verified where accessible; re-check current text.,references/00-how-to-use-references.md,"[""checklists/de-novo-hearing.md"", ""checklists/discovery-response.md"", ""checklists/evidentiary-hearing.md"", ""checklists/exhibit-prep.md"", ""checklists/hearing-day.md"", ""checklists/meet-and-confer.md"", ""checklists/motion-filing.md"", ""checklists/post-hearing-order-entry.md"", ""checklists/pre-filing.md"", ""checklists/redaction.md"", ""checklists/referee-hearing.md"", ""checklists/safety-planning.md"", ""checklists/service.md"", ""examples/annotated-bad-example.md"", ""examples/worked-chronology-excerpt.md"", ""examples/worked-deficiency-letter.md"", ""examples/worked-foundation-transcript.md"", ""examples/worked-motion-to-compel.md"", ""examples/worked-objection.md"", ""examples/worked-rfa-set.md"", ""examples/worked-rfp-set.md"", ""references/00-how-to-use-references.md""]",,,,,,,,
42-cfr-part-2,42 CFR Part 2 — Confidentiality of Substance Use Disorder Patient Records,42 CFR Part 2,U.S. HHS,42 CFR Part 2,42 C.F.R. Part 2,regulation,binding_if_applicable,federal,Heightened confidentiality for SUD treatment records; intersects family-court discovery/subpoena practice.,https://www.ecfr.gov/current/title-42/chapter-I/subchapter-A/part-2,[],,,,,2026-08-09,2026-08-09,direct fetch,Fetched eCFR Part 2 landing 2026-08-09.,eCFR,200,unavailable — see audit verification method,unknown,,[],"[""privilege-mcl-bundle""]",unknown,[],free,,quote-with-citation,[],[],high,,"[""references/michigan/privilege-and-confidentiality.md"", ""references/audit/deep-research-source-audit-2026-08-09.md""]",,,federal,True,deep-research audit 2026-08-09,references/audit/deep-research-source-ledger-2026-08-09.json,,
aft-michigan-project-veritas,AFT Michigan v Project Veritas (eavesdropping litigation cluster),AFT Michigan / Project Veritas,U.S. District Court E.D. Mich.; Michigan Supreme Court (certified question declined); later federal rulings,E.D. Mich. No. 4:17-cv-13292 (and related),"AFT Michigan v Project Veritas litigation; MSC declined certified question (~May 26, 2021); later federal ruling reaffirming one-party consent analysis (reported Mar. 30, 2026 in secondary sources)",persuasive_case_law,unsettled,federal persuasive on Michigan eavesdropping interpretation; MSC declined to answer,Critical UNSETTLED cluster for recording legality guidance. Do not tell users Michigan law is clearly one-party or two-party without caveat.,https://www.govinfo.gov/content/pkg/USCOURTS-mied-4_17-cv-13292/pdf/USCOURTS-mied-4_17-cv-13292-7.pdf,"[""https://www.rcfp.org/briefs-comments/aft-michigan-v-project-veritas/"", ""https://www.butzel.com/alert-butzel-prevails-in-long-running-michigan-eavesdropping-statute-litigation""]",,2017–2026 (cluster),,,2026-08-09,2026-08-09,govinfo docket PDF fetch + RCFP + Butzel alert fetches,"Govinfo opinion PDF, RCFP page, and Butzel Mar 2026 alert fetched 2026-08-09. MSC decline of certified question corroborated on RCFP. Later 2026 federal disposition described in Butzel secondary — obtain full official opinion for pin cites.",E.D. Michigan case number; Michigan eavesdropping statute at issue,200,unavailable — see audit verification method,unknown,,[],"[""sullivan-v-gray"", ""eavesdropping-mcl-750-539""]",unknown,[],free,,quote-with-citation,[],"[""Full March 2026 federal opinion text not obtained as official slip opinion beyond secondary/govinfo partial."", ""MSC certified-question denial order official PDF not separately fetched."", ""Package must label recording law UNSETTLED and escalate to lawyer for any covert recording plan.""]",high that dispute exists and MSC declined; medium for precise 2026 holding pins,,"[""references/michigan/eavesdropping-and-recordings.md"", ""references/audit/deep-research-source-audit-2026-08-09.md"", ""references/audit/audit-recording-doctrine.md""]",,,caselaw,True,deep-research audit 2026-08-09,references/audit/deep-research-source-ledger-2026-08-09.json,,
audit-deep-research-source-audit-2026-08-09,Genesee Family Court Deep Research Source Audit — 2026-08-09,Genesee Family Court Deep Research Source Audit — 2026-08-09,Toolkit audit integration,audit-deep-research-source-audit-2026-08-09,Genesee Family Court Deep Research Source Audit — 2026-08-09,official_guidance,informational,"Genesee County, Michigan / Michigan statewide",Audit integration record; not a legal authority. Read linked audit source records before relying on an assertion.,,"[""https://7thcircuitcourt.com/""]",,2026-08-09,not applicable,2026-08-09,2026-08-09,2026-08-09,deep-research audit integration,Copied from completed deep-research report and its 74-source machine ledger; no additional substantive web verification performed in this merge.,"Audit scope is expressly Genesee County, Michigan / 7th Judicial Circuit.",not applicable — internal audit artifact,generated at package merge; manifest records file hash,unknown,newer source audit or primary-source re-verification,[],"[""genesee-court-home"", ""trap-florida-circuit7"", ""genesee-notice-motion-practice"", ""genesee-lao-2025-04j-family-court-plan"", ""genesee-lao-2024-03-case-assignments"", ""genesee-lao-2025-06j-holidays"", ""genesee-lao-2024-04j"", ""genesee-judge-hood-policies"", ""genesee-judge-pickell-policies"", ""genesee-foc-home"", ""genesee-foc-online-forms"", ""genesee-foc-objection-packet"", ""genesee-foc-misc-motion-packet"", ""genesee-foc-custody-motion"", ""genesee-foc-handbook-2022"", ""genesee-lrc"", ""genesee-hearsay-oct-2025"", ""genesee-bench-roster-composite-2026"", ""scao-lcr-circuit-courts"", ""mcr-current-compilation"", ""mcr-2-119-motion-practice"", ""mcr-2-310-rfp"", ""mcr-2-312-rfa"", ""mcr-2-313-compel"", ""mcr-3-215-referee-hearings"", ""mcr-3-201-et-seq-domestic"", ""mcr-1-109-pii"", ""mcr-2-408-remote"", ""mre-consolidated"", ""mre-restyle-order-2021-10"", ""icle-mre-amendments-blog"", ""foc-68-objection"", ""foc-72-records-access"", ""foc-124-dv-screening"", ""mc-20-fee-waiver"", ""foc-act-1982-pa-294"", ""mcl-552-507-referee-review"", ""sptea-1982-pa-295"", ""child-custody-act-1970"", ""uccjea-michigan"", ""uifsa-michigan"", ""mifpa"", ""icwa-25-usc-1901"", ""ppo-mcl-600-2950"", ""eavesdropping-mcl-750-539"", ""privilege-mcl-bundle"", ""child-protection-law"", ""ropa"", ""sullivan-v-gray"", ""aft-michigan-project-veritas"", ""mcsf-2025-manual"", ""mcsf-2025-supplement"", ""foc-model-handbook"", ""mji-evidence-bb"", ""mji-civil-bb"", ""mji-dv-bb"", ""mji-cpp-bb"", ""mji-jj-bb"", ""mji-contempt-flowchart"", ""mji-dr-qrms"", ""mji-privileges-table"", ""icle-family-law-benchbook"", ""mdhhs-ocs-policy-landing"", ""mdhhs-ivd-1-15-family-violence"", ""mdhhs-olm-cps-index"", ""mdhhs-cw-law-manual"", ""title-iv-d-federal"", ""cfr-45-301-310"", ""42-cfr-part-2"", ""mifile-available-courts"", ""micourt-case-search"", ""mlh-home"", ""icle-mcdowell-qa"", ""icle-mcsf-2025-blog""]",when source audit is refreshed,"[""package expiry"", ""new LAO"", ""form revision"", ""MCR/MRE amendment"", ""MiFILE onboarding""]",free,Audit report is package research output; external sources retain their own rights.,quote-with-citation,"[""Audit summary""]","[""Audit records include robots-blocked and mirror-only sources; use each source record’s verification limits, not the report alone, for any substantive proposition.""]",high for provenance; authority confidence depends on each linked source record,references/audit/deep-research-source-audit-2026-08-09.md,"[""references/audit/deep-research-source-audit-2026-08-09.md""]",,,,,,,,
audit-form-and-supplement-drift,Form Revision and MCSF Supplement Drift Audit,Form Revision and MCSF Supplement Drift Audit,Toolkit audit integration,audit-form-and-supplement-drift,Form Revision and MCSF Supplement Drift Audit,official_guidance,informational,"Genesee County, Michigan / Michigan statewide",Audit integration record; not a legal authority. Read linked audit source records before relying on an assertion.,,"[""https://7thcircuitcourt.com/""]",,2026-08-09,not applicable,2026-08-09,2026-08-09,2026-08-09,deep-research audit integration,Copied from completed deep-research report and its 74-source machine ledger; no additional substantive web verification performed in this merge.,"Audit scope is expressly Genesee County, Michigan / 7th Judicial Circuit.",not applicable — internal audit artifact,generated at package merge; manifest records file hash,unknown,newer source audit or primary-source re-verification,[],"[""foc-68-objection"", ""foc-72-records-access"", ""foc-124-dv-screening"", ""mc-20-fee-waiver"", ""mcsf-2025-manual"", ""mcsf-2025-supplement""]",when source audit is refreshed,"[""package expiry"", ""new LAO"", ""form revision"", ""MCR/MRE amendment"", ""MiFILE onboarding""]",free,Audit report is package research output; external sources retain their own rights.,quote-with-citation,"[""Audit summary""]","[""Read the linked audit-source records; primary text limitations remain active.""]",high for provenance; authority confidence depends on each linked source record,references/audit/audit-form-and-supplement-drift.md,"[""references/audit/audit-form-and-supplement-drift.md""]",,,,,,,,
audit-high-risk-gaps,High-Risk Verification Gaps — Deep Research Audit,High-Risk Verification Gaps — Deep Research Audit,Toolkit audit integration,audit-high-risk-gaps,High-Risk Verification Gaps — Deep Research Audit,official_guidance,informational,"Genesee County, Michigan / Michigan statewide",Audit integration record; not a legal authority. Read linked audit source records before relying on an assertion.,,"[""https://7thcircuitcourt.com/""]",,2026-08-09,not applicable,2026-08-09,2026-08-09,2026-08-09,deep-research audit integration,Copied from completed deep-research report and its 74-source machine ledger; no additional substantive web verification performed in this merge.,"Audit scope is expressly Genesee County, Michigan / 7th Judicial Circuit.",not applicable — internal audit artifact,generated at package merge; manifest records file hash,unknown,newer source audit or primary-source re-verification,[],"[""mcr-current-compilation"", ""mre-consolidated"", ""mcsf-2025-supplement"", ""genesee-bench-roster-composite-2026""]",when source audit is refreshed,"[""package expiry"", ""new LAO"", ""form revision"", ""MCR/MRE amendment"", ""MiFILE onboarding""]",free,Audit report is package research output; external sources retain their own rights.,quote-with-citation,"[""Audit summary""]","[""Read the linked audit-source records; primary text limitations remain active.""]",high for provenance; authority confidence depends on each linked source record,references/audit/audit-high-risk-gaps.md,"[""references/audit/audit-high-risk-gaps.md""]",,,,,,,,
audit-mifile-nonlisting,MiFILE Non-Listing Audit — 2026-08-09,MiFILE Non-Listing Audit — 2026-08-09,Toolkit audit integration,audit-mifile-nonlisting,MiFILE Non-Listing Audit — 2026-08-09,official_guidance,informational,"Genesee County, Michigan / Michigan statewide",Audit integration record; not a legal authority. Read linked audit source records before relying on an assertion.,,"[""https://7thcircuitcourt.com/""]",,2026-08-09,not applicable,2026-08-09,2026-08-09,2026-08-09,deep-research audit integration,Copied from completed deep-research report and its 74-source machine ledger; no additional substantive web verification performed in this merge.,"Audit scope is expressly Genesee County, Michigan / 7th Judicial Circuit.",not applicable — internal audit artifact,generated at package merge; manifest records file hash,unknown,newer source audit or primary-source re-verification,[],"[""mifile-available-courts""]",when source audit is refreshed,"[""package expiry"", ""new LAO"", ""form revision"", ""MCR/MRE amendment"", ""MiFILE onboarding""]",free,Audit report is package research output; external sources retain their own rights.,quote-with-citation,"[""Audit summary""]","[""Read the linked audit-source records; primary text limitations remain active.""]",high for provenance; authority confidence depends on each linked source record,references/audit/audit-mifile-nonlisting.md,"[""references/audit/audit-mifile-nonlisting.md""]",,,,,,,,
audit-primary-text-access-limits,Primary Text Access Limits Audit,Primary Text Access Limits Audit,Toolkit audit integration,audit-primary-text-access-limits,Primary Text Access Limits Audit,official_guidance,informational,"Genesee County, Michigan / Michigan statewide",Audit integration record; not a legal authority. Read linked audit source records before relying on an assertion.,,"[""https://7thcircuitcourt.com/""]",,2026-08-09,not applicable,2026-08-09,2026-08-09,2026-08-09,deep-research audit integration,Copied from completed deep-research report and its 74-source machine ledger; no additional substantive web verification performed in this merge.,"Audit scope is expressly Genesee County, Michigan / 7th Judicial Circuit.",not applicable — internal audit artifact,generated at package merge; manifest records file hash,unknown,newer source audit or primary-source re-verification,[],"[""mcr-current-compilation"", ""scao-lcr-circuit-courts"", ""mcr-2-119-motion-practice""]",when source audit is refreshed,"[""package expiry"", ""new LAO"", ""form revision"", ""MCR/MRE amendment"", ""MiFILE onboarding""]",free,Audit report is package research output; external sources retain their own rights.,quote-with-citation,"[""Audit summary""]","[""Read the linked audit-source records; primary text limitations remain active.""]",high for provenance; authority confidence depends on each linked source record,references/audit/audit-primary-text-access-limits.md,"[""references/audit/audit-primary-text-access-limits.md"", ""references/00-how-to-use-references.md""]",,,,,,,,
audit-recording-doctrine,Recording Doctrine Audit — Unsettled Cluster,Recording Doctrine Audit — Unsettled Cluster,Toolkit audit integration,audit-recording-doctrine,Recording Doctrine Audit — Unsettled Cluster,official_guidance,informational,"Genesee County, Michigan / Michigan statewide",Audit integration record; not a legal authority. Read linked audit source records before relying on an assertion.,,"[""https://7thcircuitcourt.com/""]",,2026-08-09,not applicable,2026-08-09,2026-08-09,2026-08-09,deep-research audit integration,Copied from completed deep-research report and its 74-source machine ledger; no additional substantive web verification performed in this merge.,"Audit scope is expressly Genesee County, Michigan / 7th Judicial Circuit.",not applicable — internal audit artifact,generated at package merge; manifest records file hash,unknown,newer source audit or primary-source re-verification,[],"[""eavesdropping-mcl-750-539"", ""sullivan-v-gray"", ""aft-michigan-project-veritas""]",when source audit is refreshed,"[""package expiry"", ""new LAO"", ""form revision"", ""MCR/MRE amendment"", ""MiFILE onboarding""]",free,Audit report is package research output; external sources retain their own rights.,quote-with-citation,"[""Audit summary""]","[""Read the linked audit-source records; primary text limitations remain active.""]",high for provenance; authority confidence depends on each linked source record,references/audit/audit-recording-doctrine.md,"[""references/audit/audit-recording-doctrine.md""]",,,,,,,,
audit-roster-conflicts,Family Bench and Referee Roster Conflict Audit,Family Bench and Referee Roster Conflict Audit,Toolkit audit integration,audit-roster-conflicts,Family Bench and Referee Roster Conflict Audit,official_guidance,informational,"Genesee County, Michigan / Michigan statewide",Audit integration record; not a legal authority. Read linked audit source records before relying on an assertion.,,"[""https://7thcircuitcourt.com/""]",,2026-08-09,not applicable,2026-08-09,2026-08-09,2026-08-09,deep-research audit integration,Copied from completed deep-research report and its 74-source machine ledger; no additional substantive web verification performed in this merge.,"Audit scope is expressly Genesee County, Michigan / 7th Judicial Circuit.",not applicable — internal audit artifact,generated at package merge; manifest records file hash,unknown,newer source audit or primary-source re-verification,[],"[""genesee-bench-roster-composite-2026"", ""genesee-lao-2024-03-case-assignments"", ""genesee-lao-2025-04j-family-court-plan""]",when source audit is refreshed,"[""package expiry"", ""new LAO"", ""form revision"", ""MCR/MRE amendment"", ""MiFILE onboarding""]",free,Audit report is package research output; external sources retain their own rights.,quote-with-citation,"[""Audit summary""]","[""Read the linked audit-source records; primary text limitations remain active.""]",high for provenance; authority confidence depends on each linked source record,references/audit/audit-roster-conflicts.md,"[""references/audit/audit-roster-conflicts.md""]",,,,,,,,
caselaw-custody-standards,Michigan Custody Standards,Michigan Custody Standards,Michigan Supreme Court / State of Michigan,MCL 722.23; selected published Michigan decisions,MCL 722.23; selected published Michigan decisions,binding_case_law,binding,Michigan statewide,Educational reference; verify the cited authority and current local practice before relying on it.,https://www.legislature.mi.gov/Laws/MCL?objectName=mcl-act-91-of-1970,"[""https://www.courts.michigan.gov/siteassets/rules-instructions-administrative-orders/michigan-court-rules/michigan-court-rules-responsive-html5.zip/Michigan_Court_Rules/"", ""https://www.legislature.mi.gov/documents/mcl/pdf/mcl-act-91-of-1970.pdf"", ""https://codes.findlaw.com/mi/chapter-722-children/mi-comp-laws-722-23/"", ""https://law.justia.com/codes/michigan/chapter-722/act-91-of-1970/section-722-27a/""]",,unknown — verification required,unknown — verification required,unknown — verification required,2026-08-09,2026-08-09,FindLaw 722.23 + Justia 722.27a fetches; official blocked,MCL 722.23 and 722.27a mirrors fetched 2026-08-09.,Michigan Child Custody Act,mirrors 200,e3b0c44298fc1c149afbf4c8996fb92427ae41e4649b934ca495991b7852b855,unknown,unknown — verification required,[],"[""child-custody-act-1970""]",unknown,"[""Michigan Supreme Court rule order, legislation, revised form, local administrative order, judge assignment, or clerk notice.""]",free,Use short quotations with citation; do not reproduce protected material beyond lawful fair use.,quote-with-citation,"[""MCL 722.23; selected published Michigan decisions"", ""MCL 722.21"", ""MCL 722.23"", ""MCL 722.23(k)"", ""MCL 722.23(l)"", ""MCL 722.26a"", ""MCL 722.27a""]","[""Use current published Michigan authority; facts drive standards.""]",high identity; medium mirror currency,references/caselaw/custody-standards.md,"[""references/caselaw/custody-standards.md""]","[""child-custody-act-1970""]","family-court-source-ledger.json (deep research, 2026-08-09)",,,,,,
caselaw-discovery-sanctions,Michigan Discovery Sanctions Authorities,Michigan Discovery Sanctions Authorities,Michigan Supreme Court / State of Michigan,MCR 2.313; selected published Michigan decisions,MCR 2.313; selected published Michigan decisions,binding_case_law,binding,Michigan statewide,Educational reference; verify the cited authority and current local practice before relying on it.,https://www.courts.michigan.gov/rules-administrative-orders-and-jury-instructions/current-court-rules/,"[""https://www.courts.michigan.gov/siteassets/rules-instructions-administrative-orders/michigan-court-rules/michigan-court-rules-responsive-html5.zip/Michigan_Court_Rules/""]",,unknown — verification required,unknown — verification required,unknown — verification required,2026-08-09,2026-08-09,catalog under robots-blocked official compilation,Standard MCR identity; full subdivision text not machine-extracted 2026-08-09 due to courts.michigan.gov robots.,Michigan Court Rules,disallow_by_robots,unavailable — primary text robots-blocked or unfetched in deep-research audit,unknown,unknown — verification required,[],"[""mcr-2-313-compel""]",unknown,"[""Michigan Supreme Court rule order, legislation, revised form, local administrative order, judge assignment, or clerk notice.""]",free,Use short quotations with citation; do not reproduce protected material beyond lawful fair use.,quote-with-citation,"[""MCR 2.313; selected published Michigan decisions"", ""MCR 2.313""]","[""Full current text not fetched — human must open official MCR before quoting deadlines/subdivisions."", ""Sanctions depend on history, notice, and proportionality.""]",high identity; low automated text verification,references/caselaw/discovery-sanctions.md,"[""references/caselaw/discovery-sanctions.md""]","[""mcr-2-313-compel""]","family-court-source-ledger.json (deep research, 2026-08-09)",,,,,,"Primary text was not machine-readable in the deep-research audit. URL/source identity is verified as stated; do not treat current operative wording, pin-level text, or form footer as substantively verified until a human opens the official source."
caselaw-evidence-authentication,Michigan Evidence Authentication Cases,Michigan Evidence Authentication Cases,Michigan Supreme Court / State of Michigan,MRE 901; selected published Michigan decisions,MRE 901; selected published Michigan decisions,binding_case_law,binding,Michigan statewide,Educational reference; verify the cited authority and current local practice before relying on it.,https://www.courts.michigan.gov/492ca5/siteassets/rules-instructions-administrative-orders/rules-of-evidence/michigan-rules-of-evidence.pdf,"[""https://www.courts.michigan.gov/siteassets/rules-instructions-administrative-orders/michigan-court-rules/michigan-court-rules-responsive-html5.zip/Michigan_Court_Rules/"", ""https://www.courts.michigan.gov/rules-administrative-orders-and-jury-instructions/michigan-rules-of-evidence/"", ""https://www.courts.michigan.gov/4a96cc/siteassets/rules-instructions-administrative-orders/proposed-and-recently-adopted-orders-on-admin-matters/adopted-orders/2021-10_2023-09-20_formor_amdmre.pdf""]",,unknown — verification required,2024-01-01,"Restyling ADM File No. 2021-10, order dated 2023-09-20, effective 2024-01-01; subsequent amendments possible",2026-08-09,2026-08-09,official URL in index + ICLE secondary analysis fetch,"MRE PDF and ADM 2021-10 order URLs confirmed on courts.michigan.gov; fetch robots-blocked. ICLE community post on MRE amendments effective January 1, 2024 fetched as secondary confirmation.",Michigan Supreme Court ADM order path,disallow_by_robots,unavailable — primary text robots-blocked or unfetched in deep-research audit,unknown,unknown — verification required,[],"[""mre-consolidated""]",continuous via ADM files,"[""Michigan Supreme Court rule order, legislation, revised form, local administrative order, judge assignment, or clerk notice.""]",free,Use short quotations with citation; do not reproduce protected material beyond lawful fair use.,quote-with-citation,"[""MRE 901; selected published Michigan decisions"", ""MRE 401"", ""MRE 403"", ""MRE 404(b)"", ""MRE 801-807"", ""MRE 803A"", ""MRE 901"", ""MRE 902"", ""MRE 1001-1008""]","[""Old→new numbering map must be built from official restyled PDF when human can open PDFs."", ""Do not rely on pre-2024 citation numbers in L1."", ""Use MRE and current published authority, not screenshots alone.""]",high for restyle effective date; medium without official PDF text,references/caselaw/evidence-authentication.md,"[""references/caselaw/evidence-authentication.md""]","[""mre-consolidated""]","family-court-source-ledger.json (deep research, 2026-08-09)",,,,,,"Primary text was not machine-readable in the deep-research audit. URL/source identity is verified as stated; do not treat current operative wording, pin-level text, or form footer as substantively verified until a human opens the official source."
caselaw-referee-de-novo-review,Referee De Novo Review Authorities,Referee De Novo Review Authorities,Michigan Supreme Court / State of Michigan,MCR 3.215; MCL 552.507,MCR 3.215; MCL 552.507,binding_case_law,binding,Michigan statewide,Educational reference; verify the cited authority and current local practice before relying on it.,https://www.courts.michigan.gov/rules-administrative-orders-and-jury-instructions/current-court-rules/,"[""https://www.courts.michigan.gov/siteassets/rules-instructions-administrative-orders/michigan-court-rules/michigan-court-rules-responsive-html5.zip/Michigan_Court_Rules/"", ""https://codes.findlaw.com/mi/chapter-552-divorce/mi-comp-laws-552-507/"", ""https://law.justia.com/codes/michigan/2014/chapter-552/statute-act-294-of-1982/section-552.507/""]",,unknown — verification required,unknown — verification required,unknown — verification required,2026-08-09,2026-08-09,catalog under robots-blocked official compilation,Standard MCR identity; full subdivision text not machine-extracted 2026-08-09 due to courts.michigan.gov robots.,Michigan Court Rules,disallow_by_robots,unavailable — primary text robots-blocked or unfetched in deep-research audit,unknown,unknown — verification required,[],"[""mcr-3-215-referee-hearings"", ""mcl-552-507-referee-review""]",unknown,"[""Michigan Supreme Court rule order, legislation, revised form, local administrative order, judge assignment, or clerk notice.""]",free,Use short quotations with citation; do not reproduce protected material beyond lawful fair use.,quote-with-citation,"[""MCR 3.215; MCL 552.507"", ""MCR 3.215"", ""21-day objection"", ""MCL 552.507"", ""MCL 552.507a""]","[""Full current text not fetched — human must open official MCR before quoting deadlines/subdivisions."", ""Justia 2014 path may be stale — cross-check legislature for post-2014 amendments before quoting."", ""Rule/statute govern process; transcript/re-hearing issues need current text.""]",high identity; low automated text verification,references/caselaw/referee-de-novo-review.md,"[""references/caselaw/referee-de-novo-review.md""]","[""mcr-3-215-referee-hearings"", ""mcl-552-507-referee-review""]","family-court-source-ledger.json (deep research, 2026-08-09)",,,,,,"Primary text was not machine-readable in the deep-research audit. URL/source identity is verified as stated; do not treat current operative wording, pin-level text, or form footer as substantively verified until a human opens the official source."
cfr-45-301-310,45 CFR Chapter III — Office of Child Support Services (Parts 301–310),45 CFR 301–310,U.S. HHS / Office of Child Support Services (eCFR),45 CFR Parts 301–310,45 C.F.R. Parts 301–310,regulation,binding,federal,Federal child support program regulations.,https://www.ecfr.gov/current/title-45/subtitle-B/chapter-III,"[""https://www.ecfr.gov/current/title-45/subtitle-B/chapter-III/part-301"", ""https://www.ecfr.gov/current/title-45/subtitle-B/chapter-III/part-302"", ""https://www.ecfr.gov/current/title-45/subtitle-B/chapter-III/part-303"", ""https://www.ecfr.gov/current/title-45/subtitle-B/chapter-III/part-304"", ""https://www.ecfr.gov/current/title-45/subtitle-B/chapter-III/part-305"", ""https://www.ecfr.gov/current/title-45/subtitle-B/chapter-III/part-307"", ""https://www.ecfr.gov/current/title-45/subtitle-B/chapter-III/part-308"", ""https://www.ecfr.gov/current/title-45/subtitle-B/chapter-III/part-309"", ""https://www.ecfr.gov/current/title-45/subtitle-B/chapter-III/part-310"", ""https://www.law.cornell.edu/cfr/text/45/chapter-III"", ""https://www.law.cornell.edu/cfr/text/45/part-303""]",,,,,2026-08-09,2026-08-09,direct eCFR fetches (partial) + full LII part fetches,"eCFR chapter and parts 301,302,303,307,310 fetched; parts 304,305,308,309 hit broken_content_ip_block on eCFR but corresponding LII pages fetched 2026-08-09.",eCFR title 45 chapter III,mixed 200 / ip_block on some eCFR parts; LII 200,unavailable — see audit verification method,unknown,,[],"[""title-iv-d-federal""]",unknown,[],free,,quote-with-citation,"[""45 CFR 301"", ""45 CFR 302"", ""45 CFR 303"", ""45 CFR 304"", ""45 CFR 305"", ""45 CFR 307"", ""45 CFR 308"", ""45 CFR 309"", ""45 CFR 310""]",[],high,,"[""references/guidance/cfr-45-parts-301-310.md"", ""references/audit/deep-research-source-audit-2026-08-09.md""]",,,federal,True,deep-research audit 2026-08-09,references/audit/deep-research-source-ledger-2026-08-09.json,,
cheatsheet-l0-hearing-day-card,L0 Hearing Day Card,L0 Hearing Day Card,Michigan Supreme Court / State of Michigan,Toolkit L0,Toolkit L0,official_guidance,informational,Michigan statewide,Educational reference; verify the cited authority and current local practice before relying on it.,https://www.courts.michigan.gov/siteassets/rules-instructions-administrative-orders/michigan-court-rules/michigan-court-rules-responsive-html5.zip/Michigan_Court_Rules/,[],,unknown — verification required,unknown — verification required,unknown — verification required,2026-08-09,2026-08-09,direct fetch and package build,Read-only URL fetch by scripts/citation_url_checker.py; title/hash captured where accessible.,"Michigan Courts domain or source text identifies Michigan; local records identify Genesee County/Flint, Michigan.",204,e3b0c44298fc1c149afbf4c8996fb92427ae41e4649b934ca495991b7852b855,unknown,unknown — verification required,[],[],continuous or ad hoc; check before use,"Michigan Supreme Court rule order, legislation, revised form, local administrative order, judge assignment, or clerk notice.",free,Use short quotations with citation; do not reproduce protected material beyond lawful fair use.,quote-with-citation,"[""L1 reference index""]",Currency and case-specific application require confirmation.,medium — metadata verified where accessible; re-check current text.,cheatsheet/L0-hearing-day-card.md,"[""cheatsheet/L0-hearing-day-card.md""]",,,,,,,,
cheatsheet-l1-pro-se-guide,L1 Pro Se Guide,L1 Pro Se Guide,Michigan Supreme Court / State of Michigan,Toolkit L1,Toolkit L1,official_guidance,informational,Michigan statewide,Educational reference; verify the cited authority and current local practice before relying on it.,https://www.courts.michigan.gov/siteassets/rules-instructions-administrative-orders/michigan-court-rules/michigan-court-rules-responsive-html5.zip/Michigan_Court_Rules/,[],,unknown — verification required,unknown — verification required,unknown — verification required,2026-08-09,2026-08-09,direct fetch and package build,Read-only URL fetch by scripts/citation_url_checker.py; title/hash captured where accessible.,"Michigan Courts domain or source text identifies Michigan; local records identify Genesee County/Flint, Michigan.",204,e3b0c44298fc1c149afbf4c8996fb92427ae41e4649b934ca495991b7852b855,unknown,unknown — verification required,[],[],continuous or ad hoc; check before use,"Michigan Supreme Court rule order, legislation, revised form, local administrative order, judge assignment, or clerk notice.",free,Use short quotations with citation; do not reproduce protected material beyond lawful fair use.,quote-with-citation,"[""L2 reference index""]",Currency and case-specific application require confirmation.,medium — metadata verified where accessible; re-check current text.,cheatsheet/L1-pro-se-guide.md,"[""cheatsheet/L1-pro-se-guide.md""]",,,,,,,,
checklists-de-novo-hearing,De Novo Hearing,De Novo Hearing,Michigan Supreme Court / State of Michigan,Checklist source note,Checklist source note,official_guidance,informational,Michigan statewide,Educational reference; verify the cited authority and current local practice before relying on it.,https://www.courts.michigan.gov/siteassets/rules-instructions-administrative-orders/michigan-court-rules/michigan-court-rules-responsive-html5.zip/Michigan_Court_Rules/,[],,unknown — verification required,unknown — verification required,unknown — verification required,2026-08-09,2026-08-09,direct fetch and package build,Read-only URL fetch by scripts/citation_url_checker.py; title/hash captured where accessible.,"Michigan Courts domain or source text identifies Michigan; local records identify Genesee County/Flint, Michigan.",204,e3b0c44298fc1c149afbf4c8996fb92427ae41e4649b934ca495991b7852b855,unknown,unknown — verification required,[],[],continuous or ad hoc; check before use,"Michigan Supreme Court rule order, legislation, revised form, local administrative order, judge assignment, or clerk notice.",free,Use short quotations with citation; do not reproduce protected material beyond lawful fair use.,quote-with-citation,"[""Verification protocol""]",Currency and case-specific application require confirmation.,medium — metadata verified where accessible; re-check current text.,checklists/de-novo-hearing.md,"[""checklists/de-novo-hearing.md""]",,,,,,,,
checklists-discovery-response,Discovery Response,Discovery Response,Michigan Supreme Court / State of Michigan,Checklist source note,Checklist source note,official_guidance,informational,Michigan statewide,Educational reference; verify the cited authority and current local practice before relying on it.,https://www.courts.michigan.gov/siteassets/rules-instructions-administrative-orders/michigan-court-rules/michigan-court-rules-responsive-html5.zip/Michigan_Court_Rules/,[],,unknown — verification required,unknown — verification required,unknown — verification required,2026-08-09,2026-08-09,direct fetch and package build,Read-only URL fetch by scripts/citation_url_checker.py; title/hash captured where accessible.,"Michigan Courts domain or source text identifies Michigan; local records identify Genesee County/Flint, Michigan.",204,e3b0c44298fc1c149afbf4c8996fb92427ae41e4649b934ca495991b7852b855,unknown,unknown — verification required,[],[],continuous or ad hoc; check before use,"Michigan Supreme Court rule order, legislation, revised form, local administrative order, judge assignment, or clerk notice.",free,Use short quotations with citation; do not reproduce protected material beyond lawful fair use.,quote-with-citation,"[""Verification protocol""]",Currency and case-specific application require confirmation.,medium — metadata verified where accessible; re-check current text.,checklists/discovery-response.md,"[""checklists/discovery-response.md""]",,,,,,,,
checklists-evidentiary-hearing,Evidentiary Hearing,Evidentiary Hearing,Michigan Supreme Court / State of Michigan,Checklist source note,Checklist source note,official_guidance,informational,Michigan statewide,Educational reference; verify the cited authority and current local practice before relying on it.,https://www.courts.michigan.gov/siteassets/rules-instructions-administrative-orders/michigan-court-rules/michigan-court-rules-responsive-html5.zip/Michigan_Court_Rules/,[],,unknown — verification required,unknown — verification required,unknown — verification required,2026-08-09,2026-08-09,direct fetch and package build,Read-only URL fetch by scripts/citation_url_checker.py; title/hash captured where accessible.,"Michigan Courts domain or source text identifies Michigan; local records identify Genesee County/Flint, Michigan.",204,e3b0c44298fc1c149afbf4c8996fb92427ae41e4649b934ca495991b7852b855,unknown,unknown — verification required,[],[],continuous or ad hoc; check before use,"Michigan Supreme Court rule order, legislation, revised form, local administrative order, judge assignment, or clerk notice.",free,Use short quotations with citation; do not reproduce protected material beyond lawful fair use.,quote-with-citation,"[""Verification protocol""]",Currency and case-specific application require confirmation.,medium — metadata verified where accessible; re-check current text.,checklists/evidentiary-hearing.md,"[""checklists/evidentiary-hearing.md""]",,,,,,,,
checklists-exhibit-prep,Exhibit Prep,Exhibit Prep,Michigan Supreme Court / State of Michigan,Checklist source note,Checklist source note,official_guidance,informational,Michigan statewide,Educational reference; verify the cited authority and current local practice before relying on it.,https://www.courts.michigan.gov/siteassets/rules-instructions-administrative-orders/michigan-court-rules/michigan-court-rules-responsive-html5.zip/Michigan_Court_Rules/,[],,unknown — verification required,unknown — verification required,unknown — verification required,2026-08-09,2026-08-09,direct fetch and package build,Read-only URL fetch by scripts/citation_url_checker.py; title/hash captured where accessible.,"Michigan Courts domain or source text identifies Michigan; local records identify Genesee County/Flint, Michigan.",204,e3b0c44298fc1c149afbf4c8996fb92427ae41e4649b934ca495991b7852b855,unknown,unknown — verification required,[],[],continuous or ad hoc; check before use,"Michigan Supreme Court rule order, legislation, revised form, local administrative order, judge assignment, or clerk notice.",free,Use short quotations with citation; do not reproduce protected material beyond lawful fair use.,quote-with-citation,"[""Verification protocol""]",Currency and case-specific application require confirmation.,medium — metadata verified where accessible; re-check current text.,checklists/exhibit-prep.md,"[""checklists/exhibit-prep.md""]",,,,,,,,
checklists-hearing-day,Hearing Day,Hearing Day,Michigan Supreme Court / State of Michigan,Checklist source note,Checklist source note,official_guidance,informational,Michigan statewide,Educational reference; verify the cited authority and current local practice before relying on it.,https://www.courts.michigan.gov/siteassets/rules-instructions-administrative-orders/michigan-court-rules/michigan-court-rules-responsive-html5.zip/Michigan_Court_Rules/,[],,unknown — verification required,unknown — verification required,unknown — verification required,2026-08-09,2026-08-09,direct fetch and package build,Read-only URL fetch by scripts/citation_url_checker.py; title/hash captured where accessible.,"Michigan Courts domain or source text identifies Michigan; local records identify Genesee County/Flint, Michigan.",204,e3b0c44298fc1c149afbf4c8996fb92427ae41e4649b934ca495991b7852b855,unknown,unknown — verification required,[],[],continuous or ad hoc; check before use,"Michigan Supreme Court rule order, legislation, revised form, local administrative order, judge assignment, or clerk notice.",free,Use short quotations with citation; do not reproduce protected material beyond lawful fair use.,quote-with-citation,"[""Verification protocol""]",Currency and case-specific application require confirmation.,medium — metadata verified where accessible; re-check current text.,checklists/hearing-day.md,"[""checklists/hearing-day.md""]",,,,,,,,
checklists-meet-and-confer,Meet And Confer,Meet And Confer,Michigan Supreme Court / State of Michigan,Checklist source note,Checklist source note,official_guidance,informational,Michigan statewide,Educational reference; verify the cited authority and current local practice before relying on it.,https://www.courts.michigan.gov/siteassets/rules-instructions-administrative-orders/michigan-court-rules/michigan-court-rules-responsive-html5.zip/Michigan_Court_Rules/,[],,unknown — verification required,unknown — verification required,unknown — verification required,2026-08-09,2026-08-09,direct fetch and package build,Read-only URL fetch by scripts/citation_url_checker.py; title/hash captured where accessible.,"Michigan Courts domain or source text identifies Michigan; local records identify Genesee County/Flint, Michigan.",204,e3b0c44298fc1c149afbf4c8996fb92427ae41e4649b934ca495991b7852b855,unknown,unknown — verification required,[],[],continuous or ad hoc; check before use,"Michigan Supreme Court rule order, legislation, revised form, local administrative order, judge assignment, or clerk notice.",free,Use short quotations with citation; do not reproduce protected material beyond lawful fair use.,quote-with-citation,"[""Verification protocol""]",Currency and case-specific application require confirmation.,medium — metadata verified where accessible; re-check current text.,checklists/meet-and-confer.md,"[""checklists/meet-and-confer.md""]",,,,,,,,
checklists-motion-filing,Motion Filing,Motion Filing,Michigan Supreme Court / State of Michigan,Checklist source note,Checklist source note,official_guidance,informational,Michigan statewide,Educational reference; verify the cited authority and current local practice before relying on it.,https://www.courts.michigan.gov/siteassets/rules-instructions-administrative-orders/michigan-court-rules/michigan-court-rules-responsive-html5.zip/Michigan_Court_Rules/,[],,unknown — verification required,unknown — verification required,unknown — verification required,2026-08-09,2026-08-09,direct fetch and package build,Read-only URL fetch by scripts/citation_url_checker.py; title/hash captured where accessible.,"Michigan Courts domain or source text identifies Michigan; local records identify Genesee County/Flint, Michigan.",204,e3b0c44298fc1c149afbf4c8996fb92427ae41e4649b934ca495991b7852b855,unknown,unknown — verification required,[],[],continuous or ad hoc; check before use,"Michigan Supreme Court rule order, legislation, revised form, local administrative order, judge assignment, or clerk notice.",free,Use short quotations with citation; do not reproduce protected material beyond lawful fair use.,quote-with-citation,"[""Verification protocol""]",Currency and case-specific application require confirmation.,medium — metadata verified where accessible; re-check current text.,checklists/motion-filing.md,"[""checklists/motion-filing.md""]",,,,,,,,
checklists-post-hearing-order-entry,Post Hearing Order Entry,Post Hearing Order Entry,Michigan Supreme Court / State of Michigan,Checklist source note,Checklist source note,official_guidance,informational,Michigan statewide,Educational reference; verify the cited authority and current local practice before relying on it.,https://www.courts.michigan.gov/siteassets/rules-instructions-administrative-orders/michigan-court-rules/michigan-court-rules-responsive-html5.zip/Michigan_Court_Rules/,[],,unknown — verification required,unknown — verification required,unknown — verification required,2026-08-09,2026-08-09,direct fetch and package build,Read-only URL fetch by scripts/citation_url_checker.py; title/hash captured where accessible.,"Michigan Courts domain or source text identifies Michigan; local records identify Genesee County/Flint, Michigan.",204,e3b0c44298fc1c149afbf4c8996fb92427ae41e4649b934ca495991b7852b855,unknown,unknown — verification required,[],[],continuous or ad hoc; check before use,"Michigan Supreme Court rule order, legislation, revised form, local administrative order, judge assignment, or clerk notice.",free,Use short quotations with citation; do not reproduce protected material beyond lawful fair use.,quote-with-citation,"[""Verification protocol""]",Currency and case-specific application require confirmation.,medium — metadata verified where accessible; re-check current text.,checklists/post-hearing-order-entry.md,"[""checklists/post-hearing-order-entry.md""]",,,,,,,,
checklists-pre-filing,Pre Filing,Pre Filing,Michigan Supreme Court / State of Michigan,Checklist source note,Checklist source note,official_guidance,informational,Michigan statewide,Educational reference; verify the cited authority and current local practice before relying on it.,https://www.courts.michigan.gov/siteassets/rules-instructions-administrative-orders/michigan-court-rules/michigan-court-rules-responsive-html5.zip/Michigan_Court_Rules/,[],,unknown — verification required,unknown — verification required,unknown — verification required,2026-08-09,2026-08-09,direct fetch and package build,Read-only URL fetch by scripts/citation_url_checker.py; title/hash captured where accessible.,"Michigan Courts domain or source text identifies Michigan; local records identify Genesee County/Flint, Michigan.",204,e3b0c44298fc1c149afbf4c8996fb92427ae41e4649b934ca495991b7852b855,unknown,unknown — verification required,[],[],continuous or ad hoc; check before use,"Michigan Supreme Court rule order, legislation, revised form, local administrative order, judge assignment, or clerk notice.",free,Use short quotations with citation; do not reproduce protected material beyond lawful fair use.,quote-with-citation,"[""Verification protocol""]",Currency and case-specific application require confirmation.,medium — metadata verified where accessible; re-check current text.,checklists/pre-filing.md,"[""checklists/pre-filing.md""]",,,,,,,,
checklists-redaction,Redaction,Redaction,Michigan Supreme Court / State of Michigan,Checklist source note,Checklist source note,official_guidance,informational,Michigan statewide,Educational reference; verify the cited authority and current local practice before relying on it.,https://www.courts.michigan.gov/siteassets/rules-instructions-administrative-orders/michigan-court-rules/michigan-court-rules-responsive-html5.zip/Michigan_Court_Rules/,[],,unknown — verification required,unknown — verification required,unknown — verification required,2026-08-09,2026-08-09,direct fetch and package build,Read-only URL fetch by scripts/citation_url_checker.py; title/hash captured where accessible.,"Michigan Courts domain or source text identifies Michigan; local records identify Genesee County/Flint, Michigan.",204,e3b0c44298fc1c149afbf4c8996fb92427ae41e4649b934ca495991b7852b855,unknown,unknown — verification required,[],[],continuous or ad hoc; check before use,"Michigan Supreme Court rule order, legislation, revised form, local administrative order, judge assignment, or clerk notice.",free,Use short quotations with citation; do not reproduce protected material beyond lawful fair use.,quote-with-citation,"[""Verification protocol""]",Currency and case-specific application require confirmation.,medium — metadata verified where accessible; re-check current text.,checklists/redaction.md,"[""checklists/redaction.md""]",,,,,,,,
checklists-referee-hearing,Referee Hearing,Referee Hearing,Michigan Supreme Court / State of Michigan,Checklist source note,Checklist source note,official_guidance,informational,Michigan statewide,Educational reference; verify the cited authority and current local practice before relying on it.,https://www.courts.michigan.gov/siteassets/rules-instructions-administrative-orders/michigan-court-rules/michigan-court-rules-responsive-html5.zip/Michigan_Court_Rules/,[],,unknown — verification required,unknown — verification required,unknown — verification required,2026-08-09,2026-08-09,direct fetch and package build,Read-only URL fetch by scripts/citation_url_checker.py; title/hash captured where accessible.,"Michigan Courts domain or source text identifies Michigan; local records identify Genesee County/Flint, Michigan.",204,e3b0c44298fc1c149afbf4c8996fb92427ae41e4649b934ca495991b7852b855,unknown,unknown — verification required,[],[],continuous or ad hoc; check before use,"Michigan Supreme Court rule order, legislation, revised form, local administrative order, judge assignment, or clerk notice.",free,Use short quotations with citation; do not reproduce protected material beyond lawful fair use.,quote-with-citation,"[""Verification protocol""]",Currency and case-specific application require confirmation.,medium — metadata verified where accessible; re-check current text.,checklists/referee-hearing.md,"[""checklists/referee-hearing.md""]",,,,,,,,
checklists-safety-planning,Safety Planning,Safety Planning,Michigan Supreme Court / State of Michigan,Checklist source note,Checklist source note,official_guidance,informational,Michigan statewide,Educational reference; verify the cited authority and current local practice before relying on it.,https://www.courts.michigan.gov/siteassets/rules-instructions-administrative-orders/michigan-court-rules/michigan-court-rules-responsive-html5.zip/Michigan_Court_Rules/,[],,unknown — verification required,unknown — verification required,unknown — verification required,2026-08-09,2026-08-09,direct fetch and package build,Read-only URL fetch by scripts/citation_url_checker.py; title/hash captured where accessible.,"Michigan Courts domain or source text identifies Michigan; local records identify Genesee County/Flint, Michigan.",204,e3b0c44298fc1c149afbf4c8996fb92427ae41e4649b934ca495991b7852b855,unknown,unknown — verification required,[],[],continuous or ad hoc; check before use,"Michigan Supreme Court rule order, legislation, revised form, local administrative order, judge assignment, or clerk notice.",free,Use short quotations with citation; do not reproduce protected material beyond lawful fair use.,quote-with-citation,"[""Verification protocol""]",Currency and case-specific application require confirmation.,medium — metadata verified where accessible; re-check current text.,checklists/safety-planning.md,"[""checklists/safety-planning.md""]",,,,,,,,
checklists-service,Service,Service,Michigan Supreme Court / State of Michigan,Checklist source note,Checklist source note,official_guidance,informational,Michigan statewide,Educational reference; verify the cited authority and current local practice before relying on it.,https://www.courts.michigan.gov/siteassets/rules-instructions-administrative-orders/michigan-court-rules/michigan-court-rules-responsive-html5.zip/Michigan_Court_Rules/,[],,unknown — verification required,unknown — verification required,unknown — verification required,2026-08-09,2026-08-09,direct fetch and package build,Read-only URL fetch by scripts/citation_url_checker.py; title/hash captured where accessible.,"Michigan Courts domain or source text identifies Michigan; local records identify Genesee County/Flint, Michigan.",204,e3b0c44298fc1c149afbf4c8996fb92427ae41e4649b934ca495991b7852b855,unknown,unknown — verification required,[],[],continuous or ad hoc; check before use,"Michigan Supreme Court rule order, legislation, revised form, local administrative order, judge assignment, or clerk notice.",free,Use short quotations with citation; do not reproduce protected material beyond lawful fair use.,quote-with-citation,"[""Verification protocol""]",Currency and case-specific application require confirmation.,medium — metadata verified where accessible; re-check current text.,checklists/service.md,"[""checklists/service.md""]",,,,,,,,
child-custody-act-1970,Child Custody Act of 1970,Child Custody Act,Michigan Legislature,1970 PA 91; MCL 722.21 et seq.,"Child Custody Act of 1970, MCL 722.21 et seq.",statute,binding,Michigan statewide,"Custody/parenting-time best interests (722.23), joint custody (722.26a), parenting-time factors (722.27a).",https://www.legislature.mi.gov/Laws/MCL?objectName=mcl-act-91-of-1970,"[""https://www.legislature.mi.gov/documents/mcl/pdf/mcl-act-91-of-1970.pdf"", ""https://codes.findlaw.com/mi/chapter-722-children/mi-comp-laws-722-23/"", ""https://law.justia.com/codes/michigan/chapter-722/act-91-of-1970/section-722-27a/""]",,,,,2026-08-09,2026-08-09,FindLaw 722.23 + Justia 722.27a fetches; official blocked,MCL 722.23 and 722.27a mirrors fetched 2026-08-09.,Michigan Child Custody Act,mirrors 200,unavailable — see audit verification method,unknown,,[],[],unknown,[],free,,quote-with-citation,"[""MCL 722.21"", ""MCL 722.23"", ""MCL 722.23(k)"", ""MCL 722.23(l)"", ""MCL 722.26a"", ""MCL 722.27a""]",[],high identity; medium mirror currency,,"[""references/caselaw/custody-standards.md"", ""references/michigan/child-custody-act.md"", ""references/audit/deep-research-source-audit-2026-08-09.md""]",,,statutes,True,deep-research audit 2026-08-09,references/audit/deep-research-source-ledger-2026-08-09.json,,
child-protection-law,Child Protection Law,CPL,Michigan Legislature / MDHHS administration,1975 PA 238; MCL 722.621 et seq.,"Child Protection Law, MCL 722.621 et seq.",statute,binding,Michigan statewide,,https://www.legislature.mi.gov/Laws/MCL?objectName=mcl-Act-238-of-1975,"[""https://www.legislature.mi.gov/Laws/MCL?objectName=MCL-722-621"", ""https://www.michigan.gov/mdhhs/inside-mdhhs/legal/laws/child-protection-law""]",,,,,2026-08-09,2026-08-09,MDHHS CPL landing fetch; statute site blocked,MDHHS child protection law page fetched 2026-08-09 (thin). Statute text not fetched.,Michigan MDHHS + MCL 722,landing 200; statute blocked,unavailable — see audit verification method,unknown,,[],"[""mdhhs-olm-cps-index"", ""mji-cpp-bb""]",unknown,[],free,,quote-with-citation,"[""MCL 722.621 et seq.""]",[],medium,,"[""references/audit/deep-research-source-audit-2026-08-09.md""]",,,statutes,True,deep-research audit 2026-08-09,references/audit/deep-research-source-ledger-2026-08-09.json,,
decision-trees-can-i-use-this-evidence,Can I Use This Evidence,Can I Use This Evidence,Michigan Supreme Court / State of Michigan,Decision tree source note,Decision tree source note,official_guidance,informational,Michigan statewide,Educational reference; verify the cited authority and current local practice before relying on it.,https://www.courts.michigan.gov/siteassets/rules-instructions-administrative-orders/michigan-court-rules/michigan-court-rules-responsive-html5.zip/Michigan_Court_Rules/,[],,unknown — verification required,unknown — verification required,unknown — verification required,2026-08-09,2026-08-09,direct fetch and package build,Read-only URL fetch by scripts/citation_url_checker.py; title/hash captured where accessible.,"Michigan Courts domain or source text identifies Michigan; local records identify Genesee County/Flint, Michigan.",204,e3b0c44298fc1c149afbf4c8996fb92427ae41e4649b934ca495991b7852b855,unknown,unknown — verification required,[],[],continuous or ad hoc; check before use,"Michigan Supreme Court rule order, legislation, revised form, local administrative order, judge assignment, or clerk notice.",free,Use short quotations with citation; do not reproduce protected material beyond lawful fair use.,quote-with-citation,"[""Safety gate""]",Currency and case-specific application require confirmation.,medium — metadata verified where accessible; re-check current text.,decision-trees/can-i-use-this-evidence.md,"[""decision-trees/can-i-use-this-evidence.md""]",,,,,,,,
decision-trees-discovery-dispute-escalation,Discovery Dispute Escalation,Discovery Dispute Escalation,Michigan Supreme Court / State of Michigan,Decision tree source note,Decision tree source note,official_guidance,informational,Michigan statewide,Educational reference; verify the cited authority and current local practice before relying on it.,https://www.courts.michigan.gov/siteassets/rules-instructions-administrative-orders/michigan-court-rules/michigan-court-rules-responsive-html5.zip/Michigan_Court_Rules/,[],,unknown — verification required,unknown — verification required,unknown — verification required,2026-08-09,2026-08-09,direct fetch and package build,Read-only URL fetch by scripts/citation_url_checker.py; title/hash captured where accessible.,"Michigan Courts domain or source text identifies Michigan; local records identify Genesee County/Flint, Michigan.",204,e3b0c44298fc1c149afbf4c8996fb92427ae41e4649b934ca495991b7852b855,unknown,unknown — verification required,[],[],continuous or ad hoc; check before use,"Michigan Supreme Court rule order, legislation, revised form, local administrative order, judge assignment, or clerk notice.",free,Use short quotations with citation; do not reproduce protected material beyond lawful fair use.,quote-with-citation,"[""Safety gate""]",Currency and case-specific application require confirmation.,medium — metadata verified where accessible; re-check current text.,decision-trees/discovery-dispute-escalation.md,"[""decision-trees/discovery-dispute-escalation.md""]",,,,,,,,
decision-trees-dv-disclosure-and-screening,Dv Disclosure And Screening,Dv Disclosure And Screening,Michigan Supreme Court / State of Michigan,Decision tree source note,Decision tree source note,official_guidance,informational,Michigan statewide,Educational reference; verify the cited authority and current local practice before relying on it.,https://www.courts.michigan.gov/siteassets/rules-instructions-administrative-orders/michigan-court-rules/michigan-court-rules-responsive-html5.zip/Michigan_Court_Rules/,[],,unknown — verification required,unknown — verification required,unknown — verification required,2026-08-09,2026-08-09,direct fetch and package build,Read-only URL fetch by scripts/citation_url_checker.py; title/hash captured where accessible.,"Michigan Courts domain or source text identifies Michigan; local records identify Genesee County/Flint, Michigan.",204,e3b0c44298fc1c149afbf4c8996fb92427ae41e4649b934ca495991b7852b855,unknown,unknown — verification required,[],[],continuous or ad hoc; check before use,"Michigan Supreme Court rule order, legislation, revised form, local administrative order, judge assignment, or clerk notice.",free,Use short quotations with citation; do not reproduce protected material beyond lawful fair use.,quote-with-citation,"[""Safety gate""]",Currency and case-specific application require confirmation.,medium — metadata verified where accessible; re-check current text.,decision-trees/dv-disclosure-and-screening.md,"[""decision-trees/dv-disclosure-and-screening.md""]",,,,,,,,
decision-trees-emergency-ex-parte,Emergency Ex Parte,Emergency Ex Parte,Michigan Supreme Court / State of Michigan,Decision tree source note,Decision tree source note,official_guidance,informational,Michigan statewide,Educational reference; verify the cited authority and current local practice before relying on it.,https://www.courts.michigan.gov/siteassets/rules-instructions-administrative-orders/michigan-court-rules/michigan-court-rules-responsive-html5.zip/Michigan_Court_Rules/,[],,unknown — verification required,unknown — verification required,unknown — verification required,2026-08-09,2026-08-09,direct fetch and package build,Read-only URL fetch by scripts/citation_url_checker.py; title/hash captured where accessible.,"Michigan Courts domain or source text identifies Michigan; local records identify Genesee County/Flint, Michigan.",204,e3b0c44298fc1c149afbf4c8996fb92427ae41e4649b934ca495991b7852b855,unknown,unknown — verification required,[],[],continuous or ad hoc; check before use,"Michigan Supreme Court rule order, legislation, revised form, local administrative order, judge assignment, or clerk notice.",free,Use short quotations with citation; do not reproduce protected material beyond lawful fair use.,quote-with-citation,"[""Safety gate""]",Currency and case-specific application require confirmation.,medium — metadata verified where accessible; re-check current text.,decision-trees/emergency-ex-parte.md,"[""decision-trees/emergency-ex-parte.md""]",,,,,,,,
decision-trees-hand-me-down-device,Hand Me Down Device,Hand Me Down Device,Michigan Supreme Court / State of Michigan,Decision tree source note,Decision tree source note,official_guidance,informational,Michigan statewide,Educational reference; verify the cited authority and current local practice before relying on it.,https://www.courts.michigan.gov/siteassets/rules-instructions-administrative-orders/michigan-court-rules/michigan-court-rules-responsive-html5.zip/Michigan_Court_Rules/,[],,unknown — verification required,unknown — verification required,unknown — verification required,2026-08-09,2026-08-09,direct fetch and package build,Read-only URL fetch by scripts/citation_url_checker.py; title/hash captured where accessible.,"Michigan Courts domain or source text identifies Michigan; local records identify Genesee County/Flint, Michigan.",204,e3b0c44298fc1c149afbf4c8996fb92427ae41e4649b934ca495991b7852b855,unknown,unknown — verification required,[],[],continuous or ad hoc; check before use,"Michigan Supreme Court rule order, legislation, revised form, local administrative order, judge assignment, or clerk notice.",free,Use short quotations with citation; do not reproduce protected material beyond lawful fair use.,quote-with-citation,"[""Safety gate""]",Currency and case-specific application require confirmation.,medium — metadata verified where accessible; re-check current text.,decision-trees/hand-me-down-device.md,"[""decision-trees/hand-me-down-device.md""]",,,,,,,,
decision-trees-hearsay-path,Hearsay Path,Hearsay Path,Michigan Supreme Court / State of Michigan,Decision tree source note,Decision tree source note,official_guidance,informational,Michigan statewide,Educational reference; verify the cited authority and current local practice before relying on it.,https://www.courts.michigan.gov/siteassets/rules-instructions-administrative-orders/michigan-court-rules/michigan-court-rules-responsive-html5.zip/Michigan_Court_Rules/,[],,unknown — verification required,unknown — verification required,unknown — verification required,2026-08-09,2026-08-09,direct fetch and package build,Read-only URL fetch by scripts/citation_url_checker.py; title/hash captured where accessible.,"Michigan Courts domain or source text identifies Michigan; local records identify Genesee County/Flint, Michigan.",204,e3b0c44298fc1c149afbf4c8996fb92427ae41e4649b934ca495991b7852b855,unknown,unknown — verification required,[],[],continuous or ad hoc; check before use,"Michigan Supreme Court rule order, legislation, revised form, local administrative order, judge assignment, or clerk notice.",free,Use short quotations with citation; do not reproduce protected material beyond lawful fair use.,quote-with-citation,"[""Safety gate""]",Currency and case-specific application require confirmation.,medium — metadata verified where accessible; re-check current text.,decision-trees/hearsay-path.md,"[""decision-trees/hearsay-path.md""]",,,,,,,,
decision-trees-object-or-let-it-go,Object Or Let It Go,Object Or Let It Go,Michigan Supreme Court / State of Michigan,Decision tree source note,Decision tree source note,official_guidance,informational,Michigan statewide,Educational reference; verify the cited authority and current local practice before relying on it.,https://www.courts.michigan.gov/siteassets/rules-instructions-administrative-orders/michigan-court-rules/michigan-court-rules-responsive-html5.zip/Michigan_Court_Rules/,[],,unknown — verification required,unknown — verification required,unknown — verification required,2026-08-09,2026-08-09,direct fetch and package build,Read-only URL fetch by scripts/citation_url_checker.py; title/hash captured where accessible.,"Michigan Courts domain or source text identifies Michigan; local records identify Genesee County/Flint, Michigan.",204,e3b0c44298fc1c149afbf4c8996fb92427ae41e4649b934ca495991b7852b855,unknown,unknown — verification required,[],[],continuous or ad hoc; check before use,"Michigan Supreme Court rule order, legislation, revised form, local administrative order, judge assignment, or clerk notice.",free,Use short quotations with citation; do not reproduce protected material beyond lawful fair use.,quote-with-citation,"[""Safety gate""]",Currency and case-specific application require confirmation.,medium — metadata verified where accessible; re-check current text.,decision-trees/object-or-let-it-go.md,"[""decision-trees/object-or-let-it-go.md""]",,,,,,,,
decision-trees-privileged-records,Privileged Records,Privileged Records,Michigan Supreme Court / State of Michigan,Decision tree source note,Decision tree source note,official_guidance,informational,Michigan statewide,Educational reference; verify the cited authority and current local practice before relying on it.,https://www.courts.michigan.gov/siteassets/rules-instructions-administrative-orders/michigan-court-rules/michigan-court-rules-responsive-html5.zip/Michigan_Court_Rules/,[],,unknown — verification required,unknown — verification required,unknown — verification required,2026-08-09,2026-08-09,direct fetch and package build,Read-only URL fetch by scripts/citation_url_checker.py; title/hash captured where accessible.,"Michigan Courts domain or source text identifies Michigan; local records identify Genesee County/Flint, Michigan.",204,e3b0c44298fc1c149afbf4c8996fb92427ae41e4649b934ca495991b7852b855,unknown,unknown — verification required,[],[],continuous or ad hoc; check before use,"Michigan Supreme Court rule order, legislation, revised form, local administrative order, judge assignment, or clerk notice.",free,Use short quotations with citation; do not reproduce protected material beyond lawful fair use.,quote-with-citation,"[""Safety gate""]",Currency and case-specific application require confirmation.,medium — metadata verified where accessible; re-check current text.,decision-trees/privileged-records.md,"[""decision-trees/privileged-records.md""]",,,,,,,,
decision-trees-recording-legality,Recording Legality,Recording Legality,Michigan Supreme Court / State of Michigan,Decision tree source note,Decision tree source note,official_guidance,informational,Michigan statewide,Educational reference; verify the cited authority and current local practice before relying on it.,https://www.courts.michigan.gov/siteassets/rules-instructions-administrative-orders/michigan-court-rules/michigan-court-rules-responsive-html5.zip/Michigan_Court_Rules/,[],,unknown — verification required,unknown — verification required,unknown — verification required,2026-08-09,2026-08-09,direct fetch and package build,Read-only URL fetch by scripts/citation_url_checker.py; title/hash captured where accessible.,"Michigan Courts domain or source text identifies Michigan; local records identify Genesee County/Flint, Michigan.",204,e3b0c44298fc1c149afbf4c8996fb92427ae41e4649b934ca495991b7852b855,unknown,unknown — verification required,[],[],continuous or ad hoc; check before use,"Michigan Supreme Court rule order, legislation, revised form, local administrative order, judge assignment, or clerk notice.",free,Use short quotations with citation; do not reproduce protected material beyond lawful fair use.,quote-with-citation,"[""Safety gate""]",Currency and case-specific application require confirmation.,medium — metadata verified where accessible; re-check current text.,decision-trees/recording-legality.md,"[""decision-trees/recording-legality.md""]",,,,,,,,
decision-trees-referee-vs-judge,Referee Vs Judge,Referee Vs Judge,Michigan Supreme Court / State of Michigan,Decision tree source note,Decision tree source note,official_guidance,informational,Michigan statewide,Educational reference; verify the cited authority and current local practice before relying on it.,https://www.courts.michigan.gov/siteassets/rules-instructions-administrative-orders/michigan-court-rules/michigan-court-rules-responsive-html5.zip/Michigan_Court_Rules/,[],,unknown — verification required,unknown — verification required,unknown — verification required,2026-08-09,2026-08-09,direct fetch and package build,Read-only URL fetch by scripts/citation_url_checker.py; title/hash captured where accessible.,"Michigan Courts domain or source text identifies Michigan; local records identify Genesee County/Flint, Michigan.",204,e3b0c44298fc1c149afbf4c8996fb92427ae41e4649b934ca495991b7852b855,unknown,unknown — verification required,[],[],continuous or ad hoc; check before use,"Michigan Supreme Court rule order, legislation, revised form, local administrative order, judge assignment, or clerk notice.",free,Use short quotations with citation; do not reproduce protected material beyond lawful fair use.,quote-with-citation,"[""Safety gate""]",Currency and case-specific application require confirmation.,medium — metadata verified where accessible; re-check current text.,decision-trees/referee-vs-judge.md,"[""decision-trees/referee-vs-judge.md""]",,,,,,,,
eavesdropping-mcl-750-539,Michigan eavesdropping / surveillance penal provisions,MCL 750.539a–h,Michigan Legislature,MCL 750.539a et seq.,MCL 750.539a–750.539h (esp. 750.539c),statute,binding,Michigan statewide,Criminal eavesdropping framework; civil implications in family evidence. INTERPRETATION UNSETTLED regarding one-party consent after Sullivan and AFT Michigan federal litigation.,https://www.legislature.mi.gov/Laws/MCL?objectName=MCL-750-539c,"[""https://www.legislature.mi.gov/documents/mcl/pdf/mcl-328-1931-LXXXII.pdf"", ""https://codes.findlaw.com/mi/chapter-750-michigan-penal-code/mi-comp-laws-750-539c/""]",,,,,2026-08-09,2026-08-09,FindLaw 750.539c fetch; official blocked,FindLaw MCL 750.539c fetched 2026-08-09. Official legislature/PDF blocked.,Michigan Penal Code,mirror 200,unavailable — see audit verification method,unknown,,[],"[""sullivan-v-gray"", ""aft-michigan-project-veritas""]",unknown,[],free,,quote-with-citation,"[""MCL 750.539a"", ""MCL 750.539c"", ""MCL 750.539d"", ""MCL 750.539h""]","[""Present one-party consent status as UNSETTLED — see caselaw cluster."", ""Directing child to record is high-risk regardless of adult-participant theory.""]",high statute identity; doctrine unsettled,,"[""references/michigan/eavesdropping-and-recordings.md"", ""references/audit/deep-research-source-audit-2026-08-09.md"", ""references/audit/audit-recording-doctrine.md""]",,,statutes,True,deep-research audit 2026-08-09,references/audit/deep-research-source-ledger-2026-08-09.json,,
examples-annotated-bad-example,Annotated Bad Example,Annotated Bad Example,Michigan Supreme Court / State of Michigan,Worked synthetic example,Worked synthetic example,official_guidance,informational,Michigan statewide,Educational reference; verify the cited authority and current local practice before relying on it.,https://www.courts.michigan.gov/siteassets/rules-instructions-administrative-orders/michigan-court-rules/michigan-court-rules-responsive-html5.zip/Michigan_Court_Rules/,[],,unknown — verification required,unknown — verification required,unknown — verification required,2026-08-09,2026-08-09,direct fetch and package build,Read-only URL fetch by scripts/citation_url_checker.py; title/hash captured where accessible.,"Michigan Courts domain or source text identifies Michigan; local records identify Genesee County/Flint, Michigan.",204,e3b0c44298fc1c149afbf4c8996fb92427ae41e4649b934ca495991b7852b855,unknown,unknown — verification required,[],[],continuous or ad hoc; check before use,"Michigan Supreme Court rule order, legislation, revised form, local administrative order, judge assignment, or clerk notice.",free,Use short quotations with citation; do not reproduce protected material beyond lawful fair use.,quote-with-citation,"[""Synthetic example""]",Currency and case-specific application require confirmation.,medium — metadata verified where accessible; re-check current text.,examples/annotated-bad-example.md,"[""examples/annotated-bad-example.md""]",,,,,,,,
examples-worked-chronology-excerpt,Worked Chronology Excerpt,Worked Chronology Excerpt,Michigan Supreme Court / State of Michigan,Worked synthetic example,Worked synthetic example,official_guidance,informational,Michigan statewide,Educational reference; verify the cited authority and current local practice before relying on it.,https://www.courts.michigan.gov/siteassets/rules-instructions-administrative-orders/michigan-court-rules/michigan-court-rules-responsive-html5.zip/Michigan_Court_Rules/,[],,unknown — verification required,unknown — verification required,unknown — verification required,2026-08-09,2026-08-09,direct fetch and package build,Read-only URL fetch by scripts/citation_url_checker.py; title/hash captured where accessible.,"Michigan Courts domain or source text identifies Michigan; local records identify Genesee County/Flint, Michigan.",204,e3b0c44298fc1c149afbf4c8996fb92427ae41e4649b934ca495991b7852b855,unknown,unknown — verification required,[],[],continuous or ad hoc; check before use,"Michigan Supreme Court rule order, legislation, revised form, local administrative order, judge assignment, or clerk notice.",free,Use short quotations with citation; do not reproduce protected material beyond lawful fair use.,quote-with-citation,"[""Synthetic example""]",Currency and case-specific application require confirmation.,medium — metadata verified where accessible; re-check current text.,examples/worked-chronology-excerpt.md,"[""examples/worked-chronology-excerpt.md""]",,,,,,,,
examples-worked-deficiency-letter,Worked Deficiency Letter,Worked Deficiency Letter,Michigan Supreme Court / State of Michigan,Worked synthetic example,Worked synthetic example,official_guidance,informational,Michigan statewide,Educational reference; verify the cited authority and current local practice before relying on it.,https://www.courts.michigan.gov/siteassets/rules-instructions-administrative-orders/michigan-court-rules/michigan-court-rules-responsive-html5.zip/Michigan_Court_Rules/,[],,unknown — verification required,unknown — verification required,unknown — verification required,2026-08-09,2026-08-09,direct fetch and package build,Read-only URL fetch by scripts/citation_url_checker.py; title/hash captured where accessible.,"Michigan Courts domain or source text identifies Michigan; local records identify Genesee County/Flint, Michigan.",204,e3b0c44298fc1c149afbf4c8996fb92427ae41e4649b934ca495991b7852b855,unknown,unknown — verification required,[],[],continuous or ad hoc; check before use,"Michigan Supreme Court rule order, legislation, revised form, local administrative order, judge assignment, or clerk notice.",free,Use short quotations with citation; do not reproduce protected material beyond lawful fair use.,quote-with-citation,"[""Synthetic example""]",Currency and case-specific application require confirmation.,medium — metadata verified where accessible; re-check current text.,examples/worked-deficiency-letter.md,"[""examples/worked-deficiency-letter.md""]",,,,,,,,
examples-worked-foundation-transcript,Worked Foundation Transcript,Worked Foundation Transcript,Michigan Supreme Court / State of Michigan,Worked synthetic example,Worked synthetic example,official_guidance,informational,Michigan statewide,Educational reference; verify the cited authority and current local practice before relying on it.,https://www.courts.michigan.gov/siteassets/rules-instructions-administrative-orders/michigan-court-rules/michigan-court-rules-responsive-html5.zip/Michigan_Court_Rules/,[],,unknown — verification required,unknown — verification required,unknown — verification required,2026-08-09,2026-08-09,direct fetch and package build,Read-only URL fetch by scripts/citation_url_checker.py; title/hash captured where accessible.,"Michigan Courts domain or source text identifies Michigan; local records identify Genesee County/Flint, Michigan.",204,e3b0c44298fc1c149afbf4c8996fb92427ae41e4649b934ca495991b7852b855,unknown,unknown — verification required,[],[],continuous or ad hoc; check before use,"Michigan Supreme Court rule order, legislation, revised form, local administrative order, judge assignment, or clerk notice.",free,Use short quotations with citation; do not reproduce protected material beyond lawful fair use.,quote-with-citation,"[""Synthetic example""]",Currency and case-specific application require confirmation.,medium — metadata verified where accessible; re-check current text.,examples/worked-foundation-transcript.md,"[""examples/worked-foundation-transcript.md""]",,,,,,,,
examples-worked-motion-to-compel,Worked Motion To Compel,Worked Motion To Compel,Michigan Supreme Court / State of Michigan,Worked synthetic example,Worked synthetic example,official_guidance,informational,Michigan statewide,Educational reference; verify the cited authority and current local practice before relying on it.,https://www.courts.michigan.gov/siteassets/rules-instructions-administrative-orders/michigan-court-rules/michigan-court-rules-responsive-html5.zip/Michigan_Court_Rules/,[],,unknown — verification required,unknown — verification required,unknown — verification required,2026-08-09,2026-08-09,direct fetch and package build,Read-only URL fetch by scripts/citation_url_checker.py; title/hash captured where accessible.,"Michigan Courts domain or source text identifies Michigan; local records identify Genesee County/Flint, Michigan.",204,e3b0c44298fc1c149afbf4c8996fb92427ae41e4649b934ca495991b7852b855,unknown,unknown — verification required,[],[],continuous or ad hoc; check before use,"Michigan Supreme Court rule order, legislation, revised form, local administrative order, judge assignment, or clerk notice.",free,Use short quotations with citation; do not reproduce protected material beyond lawful fair use.,quote-with-citation,"[""Synthetic example""]",Currency and case-specific application require confirmation.,medium — metadata verified where accessible; re-check current text.,examples/worked-motion-to-compel.md,"[""examples/worked-motion-to-compel.md""]",,,,,,,,
examples-worked-objection,Worked Objection,Worked Objection,Michigan Supreme Court / State of Michigan,Worked synthetic example,Worked synthetic example,official_guidance,informational,Michigan statewide,Educational reference; verify the cited authority and current local practice before relying on it.,https://www.courts.michigan.gov/siteassets/rules-instructions-administrative-orders/michigan-court-rules/michigan-court-rules-responsive-html5.zip/Michigan_Court_Rules/,[],,unknown — verification required,unknown — verification required,unknown — verification required,2026-08-09,2026-08-09,direct fetch and package build,Read-only URL fetch by scripts/citation_url_checker.py; title/hash captured where accessible.,"Michigan Courts domain or source text identifies Michigan; local records identify Genesee County/Flint, Michigan.",204,e3b0c44298fc1c149afbf4c8996fb92427ae41e4649b934ca495991b7852b855,unknown,unknown — verification required,[],[],continuous or ad hoc; check before use,"Michigan Supreme Court rule order, legislation, revised form, local administrative order, judge assignment, or clerk notice.",free,Use short quotations with citation; do not reproduce protected material beyond lawful fair use.,quote-with-citation,"[""Synthetic example""]",Currency and case-specific application require confirmation.,medium — metadata verified where accessible; re-check current text.,examples/worked-objection.md,"[""examples/worked-objection.md""]",,,,,,,,
examples-worked-rfa-set,Worked Rfa Set,Worked Rfa Set,Michigan Supreme Court / State of Michigan,Worked synthetic example,Worked synthetic example,official_guidance,informational,Michigan statewide,Educational reference; verify the cited authority and current local practice before relying on it.,https://www.courts.michigan.gov/siteassets/rules-instructions-administrative-orders/michigan-court-rules/michigan-court-rules-responsive-html5.zip/Michigan_Court_Rules/,[],,unknown — verification required,unknown — verification required,unknown — verification required,2026-08-09,2026-08-09,direct fetch and package build,Read-only URL fetch by scripts/citation_url_checker.py; title/hash captured where accessible.,"Michigan Courts domain or source text identifies Michigan; local records identify Genesee County/Flint, Michigan.",204,e3b0c44298fc1c149afbf4c8996fb92427ae41e4649b934ca495991b7852b855,unknown,unknown — verification required,[],[],continuous or ad hoc; check before use,"Michigan Supreme Court rule order, legislation, revised form, local administrative order, judge assignment, or clerk notice.",free,Use short quotations with citation; do not reproduce protected material beyond lawful fair use.,quote-with-citation,"[""Synthetic example""]",Currency and case-specific application require confirmation.,medium — metadata verified where accessible; re-check current text.,examples/worked-rfa-set.md,"[""examples/worked-rfa-set.md""]",,,,,,,,
examples-worked-rfp-set,Worked Rfp Set,Worked Rfp Set,Michigan Supreme Court / State of Michigan,Worked synthetic example,Worked synthetic example,official_guidance,informational,Michigan statewide,Educational reference; verify the cited authority and current local practice before relying on it.,https://www.courts.michigan.gov/siteassets/rules-instructions-administrative-orders/michigan-court-rules/michigan-court-rules-responsive-html5.zip/Michigan_Court_Rules/,[],,unknown — verification required,unknown — verification required,unknown — verification required,2026-08-09,2026-08-09,direct fetch and package build,Read-only URL fetch by scripts/citation_url_checker.py; title/hash captured where accessible.,"Michigan Courts domain or source text identifies Michigan; local records identify Genesee County/Flint, Michigan.",204,e3b0c44298fc1c149afbf4c8996fb92427ae41e4649b934ca495991b7852b855,unknown,unknown — verification required,[],[],continuous or ad hoc; check before use,"Michigan Supreme Court rule order, legislation, revised form, local administrative order, judge assignment, or clerk notice.",free,Use short quotations with citation; do not reproduce protected material beyond lawful fair use.,quote-with-citation,"[""Synthetic example""]",Currency and case-specific application require confirmation.,medium — metadata verified where accessible; re-check current text.,examples/worked-rfp-set.md,"[""examples/worked-rfp-set.md""]",,,,,,,,
foc-124-dv-screening,"FOC 124, Domestic Violence Screening",FOC 124,SCAO,FOC 124,FOC 124,official_form,binding_if_applicable,Michigan statewide FOC practice,DV screening instrument; not visible to other parent per FOC practice guidance — confirm FOCB materials and local FOC. Critical for mediation/joint meeting safety.,https://www.courts.michigan.gov/siteassets/forms/scao-approved/foc124.pdf,[],,,,,2026-08-09,2026-08-09,official URL in search index; robots-blocked fetch,URL confirmed on courts.michigan.gov forms path; content not retrieved.,SCAO FOC forms,disallow_by_robots,unavailable — see audit verification method,unknown,,[],"[""mdhhs-ivd-1-15-family-violence"", ""mji-dv-bb""]",unknown,[],free,,quote-with-citation,[],"[""Full form instructions and confidentiality legend not extracted this run."", ""Confirm local Genesee FOC administration of FOC 124.""]",high URL identity; low content verification,,"[""references/guidance/mdhhs-family-violence-and-dv-screening.md"", ""references/guidance/scao-forms.md"", ""references/audit/deep-research-source-audit-2026-08-09.md"", ""references/audit/audit-form-and-supplement-drift.md""]",,,forms,False,deep-research audit 2026-08-09,references/audit/deep-research-source-ledger-2026-08-09.json,,
foc-68-objection,"FOC 68, Objection to Referee's Recommended Order",FOC 68,SCAO,FOC 68,FOC 68 (SCAO-approved form); seed lists Rev. 3/21 — confirm on face,official_form,binding_if_applicable,Michigan statewide,Statewide form to object to referee recommended order; local Genesee packet may wrap with instructions.,https://www.courts.michigan.gov/4a75b2/siteassets/forms/scao-approved/foc68.pdf,"[""https://www.courts.michigan.gov/siteassets/forms/scao-approved/foc68.pdf"", ""https://www.courts.michigan.gov/siteassets/forms/scao-approved/instfoc68.pdf"", ""https://www.icle.org/contentfiles/scao/FOC68.pdf""]",,,,Seed: Rev. 3/21 — MUST confirm against official PDF face,2026-08-09,2026-08-09,official URL index + ICLE SCAO form mirror fetch,Official courts.michigan.gov FOC68.pdf path confirmed; robots-blocked. ICLE contentfiles/scao/FOC68.pdf fetched 2026-08-09 as nonofficial mirror.,SCAO form numbering FOC 68,official: disallow_by_robots; icle mirror: 200,unavailable — see audit verification method,unknown,,[],"[""mcr-3-215-referee-hearings"", ""genesee-foc-objection-packet"", ""mcl-552-507-referee-review""]",ad hoc SCAO revision,"[""new Rev. code on form footer""]",free,,quote-with-citation,"[""FOC 68""]","[""FORM REVISION DRIFT: seed says Rev. 3/21; confirm current official footer. Prefer courts.michigan.gov over ICLE mirror for filing.""]",high form identity; medium revision code without official PDF,,"[""references/genesee/objection-to-referee-recommendation.md"", ""references/guidance/scao-forms.md"", ""references/audit/deep-research-source-audit-2026-08-09.md"", ""references/audit/audit-form-and-supplement-drift.md"", ""cheatsheet/L1-pro-se-guide.md""]",,,forms,False,deep-research audit 2026-08-09,references/audit/deep-research-source-ledger-2026-08-09.json,,
foc-72-records-access,"FOC 72, Request to Access Friend of the Court Records",FOC 72,SCAO,FOC 72,FOC 72,official_form,binding_if_applicable,Michigan statewide,,https://www.courts.michigan.gov/4988d1/siteassets/forms/scao-approved/foc72.pdf,"[""https://www.icle.org/contentfiles/scao/FOC72.pdf""]",,,,,2026-08-09,2026-08-09,URL index + ICLE mirror fetch,Official path robots-blocked; ICLE FOC72.pdf fetched 2026-08-09.,SCAO FOC form series,official blocked; mirror 200,unavailable — see audit verification method,unknown,,[],"[""foc-act-1982-pa-294""]",unknown,[],free,,quote-with-citation,[],"[""Confirm current Rev. code on official PDF.""]",high identity; medium revision,,"[""references/guidance/scao-forms.md"", ""references/audit/deep-research-source-audit-2026-08-09.md"", ""references/audit/audit-form-and-supplement-drift.md""]",,,forms,False,deep-research audit 2026-08-09,references/audit/deep-research-source-ledger-2026-08-09.json,,
foc-act-1982-pa-294,Friend of the Court Act,FOC Act,Michigan Legislature,1982 PA 294; MCL 552.501 et seq.,"Friend of the Court Act, 1982 PA 294, MCL 552.501 et seq.",statute,binding,Michigan statewide,"FOC duties, structure, grievances, records, investigations/recommendations framework.",https://www.legislature.mi.gov/Laws/MCL?objectName=mcl-Act-294-of-1982,"[""https://www.legislature.mi.gov/Laws/MCL?objectName=MCL-552-501"", ""https://law.justia.com/codes/michigan/chapter-552/act-294-of-1982/"", ""https://codes.findlaw.com/mi/chapter-552-divorce/mi-comp-laws-552-501/""]",,,,,2026-08-09,2026-08-09,legislature URL cataloged; official site bad_robots_code; Justia act page + FindLaw 552.501 fetched,Official legislature.mi.gov URLs confirmed. Automated fetch bad_robots_code. Justia Act 294 of 1982 page and FindLaw MCL 552.501 fetched 2026-08-09 as unofficial reprints.,Michigan compiled laws chapter 552,official blocked; mirrors 200,unavailable — see audit verification method,unknown,,[],"[""mcl-552-507-referee-review"", ""sptea-1982-pa-295"", ""mcr-3-215-referee-hearings""]",legislative session,[],free,,quote-with-citation,"[""MCL 552.501"", ""MCL 552.507"", ""MCL 552.507a""]","[""Prefer legislature.mi.gov human session for authoritative text; mirrors may lag amendments.""]",high act identity; medium mirror currency,,"[""references/michigan/foc-act.md"", ""references/audit/deep-research-source-audit-2026-08-09.md""]",,,statutes,False,deep-research audit 2026-08-09,references/audit/deep-research-source-ledger-2026-08-09.json,,
foc-model-handbook,Friend of the Court Bureau Model Friend of the Court Handbook,FOC Model Handbook,SCAO Friend of the Court Bureau,FOCB Model Handbook,SCAO/FOCB Model Friend of the Court Handbook (county-hosted copies verified),official_guidance,advisory_only,Michigan statewide model (local handbooks may differ),Model plain-language handbook. Genesee has its own 2022 handbook. Prefer SCAO master if located.,,"[""https://www.courts.michigan.gov/""]",,,,,2026-08-09,2026-08-09,direct fetch of Marquette and Kalkaska hosted copies,Fetched Marquette FOCB handbook PDF and Kalkaska copy 2026-08-09. Official courts.michigan.gov master URL not confirmed.,FOCB/SCAO model content,200 on county mirrors,unavailable — see audit verification method,unknown,,[],"[""genesee-foc-handbook-2022"", ""foc-act-1982-pa-294""]",unknown,[],free,,quote-with-citation,[],"[""Official SCAO-hosted master URL not verified this run — county mirrors labeled nonofficial hosts of model content."", ""official_url is null because a current official deep link was not verified; use the listed official landing page and verify before reliance.""]",medium,,"[""references/guidance/foc-model-handbook.md"", ""references/audit/deep-research-source-audit-2026-08-09.md""]",,,guidance,True,deep-research audit 2026-08-09,references/audit/deep-research-source-ledger-2026-08-09.json,"[""https://cms4files.revize.com/marquettemi/departments/friend_of_the_court/docs/focb_hbk.pdf"", ""https://lookup.circuit46.org/Kalkaska/forms/c46k_focb_hbk.pdf""]",
genesee-bench-roster-composite-2026,Genesee Family Division Bench/Referee Roster — Composite Cross-Check,Family bench roster cross-check,"Composite from FOC staff page snippets, Family Court Plan, Hearsay, ICLE Q&A, judge policy PDFs",,,local_practice,informational,7th Judicial Circuit (Genesee) Family Division,NOT a single official roster document. Synthesizes multiple sources that partially conflict in currency. User must confirm assigned judge/referee with clerk.,,"[""https://www.geneseecountymi.gov/courts_and_law_enforcement/friend_of_the_court/staff_contact_information.php""]",,,,,2026-08-09,2026-08-09,search snippets + partial page fetches + LAO extracts,"FOC staff page snippet lists Family Court Judges Heath, Weier, Gadola, Hanible and Domestic Referees Butler, Cottington-Heath, Kerr, O'Brien, Juvenile Referee Hood; Hearsay/ICLE indicate Mary A. Hood and Anthony J. McDowell joined family bench from FOC referee/director roles; LAO 2024-03 predates some elevations.",All component sources name Genesee/7th Circuit Michigan,mixed,unavailable — see audit verification method,n/a (composite),,[],[],unknown,[],free,,quote-with-citation,[],"[""CONFLICT RISK: FOC staff page still listing \""Juvenile Referee Hood\"" while Judge Mary A. Hood policies PDF exists for Room 501 — roster pages lag promotions."", ""Judge Anthony J. McDowell policies PDF not successfully fetched (site robots); ICLE May 2026 Q&A says policies on 7th Circuit website."", ""Full current family-division appendix from C07 2025-04J must be manually transcribed from PDF for package L2."", ""Case-assignment LAO 2024-03 likely incomplete as to Hood/McDowell."", ""Staff contact page fetch intermittently robots-blocked."", ""official_url is null because a current official deep link was not verified; use the listed official landing page and verify before reliance.""]",medium — names corroborated across sources but official single roster not locked,,"[""references/genesee/judge-policies/ariana-e-heath.md"", ""references/genesee/judge-policies/dawn-m-weier.md"", ""references/genesee/judge-policies/john-a-gadola.md"", ""references/genesee/judge-policies/khary-l-hanible.md"", ""references/audit/deep-research-source-audit-2026-08-09.md"", ""references/audit/audit-high-risk-gaps.md"", ""references/audit/audit-roster-conflicts.md"", ""cheatsheet/L0-hearing-day-card.md"", ""cheatsheet/L1-pro-se-guide.md"", ""references/genesee/local-administrative-orders.md""]",,,genesee,,deep-research audit 2026-08-09,references/audit/deep-research-source-ledger-2026-08-09.json,"[""https://cms2.revize.com/revize/geneseecountyjudicialcourt/Documents/General%20Information/Local%20Administrative%20Orders/2025/C07%202025-04.pdf"", ""https://cms2.revize.com/revize/geneseecountyjudicialcourt/Documents/General%20Information/Local%20Administrative%20Orders/2024/Approved-2024-03-Case-Assignments.pdf"", ""https://community.icle.org/blogs/lindsey-a-dicesare/2026/05/18/qa-with-judge-anthony-j-mcdowell-7th-circuit-court""]",
genesee-court-home,"7th Judicial Circuit Court: Genesee County, MI (court website home)",Genesee 7th Circuit home,"7th Judicial Circuit Court (Genesee County, Michigan)",,7th Judicial Circuit Court website,local_practice,informational,"7th Judicial Circuit (Genesee County, Michigan)",Jurisdiction anchor for Genesee County family/circuit court local materials. Does NOT itself state all LAOs or judge policies.,https://7thcircuitcourt.com/,"[""https://7thcircuitcourt.com/court-overview-and-resources/""]",,,,,2026-08-09,2026-08-09,direct fetch attempt + search index + secondary page confirmation,"Fetch returned bad_robots_code on 2026-08-09; domain and title confirmed via search index (title: 7th Judicial Circuit Court: Genesee County, MI) and successful fetches of cms2.revize.com court PDFs that name Genesee/Flint/C07.","Site name Genesee County, MI; contrast control fetch of circuit7.org (Florida 7th Judicial Circuit) confirms wrong-jurisdiction trap.",blocked_robots,unavailable — see audit verification method,no,,[],[],ad hoc,"[""new LAO posted"", ""judge election/appointment"", ""site redesign""]",free (automated fetch blocked by robots),,quote-with-citation,[],"[""Home page body not machine-readable this run due to robots block; human should open site directly.""]",high — domain identity confirmed; full page text not extracted,,"[""references/genesee/filing-service-efiling.md"", ""references/audit/deep-research-source-audit-2026-08-09.md""]",,,genesee,False,deep-research audit 2026-08-09,references/audit/deep-research-source-ledger-2026-08-09.json,,
family-court-plan,Genesee Family Court Plan,Genesee Family Court Plan,Michigan Supreme Court / State of Michigan,C07 2025-04J / P25 2025-02J,C07 2025-04J / P25 2025-02J,administrative_order,binding,7th Judicial Circuit (Genesee),Educational reference; verify the cited authority and current local practice before relying on it.,https://cms2.revize.com/revize/geneseecountyjudicialcourt/Documents/General%20Information/Local%20Administrative%20Orders/2025/C07%202025-04.pdf,[],,2025-06-02,2025-06-03,"Signed/dated June 2, 2025 by Chief Judge David J. Newblatt; seed note approved 6/3/2025",2026-08-09,2026-08-09,direct fetch + PDF text extraction,"Fetched PDF 2026-08-09; order numbers, rescission of C07 2025-01J, chief judge, addresses, statutory authority extracted from document.",Caption STATE OF MICHIGAN / 7TH JUDICIAL CIRCUIT / GENESEE COUNTY PROBATE COURT; C07 and P25 numbering; Flint address 900 S. Saginaw St.,200,aa3e1de54cce77e827b421d6b10480f0dc2a59665ee44e23b4e07625fb1ff0b7,no,unknown — verification required,"[""C07 2025-01J"", ""P25 2025-01J""]","[""genesee-lao-2025-04j-family-court-plan""]",at least every 2 years / on judicial assignment change,"[""Michigan Supreme Court rule order, legislation, revised form, local administrative order, judge assignment, or clerk notice."", ""family division assignment change"", ""new joint LAO"", ""SCAO Family Court Plan guideline update""]",free,Use short quotations with citation; do not reproduce protected material beyond lawful fair use.,quote-with-citation,"[""C07 2025-04J/P25 2025-02J"", ""C07 2025-04J"", ""P25 2025-02J"", ""MCL 600.1001-600.1043""]","[""Full appendix list of family-division judges must be cross-checked against case-assignment LAO and individual judge pages — assignment LAO is 2024-03 and may predate 2025 plan and newer judges (Hood, McDowell)."", ""Effective/approval date: signature block June 2, 2025 vs seed note approved 6/3/2025 — minor date ambiguity."", ""Currency and case-specific application require confirmation.""]",high,references/genesee/family-court-plan.md,"[""references/genesee/family-court-plan.md""]","[""genesee-lao-2025-04j-family-court-plan""]","family-court-source-ledger.json (deep research, 2026-08-09)",,,,,,
genesee-filing-service-efiling,"Genesee Filing, Service, and E-filing","Genesee Filing, Service, and E-filing",Michigan Supreme Court / State of Michigan,MCR 2.105; 2.107; 3.203; MiFILE list,MCR 2.105; 2.107; 3.203; MiFILE list,court_rule,binding,7th Judicial Circuit (Genesee),Educational reference; verify the cited authority and current local practice before relying on it.,https://mifile.courts.michigan.gov/availablecourts,"[""https://www.geneseecountymi.gov/courts_and_law_enforcement/friend_of_the_court/index.php"", ""https://info.courts.mi.gov/hubfs/mifilecourtlist.pdf"", ""https://www.courts.michigan.gov/494f83/siteassets/mifile/mifilecourtlist.pdf"", ""https://7thcircuitcourt.com/court-overview-and-resources/""]",,unknown — verification required,unknown — verification required,unknown — verification required,2026-08-09,2026-08-09,direct fetch of availablecourts page + info.courts.mi.gov hubspot PDF,Fetched mifile.courts.michigan.gov/availablecourts and info.courts.mi.gov/hubfs/mifilecourtlist.pdf on 2026-08-09. Package must state Genesee status from the fetched list face with line quote.,Michigan MiFILE program,200,unavailable — primary text robots-blocked or unfetched in deep-research audit,unknown,unknown — verification required,[],"[""mifile-available-courts"", ""genesee-court-home"", ""genesee-foc-online-forms""]",as courts onboard,"[""Michigan Supreme Court rule order, legislation, revised form, local administrative order, judge assignment, or clerk notice."", ""Genesee MiFILE expansion announcement"", ""new LAO posted"", ""judge election/appointment"", ""site redesign"", ""packet PDF replaced"", ""SCAO form revision""]",free,Use short quotations with citation; do not reproduce protected material beyond lawful fair use.,quote-with-citation,"[""MCR 2.105"", ""MCR 2.107"", ""MCR 3.203""]","[""Absence from list is strong evidence Genesee is not on MiFILE for listed case types as of access date, but lists can change without notice — confirm with Genesee Circuit Court clerk/records."", ""Local document-management (OnBase/WebTCS/JIS) is separate from MiFILE — do not conflate imaging with statewide e-filing."", ""Home page body not machine-readable this run due to robots block; human should open site directly."", ""Individual packet URLs may use geneseecountymi vs genessecountymi (double-s) revize hosts — both observed; link rot risk."", ""Current Genesee MiFILE coverage/mandatory status must be verified against the current SCAO list and court site; this package does not certify availability. Content hash changed across two build reads; page may be dynamic. Confirm document revision/current text before use.""]",high for non-listing on fetched official lists as of 2026-08-09; medium for future status,references/genesee/filing-service-efiling.md,"[""cheatsheet/L1-pro-se-guide.md"", ""references/genesee/filing-service-efiling.md"", ""templates/proof-of-service.md""]","[""mifile-available-courts"", ""genesee-court-home"", ""genesee-foc-online-forms""]","family-court-source-ledger.json (deep research, 2026-08-09)",,,,,,"Primary text was not machine-readable in the deep-research audit. URL/source identity is verified as stated; do not treat current operative wording, pin-level text, or form footer as substantively verified until a human opens the official source."
genesee-foc-custody-motion,Custody Motion (Genesee FOC pro per packet),Genesee custody motion packet,Genesee County Friend of the Court,,,official_form,binding_if_applicable,Genesee FOC,,https://cms7files.revize.com/geneseecountymi/Document_Center/Courts%20and%20Law%20Enforcement/Friend%20of%20the%20Court/Online%20Forms/Pro%20Per/fillable%20Custody%20motion.pdf,[],,,,,2026-08-09,2026-08-09,direct fetch + PDF text extraction,Fetched 2026-08-09.,Genesee FOC Document Center,200,unavailable — see audit verification method,unknown,,[],"[""mcl-722-21"", ""foc-87""]",unknown,[],free,,quote-with-citation,[],[],high,,"[""references/audit/deep-research-source-audit-2026-08-09.md""]",,,genesee,True,deep-research audit 2026-08-09,references/audit/deep-research-source-ledger-2026-08-09.json,,
genesee-foc-handbook-2022,Genesee County Friend of the Court Handbook (2022),Genesee FOC Handbook 2022,Genesee County Friend of the Court,,Genesee FOC Handbook (2022),official_guidance,advisory_only,Genesee FOC,"Local plain-language handbook describing FOC duties, ADR, enforcement overview. Not a substitute for FOC Act, SPTEA, MCR 3.215, or SCAO model handbook.",https://cms7files.revize.com/genessecountymi/New%20Handbook%202022.pdf,[],,2022,2022,2022 edition; no newer Genesee-specific handbook located this run,2026-08-09,2026-08-09,direct fetch + PDF text extraction,Fetched 2026-08-09; 2022 handbook content extracted.,Genesee FOC branding on PDF/path,200,unavailable — see audit verification method,partial,"Possibly stale relative to 2025 MCSF, 2025 Family Court Plan, and post-2022 bench/FOC leadership changes",[],"[""foc-model-handbook"", ""foc-act"", ""sptea""]",irregular,"[""new local handbook PDF""]",free,,quote-with-citation,[],"[""2022 edition may predate current FOC director/practices; treat as advisory and confirm procedures with FOC.""]",high for 2022 text; medium for current practice match,,"[""references/genesee/foc-office-and-referees.md"", ""references/audit/deep-research-source-audit-2026-08-09.md""]",,,genesee,True,deep-research audit 2026-08-09,references/audit/deep-research-source-ledger-2026-08-09.json,,
genesee-foc-home,Friend of the Court — Genesee County,Genesee FOC home,Genesee County Friend of the Court,,,local_practice,informational,Genesee FOC,"County FOC landing page: contacts, services overview, links to forms/handbook.",https://www.geneseecountymi.gov/courts_and_law_enforcement/friend_of_the_court/index.php,[],,,,,2026-08-09,2026-08-09,direct fetch,Fetched 2026-08-09; Genesee County MI FOC page content retrieved.,geneseecountymi.gov domain and FOC path,200,unavailable — see audit verification method,unknown,,[],[],ad hoc,"[""FOC director change"", ""form library reorg""]",free,,quote-with-citation,[],[],high,,"[""references/genesee/foc-office-and-referees.md"", ""references/audit/deep-research-source-audit-2026-08-09.md""]",,,genesee,True,deep-research audit 2026-08-09,references/audit/deep-research-source-ledger-2026-08-09.json,,
genesee-foc-misc-motion-packet,Miscellaneous Motion (Genesee FOC pro per packet),Genesee misc motion packet,Genesee County Friend of the Court,,,official_form,binding_if_applicable,Genesee FOC,,https://cms7files.revize.com/genessecountymi/Document_Center/Courts%20and%20Law%20Enforcement/Friend%20of%20the%20Court/Online%20Forms/Pro%20Per/fillable%20Misc%20Motion.pdf,[],,,,,2026-08-09,2026-08-09,direct fetch + PDF text extraction,Fetched 2026-08-09 (note host spelling genessecountymi).,Genesee FOC Document Center,200,unavailable — see audit verification method,unknown,,[],[],unknown,[],free,,quote-with-citation,[],"[""Host uses genessecountymi (extra s) — fragile URL; prefer links from online_forms.php index.""]",high,,"[""references/audit/deep-research-source-audit-2026-08-09.md""]",,,genesee,True,deep-research audit 2026-08-09,references/audit/deep-research-source-ledger-2026-08-09.json,,
genesee-foc-objection-packet,Objection to Referee Recommendation re Custody and Parenting Time (Genesee pro per packet),Genesee referee objection packet,Genesee County Friend of the Court (packet assembling SCAO FOC 68 and local instructions),FOC 68 (SCAO form inside packet); local packet untitled beyond descriptive filename,Genesee FOC pro per referee objection packet (includes FOC 68),official_form,binding_if_applicable,Genesee FOC / 7th Circuit family division,Local filing packet for objecting to referee recommended order on custody/PT. Implements MCR 3.215 / MCL 552.507 objection pathway with local service steps. Do not file at FOC per typical packet instruction — verify on face of current packet.,https://cms7files.revize.com/geneseecountymi/Document_Center/Courts%20and%20Law%20Enforcement/Friend%20of%20the%20Court/Online%20Forms/Pro%20Per/fillable%20referee%20objection%20re%20custody%20and%20PT.pdf,"[""https://cms7files.revize.com/geneseecountymi/Document_Center/Courts%20and%20Law%20Enforcement/Friend%20of%20the%20Court/Online%20Forms/Pro%20Per/fillable%20referee%20objection%20re%20custody%20and%20PT.pdf""]",,,,,2026-08-09,2026-08-09,direct fetch + PDF text extraction,Fetched 2026-08-09; packet content extracted including FOC 68 references and local timing/service instructions.,Genesee FOC Document Center path,200,unavailable — see audit verification method,unknown,,[],"[""foc-68-objection"", ""mcr-3-215"", ""mcl-552-507""]",ad hoc,"[""FOC 68 revision"", ""local packet rewrite""]",free,,quote-with-citation,"[""FOC 68"", ""MCR 3.215"", ""21-day objection window (statewide)""]","[""Confirm exact local ≥9-day service and ≥7-day certificate-of-mailing steps from packet face when drafting L1 — present in master prompt seed; verify against current PDF line-by-line."", ""No-fee objection filing: confirm current fee schedule with clerk."", ""SCAO FOC 68 official PDF robots-blocked this run; ICLE mirror FOC68 fetched as secondary.""]",high for packet authenticity; medium for every local timing pin until line-quoted in L2,,"[""references/genesee/objection-to-referee-recommendation.md"", ""references/audit/deep-research-source-audit-2026-08-09.md""]",,,genesee,True,deep-research audit 2026-08-09,references/audit/deep-research-source-ledger-2026-08-09.json,,
genesee-foc-office-and-referees,Genesee FOC Office and Referees,Genesee FOC Office and Referees,Michigan Supreme Court / State of Michigan,Genesee FOC official site,Genesee FOC official site,local_practice,informational,Genesee FOC,Educational reference; verify the cited authority and current local practice before relying on it.,https://www.geneseecountymi.gov/courts_and_law_enforcement/friend_of_the_court/index.php,[],,unknown — verification required,unknown — verification required,unknown — verification required,2026-08-09,2026-08-09,direct fetch,Fetched 2026-08-09; Genesee County MI FOC page content retrieved.,geneseecountymi.gov domain and FOC path,200,94e85822a767bd5afcc48a21291183d86ece4c60f5cc848edb8583df13905445,unknown,unknown — verification required,[],"[""genesee-foc-home"", ""genesee-foc-online-forms"", ""genesee-foc-handbook-2022""]",ad hoc,"[""Michigan Supreme Court rule order, legislation, revised form, local administrative order, judge assignment, or clerk notice."", ""FOC director change"", ""form library reorg"", ""packet PDF replaced"", ""SCAO form revision"", ""new local handbook PDF""]",free,Use short quotations with citation; do not reproduce protected material beyond lawful fair use.,quote-with-citation,"[""Genesee FOC official site""]","[""Individual packet URLs may use geneseecountymi vs genessecountymi (double-s) revize hosts — both observed; link rot risk."", ""2022 edition may predate current FOC director/practices; treat as advisory and confirm procedures with FOC."", ""Currency and case-specific application require confirmation. Content hash changed across two build reads; page may be dynamic. Confirm document revision/current text before use.""]",high,references/genesee/foc-office-and-referees.md,"[""references/genesee/foc-office-and-referees.md""]","[""genesee-foc-home"", ""genesee-foc-online-forms"", ""genesee-foc-handbook-2022""]","family-court-source-ledger.json (deep research, 2026-08-09)",,,,,,
genesee-foc-online-forms,Friend of the Court Online Forms (Genesee County),Genesee FOC form library,Genesee County Friend of the Court,,,official_form,binding_if_applicable,Genesee FOC,Index of pro per packets and general FOC forms. Form revision drift risk high — always open linked PDF for Rev. code.,https://www.geneseecountymi.gov/courts_and_law_enforcement/friend_of_the_court/online_forms.php,[],,,,,2026-08-09,2026-08-09,direct fetch,"Fetched 2026-08-09; page lists pro per packets including referee objection, misc motion, custody motion.",Genesee County domain,200,unavailable — see audit verification method,unknown,,[],"[""genesee-foc-objection-packet"", ""foc-68-objection"", ""genesee-foc-misc-motion-packet""]",ad hoc,"[""packet PDF replaced"", ""SCAO form revision""]",free,,quote-with-citation,[],"[""Individual packet URLs may use geneseecountymi vs genessecountymi (double-s) revize hosts — both observed; link rot risk.""]",high,,"[""references/genesee/filing-service-efiling.md"", ""references/genesee/foc-office-and-referees.md"", ""references/audit/deep-research-source-audit-2026-08-09.md""]",,,genesee,True,deep-research audit 2026-08-09,references/audit/deep-research-source-ledger-2026-08-09.json,,
genesee-hearsay-oct-2025,Hearsay Newsletter — October 2025,Hearsay Oct 2025,7th Judicial Circuit Court (Genesee),,,local_practice,informational,7th Judicial Circuit (Genesee),Court newsletter; useful for bench/staffing color and LRC updates. Not an LAO.,https://cms2.revize.com/revize/geneseecountyjudicialcourt/Documents/General%20Information/Courthouse%20History/Hearsay%20Newsletter/2025/Hearsay%20October%202025.pdf,[],,2025-10,,,2026-08-09,2026-08-09,direct fetch,Fetched 2026-08-09.,Genesee court CMS path and content,200,unavailable — see audit verification method,unknown,,[],[],unknown,[],free,,quote-with-citation,[],[],high,,"[""references/audit/deep-research-source-audit-2026-08-09.md""]",,,genesee,True,deep-research audit 2026-08-09,references/audit/deep-research-source-ledger-2026-08-09.json,,
genesee-judge-hood-policies,Judge Mary A. Hood — Policies and Procedures,Judge Hood policies,"Hon. Mary A. Hood, 7th Judicial Circuit Court (Family Division)",,Judge Mary A. Hood Policies & Procedures (7th Circuit / Genesee),local_practice,binding_if_applicable,7th Judicial Circuit (Genesee) — cases assigned to Judge Hood,"Judge-specific motion practice, Zoom, chambers contacts. Does not override MCR/LCR/LAO. Applies only to her docket.",https://cms2.revize.com/revize/geneseecountyjudicialcourt/Documents/General%20Information/Judges/Hood-Policies-and-Procedures.pdf,[],,,,,2026-08-09,2026-08-09,direct fetch + PDF text extraction,"Fetched 2026-08-09; name, Room 501, Flint address, phone (810) 257-3230, Zoom ID, staff emails extracted.","900 S. Saginaw Street, Room 501, Flint, Michigan 48502; Genesee court CMS.",200,unavailable — see audit verification method,no,,[],"[""genesee-lao-2025-04j-family-court-plan"", ""genesee-notice-motion-practice"", ""mcr-2-119""]",ad hoc,"[""judge policy PDF replaced"", ""assignment change""]",free,,quote-with-citation,[],"[""Confirm motion day/call times and exhibit submission rules from full PDF when drafting judge-specific L2 file; extract notes Zoom ID 576-85… (truncated in extract).""]",high,,"[""references/audit/deep-research-source-audit-2026-08-09.md""]",,,genesee,True,deep-research audit 2026-08-09,references/audit/deep-research-source-ledger-2026-08-09.json,,
genesee-judge-pickell-policies,Judge Brian S. Pickell — Policies & Procedures,Judge Pickell policies,"Hon. Brian S. Pickell, 7th Judicial Circuit Court",,,local_practice,binding_if_applicable,7th Judicial Circuit (Genesee) — cases assigned to Judge Pickell,Judge-specific procedures. Confirm whether Pickell currently sits family division before using in family toolkit defaults.,https://cms2.revize.com/revize/geneseecountyjudicialcourt/Documents/General%20Information/Judges/Policy-and-Procedures-Pickell.pdf,[],,,,,2026-08-09,2026-08-09,direct fetch + PDF text extraction,Fetched 2026-08-09; policies PDF authentic on Genesee CMS.,Genesee court CMS path; staff @geneseecountymi.gov,200,unavailable — see audit verification method,unknown,,[],[],unknown,[],free,,quote-with-citation,[],"[""Division assignment (family vs other) must be confirmed against current Family Court Plan appendix and assignment LAO.""]",high for document; medium for family-division relevance,,"[""references/audit/deep-research-source-audit-2026-08-09.md""]",,,genesee,True,deep-research audit 2026-08-09,references/audit/deep-research-source-ledger-2026-08-09.json,,
genesee-judge-policies-ariana-e-heath,Judge Policy Verification: Ariana E Heath,Judge Policy Verification: Ariana E Heath,Michigan Supreme Court / State of Michigan,Current judge policy page,Current judge policy page,local_practice,informational,7th Judicial Circuit (Genesee),Educational reference; verify the cited authority and current local practice before relying on it.,https://cms2.revize.com/revize/geneseecountyjudicialcourt/Documents/General%20Information/Local%20Administrative%20Orders/2025/C07%202025-04.pdf,"[""https://www.geneseecountymi.gov/courts_and_law_enforcement/friend_of_the_court/staff_contact_information.php"", ""https://cms2.revize.com/revize/geneseecountyjudicialcourt/Documents/General%20Information/Local%20Administrative%20Orders/2025/C07%202025-04.pdf"", ""https://cms2.revize.com/revize/geneseecountyjudicialcourt/Documents/General%20Information/Local%20Administrative%20Orders/2024/Approved-2024-03-Case-Assignments.pdf"", ""https://community.icle.org/blogs/lindsey-a-dicesare/2026/05/18/qa-with-judge-anthony-j-mcdowell-7th-circuit-court""]",,unknown — verification required,unknown — verification required,unknown — verification required,2026-08-09,2026-08-09,search snippets + partial page fetches + LAO extracts,"FOC staff page snippet lists Family Court Judges Heath, Weier, Gadola, Hanible and Domestic Referees Butler, Cottington-Heath, Kerr, O'Brien, Juvenile Referee Hood; Hearsay/ICLE indicate Mary A. Hood and Anthony J. McDowell joined family bench from FOC referee/director roles; LAO 2024-03 predates some elevations.",All component sources name Genesee/7th Circuit Michigan,mixed,aa3e1de54cce77e827b421d6b10480f0dc2a59665ee44e23b4e07625fb1ff0b7,n/a (composite),unknown — verification required,[],"[""genesee-bench-roster-composite-2026""]",unknown,"[""Michigan Supreme Court rule order, legislation, revised form, local administrative order, judge assignment, or clerk notice.""]",free,Use short quotations with citation; do not reproduce protected material beyond lawful fair use.,quote-with-citation,"[""Current judge policy page""]","[""CONFLICT RISK: FOC staff page still listing \""Juvenile Referee Hood\"" while Judge Mary A. Hood policies PDF exists for Room 501 — roster pages lag promotions."", ""Judge Anthony J. McDowell policies PDF not successfully fetched (site robots); ICLE May 2026 Q&A says policies on 7th Circuit website."", ""Full current family-division appendix from C07 2025-04J must be manually transcribed from PDF for package L2."", ""Case-assignment LAO 2024-03 likely incomplete as to Hood/McDowell."", ""Staff contact page fetch intermittently robots-blocked."", ""No current individual policy PDF was verified in this build. Confirm current assignment, motion day/time, judge-copy, exhibits, Zoom, adjournments, and referee-objection practice directly with official court directory/chambers.""]",medium — names corroborated across sources but official single roster not locked,references/genesee/judge-policies/ariana-e-heath.md,"[""references/genesee/judge-policies/ariana-e-heath.md""]","[""genesee-bench-roster-composite-2026""]","family-court-source-ledger.json (deep research, 2026-08-09)",,,,,,
genesee-judge-policies-dawn-m-weier,Judge Policy Verification: Dawn M Weier,Judge Policy Verification: Dawn M Weier,Michigan Supreme Court / State of Michigan,Current judge policy page,Current judge policy page,local_practice,informational,7th Judicial Circuit (Genesee),Educational reference; verify the cited authority and current local practice before relying on it.,https://cms2.revize.com/revize/geneseecountyjudicialcourt/Documents/General%20Information/Local%20Administrative%20Orders/2025/C07%202025-04.pdf,"[""https://www.geneseecountymi.gov/courts_and_law_enforcement/friend_of_the_court/staff_contact_information.php"", ""https://cms2.revize.com/revize/geneseecountyjudicialcourt/Documents/General%20Information/Local%20Administrative%20Orders/2025/C07%202025-04.pdf"", ""https://cms2.revize.com/revize/geneseecountyjudicialcourt/Documents/General%20Information/Local%20Administrative%20Orders/2024/Approved-2024-03-Case-Assignments.pdf"", ""https://community.icle.org/blogs/lindsey-a-dicesare/2026/05/18/qa-with-judge-anthony-j-mcdowell-7th-circuit-court""]",,unknown — verification required,unknown — verification required,unknown — verification required,2026-08-09,2026-08-09,search snippets + partial page fetches + LAO extracts,"FOC staff page snippet lists Family Court Judges Heath, Weier, Gadola, Hanible and Domestic Referees Butler, Cottington-Heath, Kerr, O'Brien, Juvenile Referee Hood; Hearsay/ICLE indicate Mary A. Hood and Anthony J. McDowell joined family bench from FOC referee/director roles; LAO 2024-03 predates some elevations.",All component sources name Genesee/7th Circuit Michigan,mixed,aa3e1de54cce77e827b421d6b10480f0dc2a59665ee44e23b4e07625fb1ff0b7,n/a (composite),unknown — verification required,[],"[""genesee-bench-roster-composite-2026""]",unknown,"[""Michigan Supreme Court rule order, legislation, revised form, local administrative order, judge assignment, or clerk notice.""]",free,Use short quotations with citation; do not reproduce protected material beyond lawful fair use.,quote-with-citation,"[""Current judge policy page""]","[""CONFLICT RISK: FOC staff page still listing \""Juvenile Referee Hood\"" while Judge Mary A. Hood policies PDF exists for Room 501 — roster pages lag promotions."", ""Judge Anthony J. McDowell policies PDF not successfully fetched (site robots); ICLE May 2026 Q&A says policies on 7th Circuit website."", ""Full current family-division appendix from C07 2025-04J must be manually transcribed from PDF for package L2."", ""Case-assignment LAO 2024-03 likely incomplete as to Hood/McDowell."", ""Staff contact page fetch intermittently robots-blocked."", ""No current individual policy PDF was verified in this build. Confirm current assignment, motion day/time, judge-copy, exhibits, Zoom, adjournments, and referee-objection practice directly with official court directory/chambers.""]",medium — names corroborated across sources but official single roster not locked,references/genesee/judge-policies/dawn-m-weier.md,"[""references/genesee/judge-policies/dawn-m-weier.md""]","[""genesee-bench-roster-composite-2026""]","family-court-source-ledger.json (deep research, 2026-08-09)",,,,,,
genesee-judge-policies-john-a-gadola,Judge Policy Verification: John A Gadola,Judge Policy Verification: John A Gadola,Michigan Supreme Court / State of Michigan,Current judge policy page,Current judge policy page,local_practice,informational,7th Judicial Circuit (Genesee),Educational reference; verify the cited authority and current local practice before relying on it.,https://cms2.revize.com/revize/geneseecountyjudicialcourt/Documents/General%20Information/Local%20Administrative%20Orders/2025/C07%202025-04.pdf,"[""https://www.geneseecountymi.gov/courts_and_law_enforcement/friend_of_the_court/staff_contact_information.php"", ""https://cms2.revize.com/revize/geneseecountyjudicialcourt/Documents/General%20Information/Local%20Administrative%20Orders/2025/C07%202025-04.pdf"", ""https://cms2.revize.com/revize/geneseecountyjudicialcourt/Documents/General%20Information/Local%20Administrative%20Orders/2024/Approved-2024-03-Case-Assignments.pdf"", ""https://community.icle.org/blogs/lindsey-a-dicesare/2026/05/18/qa-with-judge-anthony-j-mcdowell-7th-circuit-court""]",,unknown — verification required,unknown — verification required,unknown — verification required,2026-08-09,2026-08-09,search snippets + partial page fetches + LAO extracts,"FOC staff page snippet lists Family Court Judges Heath, Weier, Gadola, Hanible and Domestic Referees Butler, Cottington-Heath, Kerr, O'Brien, Juvenile Referee Hood; Hearsay/ICLE indicate Mary A. Hood and Anthony J. McDowell joined family bench from FOC referee/director roles; LAO 2024-03 predates some elevations.",All component sources name Genesee/7th Circuit Michigan,mixed,aa3e1de54cce77e827b421d6b10480f0dc2a59665ee44e23b4e07625fb1ff0b7,n/a (composite),unknown — verification required,[],"[""genesee-bench-roster-composite-2026""]",unknown,"[""Michigan Supreme Court rule order, legislation, revised form, local administrative order, judge assignment, or clerk notice.""]",free,Use short quotations with citation; do not reproduce protected material beyond lawful fair use.,quote-with-citation,"[""Current judge policy page""]","[""CONFLICT RISK: FOC staff page still listing \""Juvenile Referee Hood\"" while Judge Mary A. Hood policies PDF exists for Room 501 — roster pages lag promotions."", ""Judge Anthony J. McDowell policies PDF not successfully fetched (site robots); ICLE May 2026 Q&A says policies on 7th Circuit website."", ""Full current family-division appendix from C07 2025-04J must be manually transcribed from PDF for package L2."", ""Case-assignment LAO 2024-03 likely incomplete as to Hood/McDowell."", ""Staff contact page fetch intermittently robots-blocked."", ""No current individual policy PDF was verified in this build. Confirm current assignment, motion day/time, judge-copy, exhibits, Zoom, adjournments, and referee-objection practice directly with official court directory/chambers.""]",medium — names corroborated across sources but official single roster not locked,references/genesee/judge-policies/john-a-gadola.md,"[""references/genesee/judge-policies/john-a-gadola.md""]","[""genesee-bench-roster-composite-2026""]","family-court-source-ledger.json (deep research, 2026-08-09)",,,,,,
genesee-judge-policies-khary-l-hanible,Judge Policy Verification: Khary L Hanible,Judge Policy Verification: Khary L Hanible,Michigan Supreme Court / State of Michigan,Current judge policy page,Current judge policy page,local_practice,informational,7th Judicial Circuit (Genesee),Educational reference; verify the cited authority and current local practice before relying on it.,https://cms2.revize.com/revize/geneseecountyjudicialcourt/Documents/General%20Information/Local%20Administrative%20Orders/2025/C07%202025-04.pdf,"[""https://www.geneseecountymi.gov/courts_and_law_enforcement/friend_of_the_court/staff_contact_information.php"", ""https://cms2.revize.com/revize/geneseecountyjudicialcourt/Documents/General%20Information/Local%20Administrative%20Orders/2025/C07%202025-04.pdf"", ""https://cms2.revize.com/revize/geneseecountyjudicialcourt/Documents/General%20Information/Local%20Administrative%20Orders/2024/Approved-2024-03-Case-Assignments.pdf"", ""https://community.icle.org/blogs/lindsey-a-dicesare/2026/05/18/qa-with-judge-anthony-j-mcdowell-7th-circuit-court""]",,unknown — verification required,unknown — verification required,unknown — verification required,2026-08-09,2026-08-09,search snippets + partial page fetches + LAO extracts,"FOC staff page snippet lists Family Court Judges Heath, Weier, Gadola, Hanible and Domestic Referees Butler, Cottington-Heath, Kerr, O'Brien, Juvenile Referee Hood; Hearsay/ICLE indicate Mary A. Hood and Anthony J. McDowell joined family bench from FOC referee/director roles; LAO 2024-03 predates some elevations.",All component sources name Genesee/7th Circuit Michigan,mixed,aa3e1de54cce77e827b421d6b10480f0dc2a59665ee44e23b4e07625fb1ff0b7,n/a (composite),unknown — verification required,[],"[""genesee-bench-roster-composite-2026""]",unknown,"[""Michigan Supreme Court rule order, legislation, revised form, local administrative order, judge assignment, or clerk notice.""]",free,Use short quotations with citation; do not reproduce protected material beyond lawful fair use.,quote-with-citation,"[""Current judge policy page""]","[""CONFLICT RISK: FOC staff page still listing \""Juvenile Referee Hood\"" while Judge Mary A. Hood policies PDF exists for Room 501 — roster pages lag promotions."", ""Judge Anthony J. McDowell policies PDF not successfully fetched (site robots); ICLE May 2026 Q&A says policies on 7th Circuit website."", ""Full current family-division appendix from C07 2025-04J must be manually transcribed from PDF for package L2."", ""Case-assignment LAO 2024-03 likely incomplete as to Hood/McDowell."", ""Staff contact page fetch intermittently robots-blocked."", ""No current individual policy PDF was verified in this build. Confirm current assignment, motion day/time, judge-copy, exhibits, Zoom, adjournments, and referee-objection practice directly with official court directory/chambers.""]",medium — names corroborated across sources but official single roster not locked,references/genesee/judge-policies/khary-l-hanible.md,"[""references/genesee/judge-policies/khary-l-hanible.md""]","[""genesee-bench-roster-composite-2026""]","family-court-source-ledger.json (deep research, 2026-08-09)",,,,,,
genesee-lao-2024-03-case-assignments,Case Assignments (Local Administrative Order),Genesee Case Assignments LAO 2024-03,7th Judicial Circuit Court,C07 2024-03,LAO C07 2024-03 (Case Assignments),administrative_order,binding,7th Judicial Circuit (Genesee),Case assignment methodology including concurrent jurisdiction plan references. Family-division judge roster in this LAO may lag elections/appointments after its date.,https://cms2.revize.com/revize/geneseecountyjudicialcourt/Documents/General%20Information/Local%20Administrative%20Orders/2024/Approved-2024-03-Case-Assignments.pdf,[],,2024,2024,,2026-08-09,2026-08-09,direct fetch + PDF text extraction,Fetched 2026-08-09; Michigan/Genesee/7th Judicial Circuit caption; assignment rules and Judge Christenson tax-foreclosure note extracted.,Caption STATE OF MICHIGAN / GENESEE COUNTY / 7th JUDICIAL CIRCUIT; Flint address.,200,unavailable — see audit verification method,partial,"May be partially outdated as to family bench roster relative to Family Court Plan C07 2025-04J and 2025 appointments (Hood, McDowell); confirm whether a newer case-assignment LAO exists.",[],"[""genesee-lao-2025-04j-family-court-plan""]",ad hoc on bench changes,"[""new judge"", ""new assignment LAO""]",free,,quote-with-citation,"[""C07 2024-03"", ""MCR 8.111(D)(1)"", ""LAO 2004-4 Concurrent Jurisdiction Plan""]","[""Exact signed date and full family-judge table need clerk confirmation if roster conflicts with 2025 Family Court Plan appendix or FOC staff pages."", ""No 2025/2026 successor case-assignment LAO located this run.""]",high for document authenticity; medium for roster currency,,"[""references/genesee/local-administrative-orders.md"", ""references/audit/deep-research-source-audit-2026-08-09.md"", ""references/audit/audit-roster-conflicts.md""]",,,genesee,True,deep-research audit 2026-08-09,references/audit/deep-research-source-ledger-2026-08-09.json,,
genesee-lao-2024-04j,Local Administrative Order C07-2024-04J (Court Technology / CD-related joint order),Genesee LAO 2024-04J,7th Judicial Circuit Court (joint order materials on court technology CMS path),C07 2024-04J,LAO C07 2024-04J,administrative_order,binding_if_applicable,7th Judicial Circuit (Genesee),Joint LAO hosted under Court Technology path; verify subject matter (technology/remote/recordings) before relying for family hearing practice.,https://cms2.revize.com/revize/geneseecountyjudicialcourt/Documents/Departments/Court%20Technology/CD/C07-2024-04J.pdf,[],,,,,2026-08-09,2026-08-09,direct fetch + PDF text extraction,"Fetched 2026-08-09; substantial PDF content extracted (C07 numbering, Genesee identifiers).",C07 prefix and Genesee court CMS path,200,unavailable — see audit verification method,unknown,,[],[],ad hoc,"[""rescinding LAO""]",free,,quote-with-citation,[],"[""Confirm full subject title and whether it governs remote family/referee hearings or only specific technology/CD procedures; pin operative sections before L0/L1 instructions.""]",medium — document authentic but topic scope needs precise pin for family toolkit,,"[""references/audit/deep-research-source-audit-2026-08-09.md""]",,,genesee,True,deep-research audit 2026-08-09,references/audit/deep-research-source-ledger-2026-08-09.json,,
genesee-lao-2025-04j-family-court-plan,Family Court Plan (Joint Local Administrative Order),Genesee Family Court Plan 2025,7th Judicial Circuit Court and Genesee County Probate Court,C07 2025-04J / P25 2025-02J,Joint LAO C07 2025-04J / P25 2025-02J (Family Court Plan),administrative_order,binding,7th Judicial Circuit (Genesee) Family Division + Probate,Implements family-division plan under MCL 600.1001–600.1043 and Michigan Court Rules Chapter 8; one-family-one-judge assignment principles; facility locations; remote proceedings framework. Review at least every two years.,https://cms2.revize.com/revize/geneseecountyjudicialcourt/Documents/General%20Information/Local%20Administrative%20Orders/2025/C07%202025-04.pdf,[],,2025-06-02,2025-06-03,"Signed/dated June 2, 2025 by Chief Judge David J. Newblatt; seed note approved 6/3/2025",2026-08-09,2026-08-09,direct fetch + PDF text extraction,"Fetched PDF 2026-08-09; order numbers, rescission of C07 2025-01J, chief judge, addresses, statutory authority extracted from document.",Caption STATE OF MICHIGAN / 7TH JUDICIAL CIRCUIT / GENESEE COUNTY PROBATE COURT; C07 and P25 numbering; Flint address 900 S. Saginaw St.,200,unavailable — see audit verification method,no,,"[""C07 2025-01J""]","[""genesee-lao-2024-03-case-assignments"", ""mcl-600-family-division"", ""genesee-lao-2024-04j""]",at least every 2 years / on judicial assignment change,"[""family division assignment change"", ""new joint LAO"", ""SCAO Family Court Plan guideline update""]",free,,quote-with-citation,"[""C07 2025-04J"", ""P25 2025-02J"", ""MCL 600.1001-600.1043""]","[""Full appendix list of family-division judges must be cross-checked against case-assignment LAO and individual judge pages — assignment LAO is 2024-03 and may predate 2025 plan and newer judges (Hood, McDowell)."", ""Effective/approval date: signature block June 2, 2025 vs seed note approved 6/3/2025 — minor date ambiguity.""]",high,,"[""references/genesee/family-court-plan.md"", ""references/genesee/local-administrative-orders.md"", ""references/audit/deep-research-source-audit-2026-08-09.md"", ""references/audit/audit-roster-conflicts.md""]",,,genesee,True,deep-research audit 2026-08-09,references/audit/deep-research-source-ledger-2026-08-09.json,,
genesee-lao-2025-06j-holidays,2026 Holidays Joint Local Administrative Order,Genesee 2026 Holidays LAO,7th Judicial Circuit Court and Genesee County Probate Court,C07 2025-06J,Joint LAO C07 2025-06J (2026 Holidays),administrative_order,binding,7th Judicial Circuit (Genesee) + Probate,Lists 2026 court closure dates. Critical for deadline computation; does not alter MCR timing rules themselves.,https://cms2.revize.com/revize/geneseecountyjudicialcourt/Documents/General%20Information/Local%20Administrative%20Orders/2025/C07%202025-06.pdf,[],,2025,2026-01-01,,2026-08-09,2026-08-09,direct fetch + PDF text extraction,Fetched 2026-08-09; order number C07 2025-06J; Chief Judge David J. Newblatt; 2026 closure dates list present.,7TH JUDICIAL CIRCUIT / GENESEE COUNTY PROBATE COURT; Flint address and phone.,200,unavailable — see audit verification method,no,,[],"[""mcr-1-108""]",annual,"[""2027 holiday LAO""]",free,,quote-with-citation,"[""C07 2025-06J""]",[],high,,"[""references/genesee/local-administrative-orders.md"", ""references/audit/deep-research-source-audit-2026-08-09.md""]",,,genesee,True,deep-research audit 2026-08-09,references/audit/deep-research-source-ledger-2026-08-09.json,,
genesee-lcr-2-119-concurrence,Genesee LCR 2.119: Concurrence and Proposed Order,Genesee LCR 2.119: Concurrence and Proposed Order,Michigan Supreme Court / State of Michigan,Seventh Judicial Circuit LCR 2.119,Seventh Judicial Circuit LCR 2.119,local_court_rule,binding,7th Judicial Circuit (Genesee),Educational reference; verify the cited authority and current local practice before relying on it.,https://www.courts.michigan.gov/492c71/siteassets/rules-instructions-administrative-orders/local-court-rules/local-court-rules-circuit-court.pdf,[],,unknown — verification required,unknown — verification required,unknown — verification required,2026-08-09,2026-08-09,search-index snippet harvest (PDF body robots-disallowed to automated fetcher),Official URL confirmed in courts.michigan.gov search index 2026-08-09. Snippet quotes SEVENTH JUDICIAL CIRCUIT (GENESEE) Rule 2.119 Motion Practice including concurrence certification language and ascertaining opposition contents. Full PDF text not retrieved due to disallow_by_robots.,Snippet heading SEVENTH JUDICIAL CIRCUIT (GENESEE) within Michigan courts consolidated LCR PDF — not Florida.,disallow_by_robots,unavailable — primary text robots-blocked or unfetched in deep-research audit,no,unknown — verification required,[],"[""scao-lcr-circuit-courts"", ""genesee-notice-motion-practice""]",when MSC/SCAO approves LCR amendments,"[""Michigan Supreme Court rule order, legislation, revised form, local administrative order, judge assignment, or clerk notice."", ""LCR amendment order"", ""SCAO PDF republish"", ""new chief judge notice"", ""MCR 2.119 amendment""]",free (human browser); automated fetch blocked,Use short quotations with citation; do not reproduce protected material beyond lawful fair use.,quote-with-citation,"[""Seventh Judicial Circuit LCR 2.119"", ""LCR 2.119(A)"", ""LCR 2.119(B) concurrence certificate"", ""MCR 2.119(C)(4)""]","[""Full current LCR 2.119 text must be human-downloaded from courts.michigan.gov PDF for L2 quote; only search snippets verified this run."", ""Confirm no post-snippet amendment."", ""Notice is from 2019 under Chief Judge Yuille; still posted as current on court CMS but no 2024–2026 reaffirmation found on face of PDF. Confirm with clerk that practice remains in force."", ""The consolidated PDF was source-checked but inaccessible through the build fetcher; confirm current text and any amendments with the clerk/SCAO.""]",high that URL and Genesee LCR 2.119 exist; medium for complete current wording without full PDF,references/genesee/lcr-2-119-concurrence.md,"[""references/genesee/lcr-2-119-concurrence.md"", ""templates/concurrence-certificate.md""]","[""scao-lcr-circuit-courts"", ""genesee-notice-motion-practice""]","family-court-source-ledger.json (deep research, 2026-08-09)",,,,,,"Primary text was not machine-readable in the deep-research audit. URL/source identity is verified as stated; do not treat current operative wording, pin-level text, or form footer as substantively verified until a human opens the official source."
genesee-legal-resource-center,Genesee Legal Resource Center and Help,Genesee Legal Resource Center and Help,Michigan Supreme Court / State of Michigan,Genesee assistance resources,Genesee assistance resources,self_help,informational,7th Judicial Circuit (Genesee),Educational reference; verify the cited authority and current local practice before relying on it.,https://cms2.revize.com/revize/geneseecountyjudicialcourt/Documents/Departments/Legal%20Records%20Division/Legal%20Resource%20Center.pdf,"[""https://michiganlegalhelp.org/courts-and-agencies/genesee-county-friend-of-court"", ""https://7thcircuitcourt.com/law-library/"", ""https://michiganlegalhelp.org/resources/family/friend-of-court-overview"", ""https://michiganlegalhelp.org/resources/mifile/how-file-documents-start-new-case-mifile""]",,unknown — verification required,unknown — verification required,unknown — verification required,2026-08-09,2026-08-09,direct fetch of LRC PDF; law-library page robots-blocked,Fetched LRC PDF 2026-08-09; Hearsay Oct 2025 also discusses LRC access-to-justice role.,Genesee court CMS,200,b0ed67b2418db5524425636112a53db1e0278d6fd971b7d6f014b40e1b224872,unknown,unknown — verification required,[],"[""genesee-lrc"", ""mlh-home""]",unknown,"[""Michigan Supreme Court rule order, legislation, revised form, local administrative order, judge assignment, or clerk notice.""]",free,Use short quotations with citation; do not reproduce protected material beyond lawful fair use.,quote-with-citation,"[""Michigan Legal Help Genesee FOC page""]","[""Current walk-in hours and whether LRC assists with FOC packets must be confirmed by phone/in person before L0 card lists them as available."", ""Currency and case-specific application require confirmation.""]",high for existence; medium for current hours,references/genesee/legal-resource-center.md,"[""references/genesee/legal-resource-center.md""]","[""genesee-lrc"", ""mlh-home""]","family-court-source-ledger.json (deep research, 2026-08-09)",,,,,,
genesee-local-administrative-orders,Genesee Local Administrative Orders,Genesee Local Administrative Orders,Michigan Supreme Court / State of Michigan,C07 2024-03; C07 2025-04J/P25 2025-02J,C07 2024-03; C07 2025-04J/P25 2025-02J,administrative_order,binding,7th Judicial Circuit (Genesee),Educational reference; verify the cited authority and current local practice before relying on it.,https://cms2.revize.com/revize/geneseecountyjudicialcourt/Documents/General%20Information/Local%20Administrative%20Orders/2024/Approved-2024-03-Case-Assignments.pdf,"[""https://cms2.revize.com/revize/geneseecountyjudicialcourt/Documents/General%20Information/Local%20Administrative%20Orders/2025/C07%202025-04.pdf""]",,2024,2024,unknown — verification required,2026-08-09,2026-08-09,direct fetch + PDF text extraction,Fetched 2026-08-09; Michigan/Genesee/7th Judicial Circuit caption; assignment rules and Judge Christenson tax-foreclosure note extracted.,Caption STATE OF MICHIGAN / GENESEE COUNTY / 7th JUDICIAL CIRCUIT; Flint address.,200,aa3e1de54cce77e827b421d6b10480f0dc2a59665ee44e23b4e07625fb1ff0b7,partial,"May be partially outdated as to family bench roster relative to Family Court Plan C07 2025-04J and 2025 appointments (Hood, McDowell); confirm whether a newer case-assignment LAO exists.","[""C07 2023-13"", ""C07 2025-01J"", ""P25 2025-01J""]","[""genesee-lao-2024-03-case-assignments"", ""genesee-lao-2025-04j-family-court-plan"", ""genesee-lao-2025-06j-holidays""]",ad hoc on bench changes,"[""Michigan Supreme Court rule order, legislation, revised form, local administrative order, judge assignment, or clerk notice."", ""new judge"", ""new assignment LAO"", ""family division assignment change"", ""new joint LAO"", ""SCAO Family Court Plan guideline update"", ""2027 holiday LAO""]",free,Use short quotations with citation; do not reproduce protected material beyond lawful fair use.,quote-with-citation,"[""C07 2024-03"", ""C07 2025-04J/P25 2025-02J"", ""MCR 8.111(D)(1)"", ""LAO 2004-4 Concurrent Jurisdiction Plan"", ""C07 2025-04J"", ""P25 2025-02J"", ""MCL 600.1001-600.1043"", ""C07 2025-06J""]","[""Exact signed date and full family-judge table need clerk confirmation if roster conflicts with 2025 Family Court Plan appendix or FOC staff pages."", ""No 2025/2026 successor case-assignment LAO located this run."", ""Full appendix list of family-division judges must be cross-checked against case-assignment LAO and individual judge pages — assignment LAO is 2024-03 and may predate 2025 plan and newer judges (Hood, McDowell)."", ""Effective/approval date: signature block June 2, 2025 vs seed note approved 6/3/2025 — minor date ambiguity."", ""Currency and case-specific application require confirmation.""]",high for document authenticity; medium for roster currency,references/genesee/local-administrative-orders.md,"[""references/genesee/local-administrative-orders.md""]","[""genesee-lao-2024-03-case-assignments"", ""genesee-lao-2025-04j-family-court-plan"", ""genesee-lao-2025-06j-holidays""]","family-court-source-ledger.json (deep research, 2026-08-09)",,,,,,
genesee-lrc,Genesee County Legal Resource Center,Genesee LRC,7th Judicial Circuit Court / Legal Records Division,,,local_practice,informational,Genesee / 7th Circuit,Pro se assistance resource for domestic filings; not legal advice. Hours/staffing subject to change.,https://cms2.revize.com/revize/geneseecountyjudicialcourt/Documents/Departments/Legal%20Records%20Division/Legal%20Resource%20Center.pdf,"[""https://7thcircuitcourt.com/law-library/""]",,,,,2026-08-09,2026-08-09,direct fetch of LRC PDF; law-library page robots-blocked,Fetched LRC PDF 2026-08-09; Hearsay Oct 2025 also discusses LRC access-to-justice role.,Genesee court CMS,200,unavailable — see audit verification method,unknown,,[],"[""mlh-home""]",unknown,[],free,,quote-with-citation,[],"[""Current walk-in hours and whether LRC assists with FOC packets must be confirmed by phone/in person before L0 card lists them as available.""]",high for existence; medium for current hours,,"[""references/genesee/legal-resource-center.md"", ""references/audit/deep-research-source-audit-2026-08-09.md""]",,,genesee,True,deep-research audit 2026-08-09,references/audit/deep-research-source-ledger-2026-08-09.json,,
genesee-notice-motion-practice,Notice Regarding Motion Practice,Genesee motion-practice notice,Genesee County Circuit Court (Chief Judge Richard B. Yuille as of notice),,"Genesee County Circuit Court Notice Regarding Motion Practice (effective Mar. 4, 2019); implements MCR 2.119(C)(4)",local_practice,binding_if_applicable,7th Judicial Circuit (Genesee),"Enforces statewide MCR 2.119(C)(4) timing in Genesee: motion ≥7 days before hearing; response ≥3 days, unless court sets different time. Does not replace LCR 2.119 concurrence/proposed-order requirements.",https://cms2.revize.com/revize/geneseecountyjudicialcourt/Documents/Quick%20Links/Notice%20Regarding%20Motion%20Practice/Notice-Motion-Practice.pdf,[],,2019-02-14,2019-03-04,"Dated 2.14.19; effective Monday, March 4, 2019; no later revision stamp found on face",2026-08-09,2026-08-09,direct fetch + PDF text extraction,"Fetched PDF 2026-08-09; title, MCR 2.119(C)(4) quote, chief judge name, effective date confirmed from document text.",Document titled under Genesee County Circuit Court; hosted on geneseecountyjudicialcourt revize CMS.,200,unavailable — see audit verification method,no,,[],"[""mcr-2-119"", ""genesee-lcr-2-119"", ""genesee-judge-hood-policies""]",ad hoc,"[""new chief judge notice"", ""MCR 2.119 amendment""]",free,,quote-with-citation,"[""MCR 2.119(C)(4)""]","[""Notice is from 2019 under Chief Judge Yuille; still posted as current on court CMS but no 2024–2026 reaffirmation found on face of PDF. Confirm with clerk that practice remains in force.""]",high for text; medium for continued currency of local notice,,"[""references/genesee/lcr-2-119-concurrence.md"", ""references/michigan/mcr-motion-practice.md"", ""references/audit/deep-research-source-audit-2026-08-09.md""]",,,genesee,True,deep-research audit 2026-08-09,references/audit/deep-research-source-ledger-2026-08-09.json,,
genesee-objection-to-referee-recommendation,Genesee Objection to Referee Recommendation,Genesee Objection to Referee Recommendation,Michigan Supreme Court / State of Michigan,MCR 3.215; FOC 68,MCR 3.215; FOC 68,court_rule,binding,7th Judicial Circuit (Genesee),Educational reference; verify the cited authority and current local practice before relying on it.,https://cms7files.revize.com/geneseecountymi/Document_Center/Courts%20and%20Law%20Enforcement/Friend%20of%20the%20Court/Online%20Forms/Pro%20Per/fillable%20referee%20objection%20re%20custody%20and%20PT.pdf,"[""https://www.courts.michigan.gov/siteassets/rules-instructions-administrative-orders/michigan-court-rules/michigan-court-rules-responsive-html5.zip/Michigan_Court_Rules/"", ""https://cms7files.revize.com/geneseecountymi/Document_Center/Courts%20and%20Law%20Enforcement/Friend%20of%20the%20Court/Online%20Forms/Pro%20Per/fillable%20referee%20objection%20re%20custody%20and%20PT.pdf"", ""https://www.courts.michigan.gov/siteassets/forms/scao-approved/foc68.pdf"", ""https://www.courts.michigan.gov/siteassets/forms/scao-approved/instfoc68.pdf"", ""https://www.icle.org/contentfiles/scao/FOC68.pdf"", ""https://codes.findlaw.com/mi/chapter-552-divorce/mi-comp-laws-552-507/"", ""https://law.justia.com/codes/michigan/2014/chapter-552/statute-act-294-of-1982/section-552.507/""]",,unknown — verification required,unknown — verification required,unknown — verification required,2026-08-09,2026-08-09,direct fetch + PDF text extraction,Fetched 2026-08-09; packet content extracted including FOC 68 references and local timing/service instructions.,Genesee FOC Document Center path,200,unavailable — primary text robots-blocked or unfetched in deep-research audit,unknown,unknown — verification required,[],"[""genesee-foc-objection-packet"", ""foc-68-objection"", ""mcr-3-215-referee-hearings"", ""mcl-552-507-referee-review""]",ad hoc,"[""Michigan Supreme Court rule order, legislation, revised form, local administrative order, judge assignment, or clerk notice."", ""FOC 68 revision"", ""local packet rewrite"", ""new Rev. code on form footer""]",free,Use short quotations with citation; do not reproduce protected material beyond lawful fair use.,quote-with-citation,"[""MCR 3.215"", ""FOC 68"", ""21-day objection window (statewide)"", ""21-day objection"", ""MCL 552.507"", ""MCL 552.507a""]","[""Confirm exact local ≥9-day service and ≥7-day certificate-of-mailing steps from packet face when drafting L1 — present in master prompt seed; verify against current PDF line-by-line."", ""No-fee objection filing: confirm current fee schedule with clerk."", ""SCAO FOC 68 official PDF robots-blocked this run; ICLE mirror FOC68 fetched as secondary."", ""FORM REVISION DRIFT: seed says Rev. 3/21; confirm current official footer. Prefer courts.michigan.gov over ICLE mirror for filing."", ""Full current text not fetched — human must open official MCR before quoting deadlines/subdivisions."", ""Justia 2014 path may be stale — cross-check legislature for post-2014 amendments before quoting."", ""Local packet reportedly contains service/certificate steps. Verify its revision, local instructions, and the current hearing notice; do not treat a 2010 form date as current.""]",high for packet authenticity; medium for every local timing pin until line-quoted in L2,references/genesee/objection-to-referee-recommendation.md,"[""cheatsheet/L0-hearing-day-card.md"", ""cheatsheet/L1-pro-se-guide.md"", ""examples/worked-objection.md"", ""references/genesee/objection-to-referee-recommendation.md"", ""templates/objection-to-referee-recommendation.md""]","[""genesee-foc-objection-packet"", ""foc-68-objection"", ""mcr-3-215-referee-hearings"", ""mcl-552-507-referee-review""]","family-court-source-ledger.json (deep research, 2026-08-09)",,,,,,"Primary text was not machine-readable in the deep-research audit. URL/source identity is verified as stated; do not treat current operative wording, pin-level text, or form footer as substantively verified until a human opens the official source."
guidance-cfr-45-parts-301-310,45 CFR Parts 301–310,45 CFR Parts 301–310,Michigan Supreme Court / State of Michigan,45 CFR Parts 301–310,45 CFR Parts 301–310,regulation,informational,Michigan statewide,Educational reference; verify the cited authority and current local practice before relying on it.,https://www.ecfr.gov/current/title-45/subtitle-B/chapter-III,"[""https://www.ecfr.gov/current/title-45/subtitle-B/chapter-III/part-303"", ""https://www.ecfr.gov/current/title-45/subtitle-B/chapter-III/part-301"", ""https://www.ecfr.gov/current/title-45/subtitle-B/chapter-III/part-302"", ""https://www.ecfr.gov/current/title-45/subtitle-B/chapter-III/part-304"", ""https://www.ecfr.gov/current/title-45/subtitle-B/chapter-III/part-305"", ""https://www.ecfr.gov/current/title-45/subtitle-B/chapter-III/part-307"", ""https://www.ecfr.gov/current/title-45/subtitle-B/chapter-III/part-308"", ""https://www.ecfr.gov/current/title-45/subtitle-B/chapter-III/part-309"", ""https://www.ecfr.gov/current/title-45/subtitle-B/chapter-III/part-310"", ""https://www.law.cornell.edu/cfr/text/45/chapter-III"", ""https://www.law.cornell.edu/cfr/text/45/part-303""]",,unknown — verification required,unknown — verification required,unknown — verification required,2026-08-09,2026-08-09,direct eCFR fetches (partial) + full LII part fetches,"eCFR chapter and parts 301,302,303,307,310 fetched; parts 304,305,308,309 hit broken_content_ip_block on eCFR but corresponding LII pages fetched 2026-08-09.",eCFR title 45 chapter III,mixed 200 / ip_block on some eCFR parts; LII 200,e8283bac3ee0d2aafd2c5d3ce420543b2e584a4cc777d61fe63b3ffc7175e350,unknown,unknown — verification required,[],"[""cfr-45-301-310""]",unknown,"[""Michigan Supreme Court rule order, legislation, revised form, local administrative order, judge assignment, or clerk notice.""]",free,Use short quotations with citation; do not reproduce protected material beyond lawful fair use.,quote-with-citation,"[""45 CFR Parts 301–310"", ""45 CFR 301"", ""45 CFR 302"", ""45 CFR 303"", ""45 CFR 304"", ""45 CFR 305"", ""45 CFR 307"", ""45 CFR 308"", ""45 CFR 309"", ""45 CFR 310""]","[""eCFR current part 303 verified; check all cited parts. Content hash changed across two build reads; page may be dynamic. Confirm document revision/current text before use.""]",high,references/guidance/cfr-45-parts-301-310.md,"[""references/guidance/cfr-45-parts-301-310.md""]","[""cfr-45-301-310""]","family-court-source-ledger.json (deep research, 2026-08-09)",,,,,,
guidance-child-support-formula-manual,Michigan Child Support Formula Manual,Michigan Child Support Formula Manual,Michigan Supreme Court / State of Michigan,Michigan Child Support Formula Manual,Michigan Child Support Formula Manual,official_guidance,advisory_only,Michigan statewide,Educational reference; verify the cited authority and current local practice before relying on it.,https://www.courts.michigan.gov/4a7a53/siteassets/court-administration/standardsguidelines/foc/2025mcsf.pdf,"[""https://www.courts.michigan.gov/4aee48/siteassets/court-administration/standardsguidelines/foc/2025-child-support-formula-manual.pdf""]",,2024/2025,2025-01-01,unknown — verification required,2026-08-09,2026-08-09,search snippet from official PDF + ICLE blog fetch; PDF robots-blocked,courts.michigan.gov 2025mcsf.pdf snippet quotes FOC Bureau and §1.01(A) manual+supplement definition. ICLE blog 2024-09-30 fetched confirming 2025 formula effective Jan 1 2025. Direct PDF fetch disallow_by_robots.,SCAO FOC Bureau Lansing,disallow_by_robots,unavailable — primary text robots-blocked or unfetched in deep-research audit,unknown,unknown — verification required,[],"[""mcsf-2025-manual""]",~every 4 years for manual; supplement more often for tables,"[""Michigan Supreme Court rule order, legislation, revised form, local administrative order, judge assignment, or clerk notice.""]",free,Use short quotations with citation; do not reproduce protected material beyond lawful fair use.,quote-with-citation,"[""Michigan Child Support Formula Manual"", ""MCSF 1.01(A)"", ""2025 MCSF effective 1/1/2025""]","[""Full manual text not retrieved; deviation chapter pins need human PDF open."", ""Application and deviation require current statute/formula review.""]",high for existence/effective date; medium for section-level quotes beyond snippet,references/guidance/child-support-formula-manual.md,"[""references/guidance/child-support-formula-manual.md""]","[""mcsf-2025-manual""]","family-court-source-ledger.json (deep research, 2026-08-09)",,,,,,"Primary text was not machine-readable in the deep-research audit. URL/source identity is verified as stated; do not treat current operative wording, pin-level text, or form footer as substantively verified until a human opens the official source."
guidance-child-support-formula-supplement,Michigan Child Support Formula Supplement,Michigan Child Support Formula Supplement,Michigan Supreme Court / State of Michigan,Michigan Child Support Formula Supplement,Michigan Child Support Formula Supplement,official_guidance,advisory_only,Michigan statewide,Educational reference; verify the cited authority and current local practice before relying on it.,,"[""https://www.courts.michigan.gov/"", ""https://shiawassee.net/wp-content/uploads/2024/12/2025-FOC-Child-Support-Formula-Supplement.pdf"", ""https://www.courts.michigan.gov/4a7a53/siteassets/court-administration/standardsguidelines/foc/2025mcsf.pdf""]",,unknown — verification required,2025-01-01,unknown — verification required,2026-08-09,2026-08-09,search snippet of county-hosted copy + manual snippet referencing Supplement,"Shiawassee County host PDF snippet shows title 2025 Michigan Child Support Formula Supplement, Effective January 1, 2025, SCAO FOC Bureau. Fetch of that URL disallow_by_robots. Official courts.michigan.gov deep link for Supplement alone not isolated this run.",SCAO FOC Bureau branding on supplement face (snippet),mirror path robots-blocked; official deep link unresolved,unavailable — primary text robots-blocked or unfetched in deep-research audit,unknown,unknown — verification required,[],"[""mcsf-2025-supplement""]",unknown,"[""Michigan Supreme Court rule order, legislation, revised form, local administrative order, judge assignment, or clerk notice.""]",free,Use short quotations with citation; do not reproduce protected material beyond lawful fair use.,quote-with-citation,"[""Michigan Child Support Formula Supplement""]","[""CRITICAL GAP: stable official courts.michigan.gov URL for Supplement PDF not confirmed separately from Manual; county mirror not acceptable as sole official_url."", ""Locate official Supplement on courts.michigan.gov/mcsf human browse."", ""Current separate supplement location/revision requires confirmation. URL checker could not fetch this source; verify directly from the official agency before relying on it. Former official deep link returned 404 during build; official Michigan Courts landing page supplied pending location/current-revision confirmation.""]",medium — existence/effective date high via snippets; official URL low,references/guidance/child-support-formula-supplement.md,"[""references/guidance/child-support-formula-supplement.md""]","[""mcsf-2025-supplement""]","family-court-source-ledger.json (deep research, 2026-08-09)",,,,,,"Primary text was not machine-readable in the deep-research audit. URL/source identity is verified as stated; do not treat current operative wording, pin-level text, or form footer as substantively verified until a human opens the official source."
guidance-foc-bureau,Friend of the Court Bureau,Friend of the Court Bureau,Michigan Supreme Court / State of Michigan,Friend of the Court Bureau,Friend of the Court Bureau,official_guidance,advisory_only,Michigan statewide,Educational reference; verify the cited authority and current local practice before relying on it.,,"[""https://www.courts.michigan.gov/""]",,unknown — verification required,unknown — verification required,unknown — verification required,2026-08-09,2026-08-09,direct fetch and package build,URL and title/issuer checked where accessible; currentness remains subject to official source review.,"Michigan Courts domain or source text identifies Michigan; local records identify Genesee County/Flint, Michigan.",404 at former deep link during 2026-08-09 check,not retained; run scripts/citation_url_checker.py,unknown,unknown — verification required,[],[],continuous or ad hoc; check before use,"Michigan Supreme Court rule order, legislation, revised form, local administrative order, judge assignment, or clerk notice.",free,Use short quotations with citation; do not reproduce protected material beyond lawful fair use.,quote-with-citation,"[""Friend of the Court Bureau""]",Agency guidance is not a judicial order. URL checker could not fetch this source; verify directly from the official agency before relying on it. Former official deep link returned 404 during build; official Michigan Courts landing page supplied pending location/current-revision confirmation.,medium — metadata verified where accessible; re-check current text.,references/guidance/foc-bureau.md,"[""references/guidance/foc-bureau.md""]",,,,,,,,
guidance-foc-model-handbook,FOC Model Handbook,FOC Model Handbook,Michigan Supreme Court / State of Michigan,FOC Model Handbook,FOC Model Handbook,official_guidance,advisory_only,Michigan statewide,Educational reference; verify the cited authority and current local practice before relying on it.,,"[""https://www.courts.michigan.gov/"", ""https://cms4files.revize.com/marquettemi/departments/friend_of_the_court/docs/focb_hbk.pdf"", ""https://lookup.circuit46.org/Kalkaska/forms/c46k_focb_hbk.pdf""]",,unknown — verification required,unknown — verification required,unknown — verification required,2026-08-09,2026-08-09,direct fetch of Marquette and Kalkaska hosted copies,Fetched Marquette FOCB handbook PDF and Kalkaska copy 2026-08-09. Official courts.michigan.gov master URL not confirmed.,FOCB/SCAO model content,200 on county mirrors,not retained; run scripts/citation_url_checker.py,unknown,unknown — verification required,[],"[""foc-model-handbook""]",unknown,"[""Michigan Supreme Court rule order, legislation, revised form, local administrative order, judge assignment, or clerk notice.""]",free,Use short quotations with citation; do not reproduce protected material beyond lawful fair use.,quote-with-citation,"[""FOC Model Handbook""]","[""Official SCAO-hosted master URL not verified this run — county mirrors labeled nonofficial hosts of model content."", ""Locate current SCAO master before reliance. URL checker could not fetch this source; verify directly from the official agency before relying on it. Former official deep link returned 404 during build; official Michigan Courts landing page supplied pending location/current-revision confirmation.""]",medium,references/guidance/foc-model-handbook.md,"[""references/guidance/foc-model-handbook.md""]","[""foc-model-handbook""]","family-court-source-ledger.json (deep research, 2026-08-09)",,,,,,
guidance-icle-family-law-benchbook-cite-only,ICLE Michigan Family Law Benchbook,ICLE Michigan Family Law Benchbook,Michigan Supreme Court / State of Michigan,ICLE Michigan Family Law Benchbook,ICLE Michigan Family Law Benchbook,secondary,informational,Michigan statewide,Educational reference; verify the cited authority and current local practice before relying on it.,https://icle.org/books/mflb/,"[""https://www.icle.org/modules/store/books/book.aspx?PRODUCT_CODE=2006553550""]",,unknown — verification required,unknown — verification required,unknown — verification required,2026-08-09,2026-08-09,direct fetch of product landing pages,Fetched icle.org/books/mflb/ and store product page 2026-08-09; subscription product signals confirmed.,ICLE Michigan family law product,200,323ee7e6bb1947e7d0006a1e2f6800285259a8341a436a753df626b2f960702c,unknown,unknown — verification required,[],"[""icle-family-law-benchbook""]",unknown,"[""Michigan Supreme Court rule order, legislation, revised form, local administrative order, judge assignment, or clerk notice.""]",subscription,ICLE copyright; paid product,cite-only,"[""ICLE Michigan Family Law Benchbook""]","[""No free full text; judges may have chambers copies unavailable to pro se users."", ""Subscription; cite-only and no reproduction. Content hash changed across two build reads; page may be dynamic. Confirm document revision/current text before use.""]",high for access restriction and title,references/guidance/icle-family-law-benchbook-cite-only.md,"[""references/guidance/icle-family-law-benchbook-cite-only.md""]","[""icle-family-law-benchbook""]","family-court-source-ledger.json (deep research, 2026-08-09)",,,,,,
guidance-mdhhs-child-welfare-law-manual,MDHHS Child Welfare Law Manual,MDHHS Child Welfare Law Manual,Michigan Supreme Court / State of Michigan,MDHHS Child Welfare Law Manual,MDHHS Child Welfare Law Manual,official_guidance,advisory_only,Michigan statewide,Educational reference; verify the cited authority and current local practice before relying on it.,https://www.michigan.gov/mdhhs/doing-business/cw-staff/cw-manual,[],,unknown — verification required,unknown — verification required,unknown — verification required,2026-08-09,2026-08-09,landing fetch; chapter PDFs client error,Landing page fetched 2026-08-09.,michigan.gov/mdhhs,landing 200,f957bf1e10f001acd29bfce61f71068558b5d7cfede2ba2e8644fc2d44f4b003,unknown,unknown — verification required,[],"[""mdhhs-cw-law-manual""]",unknown,"[""Michigan Supreme Court rule order, legislation, revised form, local administrative order, judge assignment, or clerk notice.""]",free,Use short quotations with citation; do not reproduce protected material beyond lawful fair use.,quote-with-citation,"[""MDHHS Child Welfare Law Manual""]","[""Chapter PDFs not extracted; treat landing as verified entry point only."", ""CPS materials require specialized review.""]",medium,references/guidance/mdhhs-child-welfare-law-manual.md,"[""references/guidance/mdhhs-child-welfare-law-manual.md""]","[""mdhhs-cw-law-manual""]","family-court-source-ledger.json (deep research, 2026-08-09)",,,,,,
guidance-mdhhs-confidentiality-and-records,MDHHS Confidentiality and Records,MDHHS Confidentiality and Records,Michigan Supreme Court / State of Michigan,MDHHS Confidentiality and Records,MDHHS Confidentiality and Records,official_guidance,advisory_only,Michigan statewide,Educational reference; verify the cited authority and current local practice before relying on it.,https://www.michigan.gov/mdhhs/doing-business/cw-staff/cw-manual,"[""https://mdhhs-pres-prod.michigan.gov/olmweb/ex/PS/Public/PSM/000.pdf""]",,unknown — verification required,unknown — verification required,unknown — verification required,2026-08-09,2026-08-09,landing fetch; chapter PDFs client error,Landing page fetched 2026-08-09.,michigan.gov/mdhhs,landing 200,f957bf1e10f001acd29bfce61f71068558b5d7cfede2ba2e8644fc2d44f4b003,unknown,unknown — verification required,[],"[""mdhhs-cw-law-manual"", ""mdhhs-olm-cps-index""]",unknown,"[""Michigan Supreme Court rule order, legislation, revised form, local administrative order, judge assignment, or clerk notice.""]",free,Use short quotations with citation; do not reproduce protected material beyond lawful fair use.,quote-with-citation,"[""MDHHS Confidentiality and Records""]","[""Chapter PDFs not extracted; treat landing as verified entry point only."", ""PSM section PDFs not successfully fetched; use OLM portal manually."", ""Record access needs lawful pathway.""]",medium,references/guidance/mdhhs-confidentiality-and-records.md,"[""references/guidance/mdhhs-confidentiality-and-records.md""]","[""mdhhs-cw-law-manual"", ""mdhhs-olm-cps-index""]","family-court-source-ledger.json (deep research, 2026-08-09)",,,,,,
guidance-mdhhs-cps-policy-manual,MDHHS CPS Policy Manual,MDHHS CPS Policy Manual,Michigan Supreme Court / State of Michigan,MDHHS CPS Policy Manual,MDHHS CPS Policy Manual,official_guidance,advisory_only,Michigan statewide,Educational reference; verify the cited authority and current local practice before relying on it.,https://mdhhs-pres-prod.michigan.gov/olmweb/ex/html/,"[""https://mdhhs-pres-prod.michigan.gov/olmweb/ex/PS/Public/PSM/000.pdf""]",,unknown — verification required,unknown — verification required,CPS manual TOC PSB 2025-001 dated 5-1-2025 (snippet),2026-08-09,2026-08-09,direct fetch of OLM HTML index; PSM PDFs failed but snippets show PSB 2025-001 / 5-1-2025 TOC,OLM index fetched 2026-08-09. Search snippets show CPS MANUAL TOC PSB 2025-001 effective 5-1-2025.,MDHHS Michigan,index 200; many PDFs error,750a5800b1e377478c64b68383ce896220249624fdc1d5d8514d3d09f5200e69,unknown,unknown — verification required,[],"[""mdhhs-olm-cps-index""]",unknown,"[""Michigan Supreme Court rule order, legislation, revised form, local administrative order, judge assignment, or clerk notice.""]",free,Use short quotations with citation; do not reproduce protected material beyond lawful fair use.,quote-with-citation,"[""MDHHS CPS Policy Manual""]","[""PSM section PDFs not successfully fetched; use OLM portal manually."", ""Confirm policy manual effective dates.""]",high index; medium CPS currency via snippet,references/guidance/mdhhs-cps-policy-manual.md,"[""references/guidance/mdhhs-cps-policy-manual.md""]","[""mdhhs-olm-cps-index""]","family-court-source-ledger.json (deep research, 2026-08-09)",,,,,,
guidance-mdhhs-family-violence-and-dv-screening,MDHHS Family Violence and DV Screening,MDHHS Family Violence and DV Screening,Michigan Supreme Court / State of Michigan,MDHHS Family Violence and DV Screening,MDHHS Family Violence and DV Screening,official_form,informational,Michigan statewide,Educational reference; verify the cited authority and current local practice before relying on it.,https://mdhhs-pres-prod.michigan.gov/ChildSupport/policy/Documents/1.15.pdf,"[""https://www.courts.michigan.gov/siteassets/forms/scao-approved/foc124.pdf""]",,unknown — verification required,unknown — verification required,unknown — verification required,2026-08-09,2026-08-09,search snippet; PDF fetch client error,URL and title confirmed via search; automated PDF fetch failed.,MDHHS IV-D manual path,http_code_client_error,unavailable — primary text robots-blocked or unfetched in deep-research audit,unknown,unknown — verification required,[],"[""mdhhs-ivd-1-15-family-violence"", ""foc-124-dv-screening""]",unknown,"[""Michigan Supreme Court rule order, legislation, revised form, local administrative order, judge assignment, or clerk notice.""]",free,Use short quotations with citation; do not reproduce protected material beyond lawful fair use.,quote-with-citation,"[""MDHHS Family Violence and DV Screening""]","[""Content not retrieved — MUST human-open PDF before L2 quotes."", ""Full form instructions and confidentiality legend not extracted this run."", ""Confirm local Genesee FOC administration of FOC 124."", ""FOC 124 screening is sensitive and not a discovery tool.""]",medium URL; low content,references/guidance/mdhhs-family-violence-and-dv-screening.md,"[""references/guidance/mdhhs-family-violence-and-dv-screening.md""]","[""mdhhs-ivd-1-15-family-violence"", ""foc-124-dv-screening""]","family-court-source-ledger.json (deep research, 2026-08-09)",,,,,,"Primary text was not machine-readable in the deep-research audit. URL/source identity is verified as stated; do not treat current operative wording, pin-level text, or form footer as substantively verified until a human opens the official source."
guidance-mdhhs-ivd-child-support-manual,Michigan IV-D Child Support Manual,Michigan IV-D Child Support Manual,Michigan Supreme Court / State of Michigan,Michigan IV-D Child Support Manual,Michigan IV-D Child Support Manual,official_guidance,advisory_only,Michigan statewide,Educational reference; verify the cited authority and current local practice before relying on it.,https://mdhhs-pres-prod.michigan.gov/ChildSupport/policy/,"[""https://mdhhs-pres-prod.michigan.gov/ChildSupport/policy/alphaTopics.asp"", ""https://www.michigan.gov/mdhhs/adult-child-serv/child-sup""]",,unknown — verification required,unknown — verification required,unknown — verification required,2026-08-09,2026-08-09,direct fetch of landing and alpha topics,"Fetched policy landing, alphaTopics, and michigan.gov child support home 2026-08-09. Individual Documents/*.pdf mostly http_code_client_error; search snippets confirm section titles including 1.15 Family Violence, 2.15 Good Cause, 4.20 Support Recommendations.",MDHHS Michigan IV-D,200 landing; PDFs often error,4e7121f3220529c3f69d6b26f9b5faaa1358fdd8beccb916a00285503aceab39,unknown,unknown — verification required,[],"[""mdhhs-ocs-policy-landing""]",unknown,"[""Michigan Supreme Court rule order, legislation, revised form, local administrative order, judge assignment, or clerk notice.""]",free,Use short quotations with citation; do not reproduce protected material beyond lawful fair use.,quote-with-citation,"[""Michigan IV-D Child Support Manual""]","[""Intro TOC and key section PDFs failed automated fetch — human must open from policy portal."", ""Current policy index verified; guidance does not replace an order.""]",high for portal; low for section PDF text,references/guidance/mdhhs-ivd-child-support-manual.md,"[""references/guidance/mdhhs-ivd-child-support-manual.md""]","[""mdhhs-ocs-policy-landing""]","family-court-source-ledger.json (deep research, 2026-08-09)",,,,,,
guidance-mdhhs-office-of-child-support-policy,MDHHS Office of Child Support Policy,MDHHS Office of Child Support Policy,Michigan Supreme Court / State of Michigan,MDHHS Office of Child Support Policy,MDHHS Office of Child Support Policy,official_guidance,advisory_only,Michigan statewide,Educational reference; verify the cited authority and current local practice before relying on it.,https://mdhhs-pres-prod.michigan.gov/ChildSupport/policy/,"[""https://mdhhs-pres-prod.michigan.gov/ChildSupport/policy/alphaTopics.asp"", ""https://www.michigan.gov/mdhhs/adult-child-serv/child-sup""]",,unknown — verification required,unknown — verification required,unknown — verification required,2026-08-09,2026-08-09,direct fetch of landing and alpha topics,"Fetched policy landing, alphaTopics, and michigan.gov child support home 2026-08-09. Individual Documents/*.pdf mostly http_code_client_error; search snippets confirm section titles including 1.15 Family Violence, 2.15 Good Cause, 4.20 Support Recommendations.",MDHHS Michigan IV-D,200 landing; PDFs often error,4e7121f3220529c3f69d6b26f9b5faaa1358fdd8beccb916a00285503aceab39,unknown,unknown — verification required,[],"[""mdhhs-ocs-policy-landing""]",unknown,"[""Michigan Supreme Court rule order, legislation, revised form, local administrative order, judge assignment, or clerk notice.""]",free,Use short quotations with citation; do not reproduce protected material beyond lawful fair use.,quote-with-citation,"[""MDHHS Office of Child Support Policy""]","[""Intro TOC and key section PDFs failed automated fetch — human must open from policy portal."", ""Page reported current policy for Child Support Program.""]",high for portal; low for section PDF text,references/guidance/mdhhs-office-of-child-support-policy.md,"[""references/guidance/mdhhs-office-of-child-support-policy.md""]","[""mdhhs-ocs-policy-landing""]","family-court-source-ledger.json (deep research, 2026-08-09)",,,,,,
guidance-mji-child-protective-proceedings-benchbook,MJI Child Protective Proceedings Benchbook,MJI Child Protective Proceedings Benchbook,Michigan Supreme Court / State of Michigan,MJI Child Protective Proceedings Benchbook,MJI Child Protective Proceedings Benchbook,official_guidance,advisory_only,Michigan statewide,Educational reference; verify the cited authority and current local practice before relying on it.,https://www.courts.michigan.gov/49bf88/siteassets/publications/benchbooks/cpp/cpp.pdf,"[""https://www.courts.michigan.gov/4aadda/siteassets/publications/benchbooks/cpp/cpp.pdf""]",,unknown — verification required,unknown — verification required,unknown — verification required,2026-08-09,2026-08-09,URL index; robots-blocked fetch,courts.michigan.gov path confirmed in search index 2026-08-09; content.fetch returned disallow_by_robots. Multiple hash prefixes observed for some PDFs.,MJI / courts.michigan.gov,disallow_by_robots,unavailable — primary text robots-blocked or unfetched in deep-research audit,unknown,unknown — verification required,[],"[""mji-cpp-bb""]",unknown,"[""Michigan Supreme Court rule order, legislation, revised form, local administrative order, judge assignment, or clerk notice.""]",free PDF (browser),MJI publication; brief quote with citation,quote-with-citation,"[""MJI Child Protective Proceedings Benchbook""]","[""Edition/revision stamp on cover not extracted this run."", ""Hash path multiplicity — prefer human navigation from MJI publications page."", ""CPS procedures may differ from domestic proceedings.""]",high URL family; low edition stamp/content,references/guidance/mji-child-protective-proceedings-benchbook.md,"[""references/guidance/mji-child-protective-proceedings-benchbook.md""]","[""mji-cpp-bb""]","family-court-source-ledger.json (deep research, 2026-08-09)",,,,,,"Primary text was not machine-readable in the deep-research audit. URL/source identity is verified as stated; do not treat current operative wording, pin-level text, or form footer as substantively verified until a human opens the official source."
guidance-mji-civil-proceedings-benchbook,MJI Civil Proceedings Benchbook,MJI Civil Proceedings Benchbook,Michigan Supreme Court / State of Michigan,MJI Civil Proceedings Benchbook,MJI Civil Proceedings Benchbook,official_guidance,advisory_only,Michigan statewide,Educational reference; verify the cited authority and current local practice before relying on it.,https://www.courts.michigan.gov/4aef3b/siteassets/publications/benchbooks/civil/civilbb.pdf,"[""https://www.courts.michigan.gov/490820/siteassets/publications/benchbooks/civil/civilresponsivehtml5.zip/Civil/Ch_5_Discovery/Request_for_Admission.htm""]",,unknown — verification required,unknown — verification required,unknown — verification required,2026-08-09,2026-08-09,URL index; robots-blocked fetch,courts.michigan.gov path confirmed in search index 2026-08-09; content.fetch returned disallow_by_robots. Multiple hash prefixes observed for some PDFs.,MJI / courts.michigan.gov,disallow_by_robots,unavailable — primary text robots-blocked or unfetched in deep-research audit,unknown,unknown — verification required,[],"[""mji-civil-bb""]",unknown,"[""Michigan Supreme Court rule order, legislation, revised form, local administrative order, judge assignment, or clerk notice.""]",free PDF (browser),MJI publication; brief quote with citation,quote-with-citation,"[""MJI Civil Proceedings Benchbook""]","[""Edition/revision stamp on cover not extracted this run."", ""Hash path multiplicity — prefer human navigation from MJI publications page."", ""General civil discovery requires domestic-relations cross-check.""]",high URL family; low edition stamp/content,references/guidance/mji-civil-proceedings-benchbook.md,"[""references/guidance/mji-civil-proceedings-benchbook.md""]","[""mji-civil-bb""]","family-court-source-ledger.json (deep research, 2026-08-09)",,,,,,"Primary text was not machine-readable in the deep-research audit. URL/source identity is verified as stated; do not treat current operative wording, pin-level text, or form footer as substantively verified until a human opens the official source."
guidance-mji-contempt-resources,MJI Contempt Resources,MJI Contempt Resources,Michigan Supreme Court / State of Michigan,MJI Contempt Resources,MJI Contempt Resources,official_guidance,advisory_only,Michigan statewide,Educational reference; verify the cited authority and current local practice before relying on it.,https://www.courts.michigan.gov/4aa855/siteassets/publications/benchbooks/qrms/contempt/contempt-of-court-flowchart.pdf,[],,unknown — verification required,unknown — verification required,unknown — verification required,2026-08-09,2026-08-09,URL index; robots-blocked fetch,courts.michigan.gov path confirmed in search index 2026-08-09; content.fetch returned disallow_by_robots. Multiple hash prefixes observed for some PDFs.,MJI / courts.michigan.gov,disallow_by_robots,unavailable — primary text robots-blocked or unfetched in deep-research audit,unknown,unknown — verification required,[],"[""mji-contempt-flowchart""]",unknown,"[""Michigan Supreme Court rule order, legislation, revised form, local administrative order, judge assignment, or clerk notice.""]",free PDF (browser),MJI publication; brief quote with citation,quote-with-citation,"[""MJI Contempt Resources""]","[""Edition/revision stamp on cover not extracted this run."", ""Hash path multiplicity — prefer human navigation from MJI publications page."", ""Jail exposure requires immediate counsel review.""]",high URL family; low edition stamp/content,references/guidance/mji-contempt-resources.md,"[""references/guidance/mji-contempt-resources.md""]","[""mji-contempt-flowchart""]","family-court-source-ledger.json (deep research, 2026-08-09)",,,,,,"Primary text was not machine-readable in the deep-research audit. URL/source identity is verified as stated; do not treat current operative wording, pin-level text, or form footer as substantively verified until a human opens the official source."
guidance-mji-domestic-relations-quick-reference,MJI Domestic Relations Quick Reference,MJI Domestic Relations Quick Reference,Michigan Supreme Court / State of Michigan,MJI Domestic Relations Quick Reference,MJI Domestic Relations Quick Reference,official_guidance,advisory_only,Michigan statewide,Educational reference; verify the cited authority and current local practice before relying on it.,https://www.courts.michigan.gov/4ab386/siteassets/publications/benchbooks/qrms/family/domestic-relations/issuance-of-child-support-checklist.pdf,"[""https://www.courts.michigan.gov/4a5020/siteassets/publications/benchbooks/qrms/family/domestic-relations/det-or-mod-interstate-child-custody-dispute-(prelim-matters).pdf""]",,unknown — verification required,unknown — verification required,unknown — verification required,2026-08-09,2026-08-09,URL index; robots-blocked fetch,courts.michigan.gov path confirmed in search index 2026-08-09; content.fetch returned disallow_by_robots. Multiple hash prefixes observed for some PDFs.,MJI / courts.michigan.gov,disallow_by_robots,unavailable — primary text robots-blocked or unfetched in deep-research audit,unknown,unknown — verification required,[],"[""mji-dr-qrms""]",unknown,"[""Michigan Supreme Court rule order, legislation, revised form, local administrative order, judge assignment, or clerk notice.""]",free PDF (browser),MJI publication; brief quote with citation,quote-with-citation,"[""MJI Domestic Relations Quick Reference""]","[""Edition/revision stamp on cover not extracted this run."", ""Hash path multiplicity — prefer human navigation from MJI publications page."", ""Quick reference supports orientation only.""]",high URL family; low edition stamp/content,references/guidance/mji-domestic-relations-quick-reference.md,"[""references/guidance/mji-domestic-relations-quick-reference.md""]","[""mji-dr-qrms""]","family-court-source-ledger.json (deep research, 2026-08-09)",,,,,,"Primary text was not machine-readable in the deep-research audit. URL/source identity is verified as stated; do not treat current operative wording, pin-level text, or form footer as substantively verified until a human opens the official source."
guidance-mji-domestic-violence-benchbook,MJI Domestic Violence Benchbook,MJI Domestic Violence Benchbook,Michigan Supreme Court / State of Michigan,MJI Domestic Violence Benchbook,MJI Domestic Violence Benchbook,official_guidance,advisory_only,Michigan statewide,Educational reference; verify the cited authority and current local practice before relying on it.,https://www.courts.michigan.gov/499b2f/siteassets/publications/benchbooks/dvbb/dvbb.pdf,"[""https://www.courts.michigan.gov/4ac59f/siteassets/publications/benchbooks/dvbb/dvbb.pdf""]",,unknown — verification required,unknown — verification required,unknown — verification required,2026-08-09,2026-08-09,URL index; robots-blocked fetch,courts.michigan.gov path confirmed in search index 2026-08-09; content.fetch returned disallow_by_robots. Multiple hash prefixes observed for some PDFs.,MJI / courts.michigan.gov,disallow_by_robots,unavailable — primary text robots-blocked or unfetched in deep-research audit,unknown,unknown — verification required,[],"[""mji-dv-bb""]",unknown,"[""Michigan Supreme Court rule order, legislation, revised form, local administrative order, judge assignment, or clerk notice.""]",free PDF (browser),MJI publication; brief quote with citation,quote-with-citation,"[""MJI Domestic Violence Benchbook""]","[""Edition/revision stamp on cover not extracted this run."", ""Hash path multiplicity — prefer human navigation from MJI publications page."", ""Use for context and citations; safety planning takes priority.""]",high URL family; low edition stamp/content,references/guidance/mji-domestic-violence-benchbook.md,"[""references/guidance/mji-domestic-violence-benchbook.md""]","[""mji-dv-bb""]","family-court-source-ledger.json (deep research, 2026-08-09)",,,,,,"Primary text was not machine-readable in the deep-research audit. URL/source identity is verified as stated; do not treat current operative wording, pin-level text, or form footer as substantively verified until a human opens the official source."
guidance-mji-evidence-benchbook,MJI Evidence Benchbook,MJI Evidence Benchbook,Michigan Supreme Court / State of Michigan,MJI Evidence Benchbook,MJI Evidence Benchbook,official_guidance,advisory_only,Michigan statewide,Educational reference; verify the cited authority and current local practice before relying on it.,https://www.courts.michigan.gov/49dfe1/siteassets/publications/benchbooks/evidence/evidbb.pdf,"[""https://www.courts.michigan.gov/4a17ad/siteassets/publications/benchbooks/evidence/evidbb.pdf""]",,unknown — verification required,unknown — verification required,unknown — verification required,2026-08-09,2026-08-09,URL index; robots-blocked fetch,courts.michigan.gov path confirmed in search index 2026-08-09; content.fetch returned disallow_by_robots. Multiple hash prefixes observed for some PDFs.,MJI / courts.michigan.gov,disallow_by_robots,unavailable — primary text robots-blocked or unfetched in deep-research audit,unknown,unknown — verification required,[],"[""mji-evidence-bb""]",unknown,"[""Michigan Supreme Court rule order, legislation, revised form, local administrative order, judge assignment, or clerk notice.""]",free PDF (browser),MJI publication; brief quote with citation,quote-with-citation,"[""MJI Evidence Benchbook""]","[""Edition/revision stamp on cover not extracted this run."", ""Hash path multiplicity — prefer human navigation from MJI publications page."", ""Benchbook is guidance, not law. Use its cited primary authority and current MRE.""]",high URL family; low edition stamp/content,references/guidance/mji-evidence-benchbook.md,"[""references/guidance/mji-evidence-benchbook.md""]","[""mji-evidence-bb""]","family-court-source-ledger.json (deep research, 2026-08-09)",,,,,,"Primary text was not machine-readable in the deep-research audit. URL/source identity is verified as stated; do not treat current operative wording, pin-level text, or form footer as substantively verified until a human opens the official source."
guidance-mji-juvenile-and-probate-resources,MJI Juvenile and Probate Resources,MJI Juvenile and Probate Resources,Michigan Supreme Court / State of Michigan,MJI Juvenile and Probate Resources,MJI Juvenile and Probate Resources,official_guidance,advisory_only,Michigan statewide,Educational reference; verify the cited authority and current local practice before relying on it.,https://www.courts.michigan.gov/4a1362/siteassets/publications/benchbooks/jjbb/jjbb.pdf,[],,unknown — verification required,unknown — verification required,unknown — verification required,2026-08-09,2026-08-09,URL index; robots-blocked fetch,courts.michigan.gov path confirmed in search index 2026-08-09; content.fetch returned disallow_by_robots. Multiple hash prefixes observed for some PDFs.,MJI / courts.michigan.gov,disallow_by_robots,unavailable — primary text robots-blocked or unfetched in deep-research audit,unknown,unknown — verification required,[],"[""mji-jj-bb""]",unknown,"[""Michigan Supreme Court rule order, legislation, revised form, local administrative order, judge assignment, or clerk notice.""]",free PDF (browser),MJI publication; brief quote with citation,quote-with-citation,"[""MJI Juvenile and Probate Resources""]","[""Edition/revision stamp on cover not extracted this run."", ""Hash path multiplicity — prefer human navigation from MJI publications page."", ""Juvenile/probate rules are not interchangeable with domestic rules.""]",high URL family; low edition stamp/content,references/guidance/mji-juvenile-and-probate-resources.md,"[""references/guidance/mji-juvenile-and-probate-resources.md""]","[""mji-jj-bb""]","family-court-source-ledger.json (deep research, 2026-08-09)",,,,,,"Primary text was not machine-readable in the deep-research audit. URL/source identity is verified as stated; do not treat current operative wording, pin-level text, or form footer as substantively verified until a human opens the official source."
guidance-scao-forms,SCAO Forms,SCAO Forms,Michigan Supreme Court / State of Michigan,SCAO Forms,SCAO Forms,official_form,informational,Michigan statewide,Educational reference; verify the cited authority and current local practice before relying on it.,https://www.courts.michigan.gov/4a75b2/siteassets/forms/scao-approved/foc68.pdf,"[""https://www.courts.michigan.gov/forms/"", ""https://www.courts.michigan.gov/siteassets/forms/scao-approved/foc68.pdf"", ""https://www.courts.michigan.gov/siteassets/forms/scao-approved/instfoc68.pdf"", ""https://www.icle.org/contentfiles/scao/FOC68.pdf"", ""https://www.icle.org/contentfiles/scao/FOC72.pdf""]",,unknown — verification required,unknown — verification required,Seed: Rev. 3/21 — MUST confirm against official PDF face,2026-08-09,2026-08-09,official URL index + ICLE SCAO form mirror fetch,Official courts.michigan.gov FOC68.pdf path confirmed; robots-blocked. ICLE contentfiles/scao/FOC68.pdf fetched 2026-08-09 as nonofficial mirror.,SCAO form numbering FOC 68,official: disallow_by_robots; icle mirror: 200,unavailable — primary text robots-blocked or unfetched in deep-research audit,unknown,unknown — verification required,[],"[""foc-68-objection"", ""foc-72-records-access"", ""foc-124-dv-screening"", ""mc-20-fee-waiver""]",ad hoc SCAO revision,"[""Michigan Supreme Court rule order, legislation, revised form, local administrative order, judge assignment, or clerk notice."", ""new Rev. code on form footer""]",free,Use short quotations with citation; do not reproduce protected material beyond lawful fair use.,quote-with-citation,"[""SCAO Forms"", ""FOC 68""]","[""FORM REVISION DRIFT: seed says Rev. 3/21; confirm current official footer. Prefer courts.michigan.gov over ICLE mirror for filing."", ""Confirm current Rev. code on official PDF."", ""Full form instructions and confidentiality legend not extracted this run."", ""Confirm local Genesee FOC administration of FOC 124."", ""UNVERIFIED deep link and current Rev. code — MUST CONFIRM on SCAO forms site."", ""Check PDF revision date and official form number. Content hash changed across two build reads; page may be dynamic. Confirm document revision/current text before use.""]",high form identity; medium revision code without official PDF,references/guidance/scao-forms.md,"[""references/guidance/scao-forms.md"", ""templates/fee-waiver-request.md""]","[""foc-68-objection"", ""foc-72-records-access"", ""foc-124-dv-screening"", ""mc-20-fee-waiver""]","family-court-source-ledger.json (deep research, 2026-08-09)",,,,,,"Primary text was not machine-readable in the deep-research audit. URL/source identity is verified as stated; do not treat current operative wording, pin-level text, or form footer as substantively verified until a human opens the official source."
guidance-title-iv-d-federal,Federal Title IV-D,Federal Title IV-D,Michigan Supreme Court / State of Michigan,Federal Title IV-D,Federal Title IV-D,statute,informational,Michigan statewide,Educational reference; verify the cited authority and current local practice before relying on it.,https://uscode.house.gov/view.xhtml?path=/prelim@title42/chapter7/subchapter4/partD&edition=prelim,"[""https://www.govinfo.gov/content/pkg/USCODE-2023-title42/pdf/USCODE-2023-title42-chap7-subchapIV-partD.pdf"", ""https://www.law.cornell.edu/uscode/text/42/651""]",,unknown — verification required,unknown — verification required,unknown — verification required,2026-08-09,2026-08-09,direct fetch House OLRC view + LII 651,Fetched uscode.house.gov Part D view and Cornell 42 USC 651 on 2026-08-09.,U.S. Code,200,cde104766d86b353e87b9808de744eefd06a4cb7276c1d076a22d97bc1621290,unknown,unknown — verification required,[],"[""title-iv-d-federal""]",unknown,"[""Michigan Supreme Court rule order, legislation, revised form, local administrative order, judge assignment, or clerk notice.""]",free,Use short quotations with citation; do not reproduce protected material beyond lawful fair use.,quote-with-citation,"[""Federal Title IV-D"", ""42 USC 651 et seq.""]","[""Federal program source; cross-check current code.""]",high,references/guidance/title-iv-d-federal.md,"[""references/guidance/title-iv-d-federal.md""]","[""title-iv-d-federal""]","family-court-source-ledger.json (deep research, 2026-08-09)",,,,,,
icle-family-law-benchbook,"Michigan Family Law Benchbook, Second Edition (ICLE)",ICLE Family Law Benchbook,Institute of Continuing Legal Education,ICLE product (2d ed.),"ICLE, Michigan Family Law Benchbook (2d ed.)",secondary,informational,Michigan,"SUBSCRIPTION / PAID. Cite-only. Do not reproduce, paraphrase at length, or bundle.",https://icle.org/books/mflb/,"[""https://www.icle.org/modules/store/books/book.aspx?PRODUCT_CODE=2006553550""]",,,,,2026-08-09,2026-08-09,direct fetch of product landing pages,Fetched icle.org/books/mflb/ and store product page 2026-08-09; subscription product signals confirmed.,ICLE Michigan family law product,200,unavailable — see audit verification method,unknown,,[],[],unknown,[],subscription,ICLE copyright; paid product,cite-only,[],"[""No free full text; judges may have chambers copies unavailable to pro se users.""]",high for access restriction and title,,"[""references/guidance/icle-family-law-benchbook-cite-only.md"", ""references/audit/deep-research-source-audit-2026-08-09.md""]",,,subscription,True,deep-research audit 2026-08-09,references/audit/deep-research-source-ledger-2026-08-09.json,,
icle-mcdowell-qa,"Q&A with Judge Anthony J. McDowell, 7th Circuit Court (ICLE community, May 18, 2026)",ICLE McDowell Q&A,ICLE community / Hon. Anthony J. McDowell,,,secondary,informational,7th Circuit Genesee (secondary interview),Secondary source: confirms McDowell on 7th Circuit bench; policies on court website. Not LAO.,https://community.icle.org/blogs/lindsey-a-dicesare/2026/05/18/qa-with-judge-anthony-j-mcdowell-7th-circuit-court,[],,2026-05-18,,,2026-08-09,2026-08-09,direct fetch,Fetched 2026-08-09.,Names 7th Circuit Court Genesee context,200,unavailable — see audit verification method,unknown,,[],"[""genesee-bench-roster-composite-2026""]",unknown,[],free community post,,cite-only,[],"[""McDowell official policies PDF URL not successfully fetched (robots on 7thcircuitcourt.com).""]",high as secondary roster/practice pointer,,"[""references/audit/deep-research-source-audit-2026-08-09.md""]",,,secondary,True,deep-research audit 2026-08-09,references/audit/deep-research-source-ledger-2026-08-09.json,,
icle-mcsf-2025-blog,"2025 Michigan Child Support Formula Effective January 1, 2025 (ICLE blog)",ICLE MCSF 2025 blog,ICLE community,,,secondary,informational,Michigan,,https://community.icle.org/blogs/lindsey-a-dicesare/2024/09/30/2025-michigan-child-support-formula-effective-janu,[],,2024-09-30,,,2026-08-09,2026-08-09,direct fetch,Fetched 2026-08-09; corroborates MCSF 2025 effective date.,ICLE Michigan,200,unavailable — see audit verification method,unknown,,[],"[""mcsf-2025-manual"", ""mcsf-2025-supplement""]",unknown,[],free community post,,cite-only,[],[],high as secondary date corroboration,,"[""references/audit/deep-research-source-audit-2026-08-09.md""]",,,secondary,True,deep-research audit 2026-08-09,references/audit/deep-research-source-ledger-2026-08-09.json,,
icle-mre-amendments-blog,"A Closer Look at the MRE Amendments Effective January 1, 2024 (ICLE community)",ICLE MRE restyle blog,ICLE (secondary commentary),,,secondary,informational,Michigan (commentary),Secondary explanation of restyling; cite-only; do not treat as rule text.,https://community.icle.org/blogs/rebekah-page-gourley/2023/10/24/closer-look-at-mre-amendments,[],,,,,2026-08-09,2026-08-09,direct fetch,Fetched 2026-08-09.,ICLE Michigan practice commentary,200,unavailable — see audit verification method,unknown,,[],"[""mre-consolidated"", ""mre-restyle-order-2021-10""]",unknown,[],free community post,,cite-only,[],[],high as secondary pointer,,"[""references/audit/deep-research-source-audit-2026-08-09.md""]",,,secondary,True,deep-research audit 2026-08-09,references/audit/deep-research-source-ledger-2026-08-09.json,,
icwa-25-usc-1901,Indian Child Welfare Act,ICWA,United States Congress,25 USC 1901 et seq.,25 U.S.C. §§ 1901 et seq.,statute,binding_if_applicable,federal (Indian child),,,"[""https://uscode.house.gov/""]",,,,,2026-08-09,2026-08-09,direct fetch LII,Fetched Cornell LII 25 USC 1901 page 2026-08-09.,U.S. Code title 25,200,unavailable — see audit verification method,unknown,,[],"[""mifpa""]",unknown,[],free,,quote-with-citation,"[""25 USC 1901 et seq.""]","[""No official primary deep link was verified in this audit; retained mirror is nonofficial and not a substitute for current primary text."", ""official_url is null because a current official deep link was not verified; use the listed official landing page and verify before reliance.""]",high,,"[""references/michigan/icwa-mifpa.md"", ""references/audit/deep-research-source-audit-2026-08-09.md""]",,,federal,True,deep-research audit 2026-08-09,references/audit/deep-research-source-ledger-2026-08-09.json,"[""https://www.law.cornell.edu/uscode/text/25/1901""]",
mc-20-fee-waiver,MC 20 Fee Waiver Request (cataloged),MC 20,SCAO,MC 20,MC 20,official_form,binding_if_applicable,Michigan statewide,Fee waiver form referenced in master prompt. Official deep link not verified this run.,https://www.courts.michigan.gov/courtforms/,[],,,,,2026-08-09,2026-08-09,SCAO forms landing path; robots-blocked,Forms landing disallow_by_robots; MC 20 not individually fetched.,SCAO MC form series,disallow_by_robots,unavailable — see audit verification method,unknown,,[],[],unknown,[],free,,quote-with-citation,[],"[""UNVERIFIED deep link and current Rev. code — MUST CONFIRM on SCAO forms site.""]",low for URL/revision; high that form series exists,,"[""references/guidance/scao-forms.md"", ""references/audit/deep-research-source-audit-2026-08-09.md"", ""references/audit/audit-form-and-supplement-drift.md""]",,,forms,False,deep-research audit 2026-08-09,references/audit/deep-research-source-ledger-2026-08-09.json,,
mcl-552-507-referee-review,MCL 552.507 Judicial review of referee recommendation,MCL 552.507,Michigan Legislature,MCL 552.507,MCL 552.507,statute,binding,Michigan statewide,Statutory judicial review of FOC referee recommendations; pairs with MCR 3.215 de novo framework.,https://www.legislature.mi.gov/Laws/MCL?objectName=MCL-552-507,"[""https://codes.findlaw.com/mi/chapter-552-divorce/mi-comp-laws-552-507/"", ""https://law.justia.com/codes/michigan/2014/chapter-552/statute-act-294-of-1982/section-552.507/""]",,,,,2026-08-09,2026-08-09,FindLaw + Justia mirror fetches,Official legislature blocked; FindLaw MCL 552.507 and Justia 2014 section page fetched 2026-08-09.,MCL 552 within FOC Act,mirrors 200,unavailable — see audit verification method,unknown,,[],"[""mcr-3-215-referee-hearings"", ""foc-68-objection""]",unknown,[],free,,quote-with-citation,"[""MCL 552.507"", ""MCL 552.507a""]","[""Justia 2014 path may be stale — cross-check legislature for post-2014 amendments before quoting.""]",medium-high,,"[""references/caselaw/referee-de-novo-review.md"", ""references/genesee/objection-to-referee-recommendation.md"", ""references/michigan/foc-act.md"", ""references/audit/deep-research-source-audit-2026-08-09.md""]",,,statutes,True,deep-research audit 2026-08-09,references/audit/deep-research-source-ledger-2026-08-09.json,,
mcr-1-109-pii,MCR 1.109 Court Records; PPII,MCR 1.109,Michigan Supreme Court,MCR 1.109,MCR 1.109,court_rule,binding,Michigan statewide,See MCR current compilation. Pin focus: MCR 1.109(D)(9).,https://www.courts.michigan.gov/rules-administrative-orders-and-jury-instructions/current-court-rules/,[],,,,,2026-08-09,2026-08-09,catalog under robots-blocked official compilation,Standard MCR identity; full subdivision text not machine-extracted 2026-08-09 due to courts.michigan.gov robots.,Michigan Court Rules,disallow_by_robots,unavailable — see audit verification method,unknown,,[],[],unknown,[],free,,quote-with-citation,"[""MCR 1.109(D)(9)""]","[""Full current text not fetched — human must open official MCR before quoting deadlines/subdivisions.""]",high identity; low automated text verification,,"[""references/audit/deep-research-source-audit-2026-08-09.md""]",,,rules,False,deep-research audit 2026-08-09,references/audit/deep-research-source-ledger-2026-08-09.json,,
mcr-2-119-motion-practice,MCR 2.119 Motion Practice,MCR 2.119,Michigan Supreme Court,MCR 2.119,MCR 2.119,court_rule,binding,Michigan statewide,"See MCR current compilation. Pin focus: MCR 2.119(A)(2), MCR 2.119(C)(4), MCR 2.119(F).",https://www.courts.michigan.gov/rules-administrative-orders-and-jury-instructions/current-court-rules/,[],,,,,2026-08-09,2026-08-09,catalog under robots-blocked official compilation,Standard MCR identity; full subdivision text not machine-extracted 2026-08-09 due to courts.michigan.gov robots.,Michigan Court Rules,disallow_by_robots,unavailable — see audit verification method,unknown,,[],"[""scao-lcr-circuit-courts"", ""genesee-notice-motion-practice""]",unknown,[],free,,quote-with-citation,"[""MCR 2.119(A)(2)"", ""MCR 2.119(C)(4)"", ""MCR 2.119(F)""]","[""Full current text not fetched — human must open official MCR before quoting deadlines/subdivisions.""]",high identity; low automated text verification,,"[""references/michigan/mcr-motion-practice.md"", ""references/audit/deep-research-source-audit-2026-08-09.md"", ""references/audit/audit-primary-text-access-limits.md""]",,,rules,False,deep-research audit 2026-08-09,references/audit/deep-research-source-ledger-2026-08-09.json,,
mcr-2-310-rfp,MCR 2.310 Requests for Production,MCR 2.310,Michigan Supreme Court,MCR 2.310,MCR 2.310,court_rule,binding,Michigan statewide,See MCR current compilation. Pin focus: MCR 2.310.,https://www.courts.michigan.gov/rules-administrative-orders-and-jury-instructions/current-court-rules/,[],,,,,2026-08-09,2026-08-09,catalog under robots-blocked official compilation,Standard MCR identity; full subdivision text not machine-extracted 2026-08-09 due to courts.michigan.gov robots.,Michigan Court Rules,disallow_by_robots,unavailable — see audit verification method,unknown,,[],"[""mcr-2-313-compel""]",unknown,[],free,,quote-with-citation,"[""MCR 2.310""]","[""Full current text not fetched — human must open official MCR before quoting deadlines/subdivisions.""]",high identity; low automated text verification,,"[""references/michigan/mcr-2-310-rfp.md"", ""references/audit/deep-research-source-audit-2026-08-09.md""]",,,rules,False,deep-research audit 2026-08-09,references/audit/deep-research-source-ledger-2026-08-09.json,,
mcr-2-312-rfa,MCR 2.312 Request for Admission,MCR 2.312,Michigan Supreme Court,MCR 2.312,MCR 2.312,court_rule,binding,Michigan statewide,See MCR current compilation. Pin focus: MCR 2.312.,https://www.courts.michigan.gov/rules-administrative-orders-and-jury-instructions/current-court-rules/,[],,,,,2026-08-09,2026-08-09,catalog under robots-blocked official compilation,Standard MCR identity; full subdivision text not machine-extracted 2026-08-09 due to courts.michigan.gov robots.,Michigan Court Rules,disallow_by_robots,unavailable — see audit verification method,unknown,,[],"[""mcr-2-313-compel""]",unknown,[],free,,quote-with-citation,"[""MCR 2.312""]","[""Full current text not fetched — human must open official MCR before quoting deadlines/subdivisions.""]",high identity; low automated text verification,,"[""references/michigan/mcr-2-312-rfa.md"", ""references/audit/deep-research-source-audit-2026-08-09.md""]",,,rules,False,deep-research audit 2026-08-09,references/audit/deep-research-source-ledger-2026-08-09.json,,
mcr-2-313-compel,MCR 2.313 Discovery Sanctions,MCR 2.313,Michigan Supreme Court,MCR 2.313,MCR 2.313,court_rule,binding,Michigan statewide,See MCR current compilation. Pin focus: MCR 2.313.,https://www.courts.michigan.gov/rules-administrative-orders-and-jury-instructions/current-court-rules/,[],,,,,2026-08-09,2026-08-09,catalog under robots-blocked official compilation,Standard MCR identity; full subdivision text not machine-extracted 2026-08-09 due to courts.michigan.gov robots.,Michigan Court Rules,disallow_by_robots,unavailable — see audit verification method,unknown,,[],"[""mcr-2-310-rfp"", ""mcr-2-312-rfa""]",unknown,[],free,,quote-with-citation,"[""MCR 2.313""]","[""Full current text not fetched — human must open official MCR before quoting deadlines/subdivisions.""]",high identity; low automated text verification,,"[""references/caselaw/discovery-sanctions.md"", ""references/michigan/mcr-2-313-compel-sanctions.md"", ""references/audit/deep-research-source-audit-2026-08-09.md""]",,,rules,False,deep-research audit 2026-08-09,references/audit/deep-research-source-ledger-2026-08-09.json,,
mcr-2-408-remote,MCR 2.408 Videoconferencing Technology,MCR 2.408,Michigan Supreme Court,MCR 2.408,MCR 2.408,court_rule,binding,Michigan statewide,See MCR current compilation. Pin focus: MCR 2.408.,https://www.courts.michigan.gov/rules-administrative-orders-and-jury-instructions/current-court-rules/,[],,,,,2026-08-09,2026-08-09,catalog under robots-blocked official compilation,Standard MCR identity; full subdivision text not machine-extracted 2026-08-09 due to courts.michigan.gov robots.,Michigan Court Rules,disallow_by_robots,unavailable — see audit verification method,unknown,,[],"[""genesee-judge-hood-policies""]",unknown,[],free,,quote-with-citation,"[""MCR 2.408""]","[""Full current text not fetched — human must open official MCR before quoting deadlines/subdivisions.""]",high identity; low automated text verification,,"[""references/audit/deep-research-source-audit-2026-08-09.md""]",,,rules,False,deep-research audit 2026-08-09,references/audit/deep-research-source-ledger-2026-08-09.json,,
mcr-3-201-et-seq-domestic,MCR 3.201–3.219 Domestic Relations Actions,MCR 3.201 et seq.,Michigan Supreme Court,MCR 3.201 et seq.,MCR 3.201 et seq.,court_rule,binding,Michigan statewide,"See MCR current compilation. Pin focus: MCR 3.201, MCR 3.203, MCR 3.215.",https://www.courts.michigan.gov/rules-administrative-orders-and-jury-instructions/current-court-rules/,[],,,,,2026-08-09,2026-08-09,catalog under robots-blocked official compilation,Standard MCR identity; full subdivision text not machine-extracted 2026-08-09 due to courts.michigan.gov robots.,Michigan Court Rules,disallow_by_robots,unavailable — see audit verification method,unknown,,[],"[""mcr-3-215-referee-hearings""]",unknown,[],free,,quote-with-citation,"[""MCR 3.201"", ""MCR 3.203"", ""MCR 3.215""]","[""Full current text not fetched — human must open official MCR before quoting deadlines/subdivisions.""]",high identity; low automated text verification,,"[""references/michigan/mcr-3-2xx-domestic-relations.md"", ""references/audit/deep-research-source-audit-2026-08-09.md""]",,,rules,False,deep-research audit 2026-08-09,references/audit/deep-research-source-ledger-2026-08-09.json,,
mcr-3-215-referee-hearings,MCR 3.215 Domestic Relations Referees,MCR 3.215,Michigan Supreme Court,MCR 3.215,MCR 3.215,court_rule,binding,Michigan statewide,"See MCR current compilation. Pin focus: MCR 3.215, 21-day objection.",https://www.courts.michigan.gov/rules-administrative-orders-and-jury-instructions/current-court-rules/,[],,,,,2026-08-09,2026-08-09,catalog under robots-blocked official compilation,Standard MCR identity; full subdivision text not machine-extracted 2026-08-09 due to courts.michigan.gov robots.,Michigan Court Rules,disallow_by_robots,unavailable — see audit verification method,unknown,,[],"[""mcl-552-507-referee-review"", ""foc-68-objection""]",unknown,[],free,,quote-with-citation,"[""MCR 3.215"", ""21-day objection""]","[""Full current text not fetched — human must open official MCR before quoting deadlines/subdivisions.""]",high identity; low automated text verification,,"[""references/caselaw/referee-de-novo-review.md"", ""references/genesee/objection-to-referee-recommendation.md"", ""references/michigan/mcr-3-2xx-domestic-relations.md"", ""references/audit/deep-research-source-audit-2026-08-09.md""]",,,rules,False,deep-research audit 2026-08-09,references/audit/deep-research-source-ledger-2026-08-09.json,,
mcr-current-compilation,Michigan Court Rules (current compilation),MCR current,Michigan Supreme Court,MCR (Chapters 1–9 as applicable),Michigan Court Rules,court_rule,binding,Michigan statewide,"Statewide procedural rules. Family toolkit relies especially on MCR 1.108, 1.109, 2.107, 2.119, 2.301–2.313, 2.408, 2.503, 2.602, 3.201–3.219, 3.215.",https://www.courts.michigan.gov/rules-administrative-orders-and-jury-instructions/current-court-rules/,"[""https://www.courts.michigan.gov/siteassets/rules-instructions-administrative-orders/michigan-court-rules/michigan-court-rules-responsive-html5.zip/Michigan_Court_Rules/"", ""https://www.courts.michigan.gov/siteassets/rules-instructions-administrative-orders/michigan-court-rules/michigan-court-rules-responsive-html5.zip/Michigan_Court_Rules/Updated/Updated_September_1__44__2025.htm"", ""https://www.courts.michigan.gov/siteassets/rules-instructions-administrative-orders/michigan-court-rules/court-rules-book-ch-2-responsive-html5.zip/Court_Rules_Book_Ch_2/Court_Rules_Chapter_2/Court_Rules_Chapter_2.htm"", ""https://www.courts.michigan.gov/siteassets/rules-instructions-administrative-orders/michigan-court-rules/michigan-court-rules-responsive-html5.zip/Michigan_Court_Rules/Court_Rules_Chapter_3/Court_Rules_Chapter_3.htm""]",,,,"Responsive HTML compilation bears Updated September 1, 2025 stamp path (URL observed in search index); continuous amendment via ADM files",2026-08-09,2026-08-09,search index URL discovery; direct fetch robots-blocked,Landing and chapter HTML/PDF paths confirmed via courts.michigan.gov search results 2026-08-09 including Updated_September_1_2025 stamp page. Automated content.fetch returned disallow_by_robots for all courts.michigan.gov rule paths tested.,Michigan Supreme Court / courts.michigan.gov official domain,disallow_by_robots,unavailable — see audit verification method,no,,[],[],continuous,"[""MSC ADM file adopted orders"", ""September annual stamp updates""]",free (browser); automated fetch blocked,,quote-with-citation,"[""MCR 2.119"", ""MCR 2.310"", ""MCR 2.312"", ""MCR 2.313"", ""MCR 3.201"", ""MCR 3.203"", ""MCR 3.215"", ""MCR 1.109"", ""MCR 2.408"", ""MCR 2.602(B)(3)""]","[""Cannot quote full current rule text from automated fetch this run. Package L2 must instruct human re-download of official HTML/PDF before filing instructions.""]",high for official URLs and currency stamp path; low for pin-level wording without human PDF open,,"[""references/michigan/mcr-2-310-rfp.md"", ""references/michigan/mcr-2-312-rfa.md"", ""references/michigan/mcr-2-313-compel-sanctions.md"", ""references/michigan/mcr-3-2xx-domestic-relations.md"", ""references/michigan/mcr-motion-practice.md"", ""references/audit/deep-research-source-audit-2026-08-09.md"", ""references/audit/audit-high-risk-gaps.md"", ""references/audit/audit-primary-text-access-limits.md"", ""cheatsheet/L0-hearing-day-card.md"", ""cheatsheet/L1-pro-se-guide.md""]",,,rules,False,deep-research audit 2026-08-09,references/audit/deep-research-source-ledger-2026-08-09.json,,
mcsf-2025-manual,2025 Michigan Child Support Formula Manual,MCSF 2025 Manual,SCAO Friend of the Court Bureau,2025 MCSF Manual,"2025 Michigan Child Support Formula Manual (effective Jan. 1, 2025)",official_guidance,binding_if_applicable,Michigan statewide,SPECIAL BINDING STATUS: MCSF is the required guideline for support calculation; courts must follow the formula or make adequate deviation findings. Manual §1.01(A) (search snippet) states guideline consists of the manual AND its most current supplement. Not ordinary benchbook advisory.,https://www.courts.michigan.gov/4a7a53/siteassets/court-administration/standardsguidelines/foc/2025mcsf.pdf,"[""https://www.courts.michigan.gov/4aee48/siteassets/court-administration/standardsguidelines/foc/2025-child-support-formula-manual.pdf""]",,2024/2025,2025-01-01,,2026-08-09,2026-08-09,search snippet from official PDF + ICLE blog fetch; PDF robots-blocked,courts.michigan.gov 2025mcsf.pdf snippet quotes FOC Bureau and §1.01(A) manual+supplement definition. ICLE blog 2024-09-30 fetched confirming 2025 formula effective Jan 1 2025. Direct PDF fetch disallow_by_robots.,SCAO FOC Bureau Lansing,disallow_by_robots,unavailable — see audit verification method,unknown,,[],"[""mcsf-2025-supplement""]",~every 4 years for manual; supplement more often for tables,[],free,,quote-with-citation,"[""MCSF 1.01(A)"", ""2025 MCSF effective 1/1/2025""]","[""Full manual text not retrieved; deviation chapter pins need human PDF open.""]",high for existence/effective date; medium for section-level quotes beyond snippet,,"[""references/guidance/child-support-formula-manual.md"", ""references/audit/deep-research-source-audit-2026-08-09.md"", ""references/audit/audit-form-and-supplement-drift.md"", ""cheatsheet/L1-pro-se-guide.md"", ""references/guidance/child-support-formula-supplement.md""]",,,guidance,False,deep-research audit 2026-08-09,references/audit/deep-research-source-ledger-2026-08-09.json,,
mcsf-2025-supplement,2025 Michigan Child Support Formula Supplement,MCSF 2025 Supplement,SCAO Friend of the Court Bureau,2025 MCSF Supplement,"2025 Michigan Child Support Formula Supplement (effective Jan. 1, 2025)",official_guidance,binding_if_applicable,Michigan statewide,Economic tables/schedules companion to 2025 Manual; part of mandatory guideline per Manual 1.01(A).,,"[""https://www.courts.michigan.gov/4a7a53/siteassets/court-administration/standardsguidelines/foc/2025mcsf.pdf""]",,,2025-01-01,,2026-08-09,2026-08-09,search snippet of county-hosted copy + manual snippet referencing Supplement,"Shiawassee County host PDF snippet shows title 2025 Michigan Child Support Formula Supplement, Effective January 1, 2025, SCAO FOC Bureau. Fetch of that URL disallow_by_robots. Official courts.michigan.gov deep link for Supplement alone not isolated this run.",SCAO FOC Bureau branding on supplement face (snippet),mirror path robots-blocked; official deep link unresolved,unavailable — see audit verification method,unknown,,[],"[""mcsf-2025-manual""]",unknown,[],free,,quote-with-citation,[],"[""CRITICAL GAP: stable official courts.michigan.gov URL for Supplement PDF not confirmed separately from Manual; county mirror not acceptable as sole official_url."", ""Locate official Supplement on courts.michigan.gov/mcsf human browse."", ""official_url is null because a current official deep link was not verified; use the listed official landing page and verify before reliance.""]",medium — existence/effective date high via snippets; official URL low,,"[""references/guidance/child-support-formula-supplement.md"", ""references/audit/deep-research-source-audit-2026-08-09.md"", ""references/audit/audit-high-risk-gaps.md"", ""references/audit/audit-form-and-supplement-drift.md"", ""cheatsheet/L1-pro-se-guide.md""]",,,guidance,False,deep-research audit 2026-08-09,references/audit/deep-research-source-ledger-2026-08-09.json,"[""https://shiawassee.net/wp-content/uploads/2024/12/2025-FOC-Child-Support-Formula-Supplement.pdf""]",
mdhhs-cw-law-manual,Michigan Child Welfare Law Manual (landing),MDHHS CW Law Manual,MDHHS,,,official_guidance,advisory_only,Michigan,,https://www.michigan.gov/mdhhs/doing-business/cw-staff/cw-manual,[],,,,,2026-08-09,2026-08-09,landing fetch; chapter PDFs client error,Landing page fetched 2026-08-09.,michigan.gov/mdhhs,landing 200,unavailable — see audit verification method,unknown,,[],[],unknown,[],free,,quote-with-citation,[],"[""Chapter PDFs not extracted; treat landing as verified entry point only.""]",medium,,"[""references/guidance/mdhhs-child-welfare-law-manual.md"", ""references/guidance/mdhhs-confidentiality-and-records.md"", ""references/audit/deep-research-source-audit-2026-08-09.md""]",,,guidance,True,deep-research audit 2026-08-09,references/audit/deep-research-source-ledger-2026-08-09.json,,
mdhhs-ivd-1-15-family-violence,Michigan IV-D Child Support Manual §1.15 Family Violence,IV-D 1.15 Family Violence,MDHHS Office of Child Support,IV-D Manual 1.15,"Michigan IV-D Child Support Manual, Section 1.15 Family Violence",official_guidance,advisory_only,Michigan IV-D,Family-violence indicators and safe handling — critical with FOC 124.,https://mdhhs-pres-prod.michigan.gov/ChildSupport/policy/Documents/1.15.pdf,[],,,,,2026-08-09,2026-08-09,search snippet; PDF fetch client error,URL and title confirmed via search; automated PDF fetch failed.,MDHHS IV-D manual path,http_code_client_error,unavailable — see audit verification method,unknown,,[],"[""foc-124-dv-screening"", ""mdhhs-ocs-policy-landing""]",unknown,[],free,,quote-with-citation,[],"[""Content not retrieved — MUST human-open PDF before L2 quotes.""]",medium URL; low content,,"[""references/guidance/mdhhs-family-violence-and-dv-screening.md"", ""references/audit/deep-research-source-audit-2026-08-09.md""]",,,guidance,False,deep-research audit 2026-08-09,references/audit/deep-research-source-ledger-2026-08-09.json,,
mdhhs-ocs-policy-landing,MDHHS Office of Child Support — Policy (IV-D Manual landing),MDHHS OCS policy landing,MDHHS Office of Child Support,,,official_guidance,advisory_only,Michigan IV-D program,Portal to Michigan IV-D Child Support Manual sections.,https://mdhhs-pres-prod.michigan.gov/ChildSupport/policy/,"[""https://mdhhs-pres-prod.michigan.gov/ChildSupport/policy/alphaTopics.asp"", ""https://www.michigan.gov/mdhhs/adult-child-serv/child-sup""]",,,,,2026-08-09,2026-08-09,direct fetch of landing and alpha topics,"Fetched policy landing, alphaTopics, and michigan.gov child support home 2026-08-09. Individual Documents/*.pdf mostly http_code_client_error; search snippets confirm section titles including 1.15 Family Violence, 2.15 Good Cause, 4.20 Support Recommendations.",MDHHS Michigan IV-D,200 landing; PDFs often error,unavailable — see audit verification method,unknown,,[],"[""title-iv-d-federal"", ""cfr-45-301-310"", ""mcsf-2025-manual""]",unknown,[],free,,quote-with-citation,[],"[""Intro TOC and key section PDFs failed automated fetch — human must open from policy portal.""]",high for portal; low for section PDF text,,"[""references/guidance/mdhhs-ivd-child-support-manual.md"", ""references/guidance/mdhhs-office-of-child-support-policy.md"", ""references/audit/deep-research-source-audit-2026-08-09.md""]",,,guidance,True,deep-research audit 2026-08-09,references/audit/deep-research-source-ledger-2026-08-09.json,,
mdhhs-olm-cps-index,MDHHS Online Manuals Index (incl. CPS PSM),MDHHS OLM index,MDHHS,,,official_guidance,advisory_only,Michigan,,https://mdhhs-pres-prod.michigan.gov/olmweb/ex/html/,"[""https://mdhhs-pres-prod.michigan.gov/olmweb/ex/PS/Public/PSM/000.pdf""]",,,,CPS manual TOC PSB 2025-001 dated 5-1-2025 (snippet),2026-08-09,2026-08-09,direct fetch of OLM HTML index; PSM PDFs failed but snippets show PSB 2025-001 / 5-1-2025 TOC,OLM index fetched 2026-08-09. Search snippets show CPS MANUAL TOC PSB 2025-001 effective 5-1-2025.,MDHHS Michigan,index 200; many PDFs error,unavailable — see audit verification method,unknown,,[],"[""child-protection-law"", ""mji-cpp-bb""]",unknown,[],free,,quote-with-citation,[],"[""PSM section PDFs not successfully fetched; use OLM portal manually.""]",high index; medium CPS currency via snippet,,"[""references/guidance/mdhhs-confidentiality-and-records.md"", ""references/guidance/mdhhs-cps-policy-manual.md"", ""references/audit/deep-research-source-audit-2026-08-09.md""]",,,guidance,True,deep-research audit 2026-08-09,references/audit/deep-research-source-ledger-2026-08-09.json,,
michigan-child-custody-act,Michigan Child Custody Act,Michigan Child Custody Act,Michigan Supreme Court / State of Michigan,MCL 722.21 et seq.,MCL 722.21 et seq.,statute,binding,Michigan statewide,Educational reference; verify the cited authority and current local practice before relying on it.,https://www.legislature.mi.gov/Laws/MCL?objectName=mcl-act-91-of-1970,"[""https://www.legislature.mi.gov/Laws/MCL?objectName=MCL-722-23"", ""https://www.legislature.mi.gov/documents/mcl/pdf/mcl-act-91-of-1970.pdf"", ""https://codes.findlaw.com/mi/chapter-722-children/mi-comp-laws-722-23/"", ""https://law.justia.com/codes/michigan/chapter-722/act-91-of-1970/section-722-27a/""]",,unknown — verification required,unknown — verification required,unknown — verification required,2026-08-09,2026-08-09,FindLaw 722.23 + Justia 722.27a fetches; official blocked,MCL 722.23 and 722.27a mirrors fetched 2026-08-09.,Michigan Child Custody Act,mirrors 200,not retained; run scripts/citation_url_checker.py,unknown,unknown — verification required,[],"[""child-custody-act-1970""]",unknown,"[""Michigan Supreme Court rule order, legislation, revised form, local administrative order, judge assignment, or clerk notice.""]",free,Use short quotations with citation; do not reproduce protected material beyond lawful fair use.,quote-with-citation,"[""MCL 722.23"", ""MCL 722.26a"", ""MCL 722.27a"", ""MCL 722.21"", ""MCL 722.23(k)"", ""MCL 722.23(l)""]","[""Currency and case-specific application require confirmation. URL checker could not fetch this source; verify directly from the official agency before relying on it. Corrected official statutory deep link requires direct current-text verification.""]",high identity; medium mirror currency,references/michigan/child-custody-act.md,"[""cheatsheet/L1-pro-se-guide.md"", ""examples/worked-chronology-excerpt.md"", ""references/michigan/child-custody-act.md"", ""templates/chronology.md""]","[""child-custody-act-1970""]","family-court-source-ledger.json (deep research, 2026-08-09)",,,,,,
michigan-eavesdropping-and-recordings,Michigan Eavesdropping and Recordings,Michigan Eavesdropping and Recordings,Michigan Supreme Court / State of Michigan,MCL 750.539a–539h; 117 Mich App 476,MCL 750.539a–539h; 117 Mich App 476,statute,unsettled,Michigan statewide,Educational reference; verify the cited authority and current local practice before relying on it.,https://www.legislature.mi.gov/Laws/MCL?objectName=MCL-750-539c,"[""https://www.legislature.mi.gov/Laws/MCL?objectName=mcl-750-539c"", ""https://www.legislature.mi.gov/documents/mcl/pdf/mcl-328-1931-LXXXII.pdf"", ""https://codes.findlaw.com/mi/chapter-750-michigan-penal-code/mi-comp-laws-750-539c/"", ""https://www.rcfp.org/briefs-comments/aft-michigan-v-project-veritas/"", ""https://www.butzel.com/alert-butzel-prevails-in-long-running-michigan-eavesdropping-statute-litigation""]",,unknown — verification required,unknown — verification required,unknown — verification required,2026-08-09,2026-08-09,FindLaw 750.539c fetch; official blocked,FindLaw MCL 750.539c fetched 2026-08-09. Official legislature/PDF blocked.,Michigan Penal Code,mirror 200,not retained; run scripts/citation_url_checker.py,unknown,unknown — verification required,[],"[""sullivan-v-gray"", ""aft-project-veritas"", ""eavesdropping-mcl-750-539"", ""aft-michigan-project-veritas""]",unknown,"[""Michigan Supreme Court rule order, legislation, revised form, local administrative order, judge assignment, or clerk notice.""]",free,Use short quotations with citation; do not reproduce protected material beyond lawful fair use.,quote-with-citation,"[""MCL 750.539a–539h"", ""Sullivan v Gray, 117 Mich App 476 (1982)"", ""MCL 750.539a"", ""MCL 750.539c"", ""MCL 750.539d"", ""MCL 750.539h""]","[""Present one-party consent status as UNSETTLED — see caselaw cluster."", ""Directing child to record is high-risk regardless of adult-participant theory."", ""Obtain official reporter citation/PDF if available."", ""Doctrine unsettled overall in light of federal AFT Michigan developments."", ""Full March 2026 federal opinion text not obtained as official slip opinion beyond secondary/govinfo partial."", ""MSC certified-question denial order official PDF not separately fetched."", ""Package must label recording law UNSETTLED and escalate to lawyer for any covert recording plan."", ""Participant-recording application is fact-sensitive; federal litigation and the exact definition of participant require current legal review. URL checker could not fetch this source; verify directly from the official agency before relying on it.""]",high statute identity; doctrine unsettled,references/michigan/eavesdropping-and-recordings.md,"[""cheatsheet/L1-pro-se-guide.md"", ""references/michigan/eavesdropping-and-recordings.md""]","[""eavesdropping-mcl-750-539"", ""sullivan-v-gray"", ""aft-michigan-project-veritas""]","family-court-source-ledger.json (deep research, 2026-08-09)",,,,,,
michigan-foc-act,Friend of the Court Act,Friend of the Court Act,Michigan Supreme Court / State of Michigan,MCL 552.501 et seq.,MCL 552.501 et seq.,statute,binding,Michigan statewide,Educational reference; verify the cited authority and current local practice before relying on it.,https://www.legislature.mi.gov/Laws/MCL?objectName=mcl-Act-294-of-1982,"[""https://www.legislature.mi.gov/Laws/MCL?objectName=MCL-552-501"", ""https://law.justia.com/codes/michigan/chapter-552/act-294-of-1982/"", ""https://codes.findlaw.com/mi/chapter-552-divorce/mi-comp-laws-552-501/"", ""https://codes.findlaw.com/mi/chapter-552-divorce/mi-comp-laws-552-507/"", ""https://law.justia.com/codes/michigan/2014/chapter-552/statute-act-294-of-1982/section-552.507/""]",,unknown — verification required,unknown — verification required,unknown — verification required,2026-08-09,2026-08-09,legislature URL cataloged; official site bad_robots_code; Justia act page + FindLaw 552.501 fetched,Official legislature.mi.gov URLs confirmed. Automated fetch bad_robots_code. Justia Act 294 of 1982 page and FindLaw MCL 552.501 fetched 2026-08-09 as unofficial reprints.,Michigan compiled laws chapter 552,official blocked; mirrors 200,unavailable — primary text robots-blocked or unfetched in deep-research audit,unknown,unknown — verification required,[],"[""foc-act-1982-pa-294"", ""mcl-552-507-referee-review""]",legislative session,"[""Michigan Supreme Court rule order, legislation, revised form, local administrative order, judge assignment, or clerk notice.""]",free,Use short quotations with citation; do not reproduce protected material beyond lawful fair use.,quote-with-citation,"[""MCL 552.501 et seq."", ""MCL 552.501"", ""MCL 552.507"", ""MCL 552.507a""]","[""Prefer legislature.mi.gov human session for authoritative text; mirrors may lag amendments."", ""Justia 2014 path may be stale — cross-check legislature for post-2014 amendments before quoting."", ""Currency and case-specific application require confirmation. URL checker could not fetch this source; verify directly from the official agency before relying on it.""]",high act identity; medium mirror currency,references/michigan/foc-act.md,"[""cheatsheet/L1-pro-se-guide.md"", ""references/michigan/foc-act.md""]","[""foc-act-1982-pa-294"", ""mcl-552-507-referee-review""]","family-court-source-ledger.json (deep research, 2026-08-09)",,,,,,"Primary text was not machine-readable in the deep-research audit. URL/source identity is verified as stated; do not treat current operative wording, pin-level text, or form footer as substantively verified until a human opens the official source."
michigan-icwa-mifpa,ICWA and MIFPA,ICWA and MIFPA,Michigan Supreme Court / State of Michigan,25 USC 1901 et seq.; MCL 712B.1 et seq.,25 USC 1901 et seq.; MCL 712B.1 et seq.,statute,binding_if_applicable,federal / Michigan,Educational reference; verify the cited authority and current local practice before relying on it.,https://www.legislature.mi.gov/Laws/MCL?objectName=MCL-712B-1,"[""https://www.bia.gov/bia/ois/dhs/icwa"", ""https://www.legislature.mi.gov/Laws/MCL?objectName=mcl-712B-3"", ""https://www.courts.michigan.gov/48e289/siteassets/bench-cards/bc_icwa_mifpa.pdf"", ""https://www.courts.michigan.gov/4a3044/siteassets/educational-materials/cws/supplemental-handouts/icwa/icwa-mifpa-compare.pdf""]",,unknown — verification required,unknown — verification required,unknown — verification required,2026-08-09,2026-08-09,URL catalog; statute and MJI card robots-blocked,Statute and MJI ICWA/MIFPA educational URLs confirmed in search index; content not retrieved.,MCL 712B Michigan,blocked,unavailable — primary text robots-blocked or unfetched in deep-research audit,unknown,unknown — verification required,[],"[""mifpa"", ""icwa-25-usc-1901""]",unknown,"[""Michigan Supreme Court rule order, legislation, revised form, local administrative order, judge assignment, or clerk notice.""]",free,Use short quotations with citation; do not reproduce protected material beyond lawful fair use.,quote-with-citation,"[""25 USC 1901 et seq."", ""MCL 712B.1 et seq.""]","[""Full MIFPA text and current MJI bench card not extracted this run."", ""Currency and case-specific application require confirmation.""]",medium URL identity,references/michigan/icwa-mifpa.md,"[""cheatsheet/L1-pro-se-guide.md"", ""references/michigan/icwa-mifpa.md""]","[""mifpa"", ""icwa-25-usc-1901""]","family-court-source-ledger.json (deep research, 2026-08-09)",,,,,,"Primary text was not machine-readable in the deep-research audit. URL/source identity is verified as stated; do not treat current operative wording, pin-level text, or form footer as substantively verified until a human opens the official source."
michigan-mcr-2-310-rfp,Requests for Production / ESI: MCR 2.310,Requests for Production / ESI: MCR 2.310,Michigan Supreme Court / State of Michigan,MCR 2.310,MCR 2.310,court_rule,binding,Michigan statewide,Educational reference; verify the cited authority and current local practice before relying on it.,https://www.courts.michigan.gov/rules-administrative-orders-and-jury-instructions/current-court-rules/,"[""https://www.courts.michigan.gov/siteassets/rules-instructions-administrative-orders/michigan-court-rules/michigan-court-rules-responsive-html5.zip/Michigan_Court_Rules/"", ""https://www.courts.michigan.gov/siteassets/rules-instructions-administrative-orders/michigan-court-rules/michigan-court-rules-responsive-html5.zip/Michigan_Court_Rules/Updated/Updated_September_1__44__2025.htm"", ""https://www.courts.michigan.gov/siteassets/rules-instructions-administrative-orders/michigan-court-rules/court-rules-book-ch-2-responsive-html5.zip/Court_Rules_Book_Ch_2/Court_Rules_Chapter_2/Court_Rules_Chapter_2.htm"", ""https://www.courts.michigan.gov/siteassets/rules-instructions-administrative-orders/michigan-court-rules/michigan-court-rules-responsive-html5.zip/Michigan_Court_Rules/Court_Rules_Chapter_3/Court_Rules_Chapter_3.htm""]",,unknown — verification required,unknown — verification required,"Responsive HTML compilation bears Updated September 1, 2025 stamp path (URL observed in search index); continuous amendment via ADM files",2026-08-09,2026-08-09,search index URL discovery; direct fetch robots-blocked,Landing and chapter HTML/PDF paths confirmed via courts.michigan.gov search results 2026-08-09 including Updated_September_1_2025 stamp page. Automated content.fetch returned disallow_by_robots for all courts.michigan.gov rule paths tested.,Michigan Supreme Court / courts.michigan.gov official domain,disallow_by_robots,unavailable — primary text robots-blocked or unfetched in deep-research audit,no,unknown — verification required,[],"[""mcr-current-compilation"", ""mcr-2-310-rfp""]",continuous,"[""Michigan Supreme Court rule order, legislation, revised form, local administrative order, judge assignment, or clerk notice."", ""MSC ADM file adopted orders"", ""September annual stamp updates""]",free (browser); automated fetch blocked,Use short quotations with citation; do not reproduce protected material beyond lawful fair use.,quote-with-citation,"[""MCR 2.310"", ""MCR 2.119"", ""MCR 2.312"", ""MCR 2.313"", ""MCR 3.201"", ""MCR 3.203"", ""MCR 3.215"", ""MCR 1.109"", ""MCR 2.408"", ""MCR 2.602(B)(3)""]","[""Cannot quote full current rule text from automated fetch this run. Package L2 must instruct human re-download of official HTML/PDF before filing instructions."", ""Full current text not fetched — human must open official MCR before quoting deadlines/subdivisions."", ""Currency and case-specific application require confirmation.""]",high for official URLs and currency stamp path; low for pin-level wording without human PDF open,references/michigan/mcr-2-310-rfp.md,"[""cheatsheet/L1-pro-se-guide.md"", ""examples/worked-rfp-set.md"", ""references/michigan/mcr-2-310-rfp.md"", ""templates/preservation-letter.md"", ""templates/requests-for-production.md""]","[""mcr-current-compilation"", ""mcr-2-310-rfp""]","family-court-source-ledger.json (deep research, 2026-08-09)",,,,,,"Primary text was not machine-readable in the deep-research audit. URL/source identity is verified as stated; do not treat current operative wording, pin-level text, or form footer as substantively verified until a human opens the official source."
michigan-mcr-2-312-rfa,Requests for Admission: MCR 2.312,Requests for Admission: MCR 2.312,Michigan Supreme Court / State of Michigan,MCR 2.312,MCR 2.312,court_rule,binding,Michigan statewide,Educational reference; verify the cited authority and current local practice before relying on it.,https://www.courts.michigan.gov/rules-administrative-orders-and-jury-instructions/current-court-rules/,"[""https://www.courts.michigan.gov/siteassets/rules-instructions-administrative-orders/michigan-court-rules/michigan-court-rules-responsive-html5.zip/Michigan_Court_Rules/"", ""https://www.courts.michigan.gov/siteassets/rules-instructions-administrative-orders/michigan-court-rules/michigan-court-rules-responsive-html5.zip/Michigan_Court_Rules/Updated/Updated_September_1__44__2025.htm"", ""https://www.courts.michigan.gov/siteassets/rules-instructions-administrative-orders/michigan-court-rules/court-rules-book-ch-2-responsive-html5.zip/Court_Rules_Book_Ch_2/Court_Rules_Chapter_2/Court_Rules_Chapter_2.htm"", ""https://www.courts.michigan.gov/siteassets/rules-instructions-administrative-orders/michigan-court-rules/michigan-court-rules-responsive-html5.zip/Michigan_Court_Rules/Court_Rules_Chapter_3/Court_Rules_Chapter_3.htm""]",,unknown — verification required,unknown — verification required,"Responsive HTML compilation bears Updated September 1, 2025 stamp path (URL observed in search index); continuous amendment via ADM files",2026-08-09,2026-08-09,search index URL discovery; direct fetch robots-blocked,Landing and chapter HTML/PDF paths confirmed via courts.michigan.gov search results 2026-08-09 including Updated_September_1_2025 stamp page. Automated content.fetch returned disallow_by_robots for all courts.michigan.gov rule paths tested.,Michigan Supreme Court / courts.michigan.gov official domain,disallow_by_robots,unavailable — primary text robots-blocked or unfetched in deep-research audit,no,unknown — verification required,[],"[""mcr-current-compilation"", ""mcr-2-312-rfa""]",continuous,"[""Michigan Supreme Court rule order, legislation, revised form, local administrative order, judge assignment, or clerk notice."", ""MSC ADM file adopted orders"", ""September annual stamp updates""]",free (browser); automated fetch blocked,Use short quotations with citation; do not reproduce protected material beyond lawful fair use.,quote-with-citation,"[""MCR 2.312(A)-(D)"", ""MCR 2.119"", ""MCR 2.310"", ""MCR 2.312"", ""MCR 2.313"", ""MCR 3.201"", ""MCR 3.203"", ""MCR 3.215"", ""MCR 1.109"", ""MCR 2.408"", ""MCR 2.602(B)(3)""]","[""Cannot quote full current rule text from automated fetch this run. Package L2 must instruct human re-download of official HTML/PDF before filing instructions."", ""Full current text not fetched — human must open official MCR before quoting deadlines/subdivisions."", ""Currency and case-specific application require confirmation.""]",high for official URLs and currency stamp path; low for pin-level wording without human PDF open,references/michigan/mcr-2-312-rfa.md,"[""cheatsheet/L1-pro-se-guide.md"", ""examples/worked-rfa-set.md"", ""references/michigan/mcr-2-312-rfa.md"", ""templates/requests-for-admission.md"", ""templates/responses-and-objections.md""]","[""mcr-current-compilation"", ""mcr-2-312-rfa""]","family-court-source-ledger.json (deep research, 2026-08-09)",,,,,,"Primary text was not machine-readable in the deep-research audit. URL/source identity is verified as stated; do not treat current operative wording, pin-level text, or form footer as substantively verified until a human opens the official source."
michigan-mcr-2-313-compel-sanctions,Discovery Motions / Sanctions: MCR 2.313,Discovery Motions / Sanctions: MCR 2.313,Michigan Supreme Court / State of Michigan,MCR 2.313,MCR 2.313,court_rule,binding,Michigan statewide,Educational reference; verify the cited authority and current local practice before relying on it.,https://www.courts.michigan.gov/rules-administrative-orders-and-jury-instructions/current-court-rules/,"[""https://www.courts.michigan.gov/siteassets/rules-instructions-administrative-orders/michigan-court-rules/michigan-court-rules-responsive-html5.zip/Michigan_Court_Rules/"", ""https://www.courts.michigan.gov/siteassets/rules-instructions-administrative-orders/michigan-court-rules/michigan-court-rules-responsive-html5.zip/Michigan_Court_Rules/Updated/Updated_September_1__44__2025.htm"", ""https://www.courts.michigan.gov/siteassets/rules-instructions-administrative-orders/michigan-court-rules/court-rules-book-ch-2-responsive-html5.zip/Court_Rules_Book_Ch_2/Court_Rules_Chapter_2/Court_Rules_Chapter_2.htm"", ""https://www.courts.michigan.gov/siteassets/rules-instructions-administrative-orders/michigan-court-rules/michigan-court-rules-responsive-html5.zip/Michigan_Court_Rules/Court_Rules_Chapter_3/Court_Rules_Chapter_3.htm""]",,unknown — verification required,unknown — verification required,"Responsive HTML compilation bears Updated September 1, 2025 stamp path (URL observed in search index); continuous amendment via ADM files",2026-08-09,2026-08-09,search index URL discovery; direct fetch robots-blocked,Landing and chapter HTML/PDF paths confirmed via courts.michigan.gov search results 2026-08-09 including Updated_September_1_2025 stamp page. Automated content.fetch returned disallow_by_robots for all courts.michigan.gov rule paths tested.,Michigan Supreme Court / courts.michigan.gov official domain,disallow_by_robots,unavailable — primary text robots-blocked or unfetched in deep-research audit,no,unknown — verification required,[],"[""mcr-current-compilation"", ""mcr-2-313-compel""]",continuous,"[""Michigan Supreme Court rule order, legislation, revised form, local administrative order, judge assignment, or clerk notice."", ""MSC ADM file adopted orders"", ""September annual stamp updates""]",free (browser); automated fetch blocked,Use short quotations with citation; do not reproduce protected material beyond lawful fair use.,quote-with-citation,"[""MCR 2.313"", ""MCR 2.119"", ""MCR 2.310"", ""MCR 2.312"", ""MCR 3.201"", ""MCR 3.203"", ""MCR 3.215"", ""MCR 1.109"", ""MCR 2.408"", ""MCR 2.602(B)(3)""]","[""Cannot quote full current rule text from automated fetch this run. Package L2 must instruct human re-download of official HTML/PDF before filing instructions."", ""Full current text not fetched — human must open official MCR before quoting deadlines/subdivisions."", ""Currency and case-specific application require confirmation.""]",high for official URLs and currency stamp path; low for pin-level wording without human PDF open,references/michigan/mcr-2-313-compel-sanctions.md,"[""cheatsheet/L1-pro-se-guide.md"", ""examples/worked-deficiency-letter.md"", ""examples/worked-motion-to-compel.md"", ""references/michigan/mcr-2-313-compel-sanctions.md"", ""templates/deficiency-letter.md"", ""templates/motion-to-compel.md""]","[""mcr-current-compilation"", ""mcr-2-313-compel""]","family-court-source-ledger.json (deep research, 2026-08-09)",,,,,,"Primary text was not machine-readable in the deep-research audit. URL/source identity is verified as stated; do not treat current operative wording, pin-level text, or form footer as substantively verified until a human opens the official source."
michigan-mcr-3-2xx-domestic-relations,Domestic Relations Rules: MCR 3.201–3.219,Domestic Relations Rules: MCR 3.201–3.219,Michigan Supreme Court / State of Michigan,MCR 3.201–3.219,MCR 3.201–3.219,court_rule,binding,Michigan statewide,Educational reference; verify the cited authority and current local practice before relying on it.,https://www.courts.michigan.gov/rules-administrative-orders-and-jury-instructions/current-court-rules/,"[""https://www.courts.michigan.gov/siteassets/rules-instructions-administrative-orders/michigan-court-rules/michigan-court-rules-responsive-html5.zip/Michigan_Court_Rules/"", ""https://www.courts.michigan.gov/siteassets/rules-instructions-administrative-orders/michigan-court-rules/michigan-court-rules-responsive-html5.zip/Michigan_Court_Rules/Updated/Updated_September_1__44__2025.htm"", ""https://www.courts.michigan.gov/siteassets/rules-instructions-administrative-orders/michigan-court-rules/court-rules-book-ch-2-responsive-html5.zip/Court_Rules_Book_Ch_2/Court_Rules_Chapter_2/Court_Rules_Chapter_2.htm"", ""https://www.courts.michigan.gov/siteassets/rules-instructions-administrative-orders/michigan-court-rules/michigan-court-rules-responsive-html5.zip/Michigan_Court_Rules/Court_Rules_Chapter_3/Court_Rules_Chapter_3.htm""]",,unknown — verification required,unknown — verification required,"Responsive HTML compilation bears Updated September 1, 2025 stamp path (URL observed in search index); continuous amendment via ADM files",2026-08-09,2026-08-09,search index URL discovery; direct fetch robots-blocked,Landing and chapter HTML/PDF paths confirmed via courts.michigan.gov search results 2026-08-09 including Updated_September_1_2025 stamp page. Automated content.fetch returned disallow_by_robots for all courts.michigan.gov rule paths tested.,Michigan Supreme Court / courts.michigan.gov official domain,disallow_by_robots,unavailable — primary text robots-blocked or unfetched in deep-research audit,no,unknown — verification required,[],"[""mcr-current-compilation"", ""mcr-3-201-et-seq-domestic"", ""mcr-3-215-referee-hearings""]",continuous,"[""Michigan Supreme Court rule order, legislation, revised form, local administrative order, judge assignment, or clerk notice."", ""MSC ADM file adopted orders"", ""September annual stamp updates""]",free (browser); automated fetch blocked,Use short quotations with citation; do not reproduce protected material beyond lawful fair use.,quote-with-citation,"[""MCR 3.201"", ""MCR 3.203"", ""MCR 3.215"", ""MCR 2.119"", ""MCR 2.310"", ""MCR 2.312"", ""MCR 2.313"", ""MCR 1.109"", ""MCR 2.408"", ""MCR 2.602(B)(3)"", ""21-day objection""]","[""Cannot quote full current rule text from automated fetch this run. Package L2 must instruct human re-download of official HTML/PDF before filing instructions."", ""Full current text not fetched — human must open official MCR before quoting deadlines/subdivisions."", ""Currency and case-specific application require confirmation.""]",high for official URLs and currency stamp path; low for pin-level wording without human PDF open,references/michigan/mcr-3-2xx-domestic-relations.md,"[""cheatsheet/L1-pro-se-guide.md"", ""references/michigan/mcr-3-2xx-domestic-relations.md""]","[""mcr-current-compilation"", ""mcr-3-201-et-seq-domestic"", ""mcr-3-215-referee-hearings""]","family-court-source-ledger.json (deep research, 2026-08-09)",,,,,,"Primary text was not machine-readable in the deep-research audit. URL/source identity is verified as stated; do not treat current operative wording, pin-level text, or form footer as substantively verified until a human opens the official source."
michigan-mcr-motion-practice,"Michigan Motion Practice: MCR 2.119, 2.503, 2.602","Michigan Motion Practice: MCR 2.119, 2.503, 2.602",Michigan Supreme Court / State of Michigan,MCR 2.119; 2.503; 2.602,MCR 2.119; 2.503; 2.602,court_rule,binding,Michigan statewide,Educational reference; verify the cited authority and current local practice before relying on it.,https://www.courts.michigan.gov/rules-administrative-orders-and-jury-instructions/current-court-rules/,"[""https://www.courts.michigan.gov/siteassets/rules-instructions-administrative-orders/michigan-court-rules/michigan-court-rules-responsive-html5.zip/Michigan_Court_Rules/"", ""https://www.courts.michigan.gov/siteassets/rules-instructions-administrative-orders/michigan-court-rules/michigan-court-rules-responsive-html5.zip/Michigan_Court_Rules/Updated/Updated_September_1__44__2025.htm"", ""https://www.courts.michigan.gov/siteassets/rules-instructions-administrative-orders/michigan-court-rules/court-rules-book-ch-2-responsive-html5.zip/Court_Rules_Book_Ch_2/Court_Rules_Chapter_2/Court_Rules_Chapter_2.htm"", ""https://www.courts.michigan.gov/siteassets/rules-instructions-administrative-orders/michigan-court-rules/michigan-court-rules-responsive-html5.zip/Michigan_Court_Rules/Court_Rules_Chapter_3/Court_Rules_Chapter_3.htm""]",,unknown — verification required,unknown — verification required,"Responsive HTML compilation bears Updated September 1, 2025 stamp path (URL observed in search index); continuous amendment via ADM files",2026-08-09,2026-08-09,search index URL discovery; direct fetch robots-blocked,Landing and chapter HTML/PDF paths confirmed via courts.michigan.gov search results 2026-08-09 including Updated_September_1_2025 stamp page. Automated content.fetch returned disallow_by_robots for all courts.michigan.gov rule paths tested.,Michigan Supreme Court / courts.michigan.gov official domain,disallow_by_robots,unavailable — primary text robots-blocked or unfetched in deep-research audit,no,unknown — verification required,[],"[""mcr-current-compilation"", ""mcr-2-119-motion-practice"", ""genesee-notice-motion-practice""]",continuous,"[""Michigan Supreme Court rule order, legislation, revised form, local administrative order, judge assignment, or clerk notice."", ""MSC ADM file adopted orders"", ""September annual stamp updates"", ""new chief judge notice"", ""MCR 2.119 amendment""]",free (browser); automated fetch blocked,Use short quotations with citation; do not reproduce protected material beyond lawful fair use.,quote-with-citation,"[""MCR 2.119(A)(2)"", ""MCR 2.119(C)(4)"", ""MCR 2.119(F)"", ""MCR 2.602(B)(3)"", ""MCR 2.503"", ""MCR 2.119"", ""MCR 2.310"", ""MCR 2.312"", ""MCR 2.313"", ""MCR 3.201"", ""MCR 3.203"", ""MCR 3.215"", ""MCR 1.109"", ""MCR 2.408""]","[""Cannot quote full current rule text from automated fetch this run. Package L2 must instruct human re-download of official HTML/PDF before filing instructions."", ""Full current text not fetched — human must open official MCR before quoting deadlines/subdivisions."", ""Notice is from 2019 under Chief Judge Yuille; still posted as current on court CMS but no 2024–2026 reaffirmation found on face of PDF. Confirm with clerk that practice remains in force."", ""Currency and case-specific application require confirmation.""]",high for official URLs and currency stamp path; low for pin-level wording without human PDF open,references/michigan/mcr-motion-practice.md,"[""cheatsheet/L0-hearing-day-card.md"", ""cheatsheet/L1-pro-se-guide.md"", ""references/michigan/mcr-motion-practice.md"", ""templates/adjournment-stipulation.md"", ""templates/affidavit.md"", ""templates/brief-in-support.md"", ""templates/motion.md"", ""templates/notice-of-hearing.md"", ""templates/proposed-order.md"", ""templates/reply.md"", ""templates/response.md""]","[""mcr-current-compilation"", ""mcr-2-119-motion-practice"", ""genesee-notice-motion-practice""]","family-court-source-ledger.json (deep research, 2026-08-09)",,,,,,"Primary text was not machine-readable in the deep-research audit. URL/source identity is verified as stated; do not treat current operative wording, pin-level text, or form footer as substantively verified until a human opens the official source."
michigan-mre-guide,"Michigan Rules of Evidence: Authentication, Hearsay, Relevance","Michigan Rules of Evidence: Authentication, Hearsay, Relevance",Michigan Supreme Court / State of Michigan,MRE 401–403; 801–807; 901–902; 1001–1008,MRE 401–403; 801–807; 901–902; 1001–1008,court_rule,binding,Michigan statewide,Educational reference; verify the cited authority and current local practice before relying on it.,https://www.courts.michigan.gov/492ca5/siteassets/rules-instructions-administrative-orders/rules-of-evidence/michigan-rules-of-evidence.pdf,"[""https://www.courts.michigan.gov/rules-administrative-orders-and-jury-instructions/michigan-rules-of-evidence/"", ""https://www.courts.michigan.gov/4a96cc/siteassets/rules-instructions-administrative-orders/proposed-and-recently-adopted-orders-on-admin-matters/adopted-orders/2021-10_2023-09-20_formor_amdmre.pdf""]",,unknown — verification required,2024-01-01,"Restyling ADM File No. 2021-10, order dated 2023-09-20, effective 2024-01-01; subsequent amendments possible",2026-08-09,2026-08-09,official URL in index + ICLE secondary analysis fetch,"MRE PDF and ADM 2021-10 order URLs confirmed on courts.michigan.gov; fetch robots-blocked. ICLE community post on MRE amendments effective January 1, 2024 fetched as secondary confirmation.",Michigan Supreme Court ADM order path,disallow_by_robots,unavailable — primary text robots-blocked or unfetched in deep-research audit,unknown,unknown — verification required,[],"[""mre-consolidated"", ""mre-restyle-order-2021-10""]",continuous via ADM files,"[""Michigan Supreme Court rule order, legislation, revised form, local administrative order, judge assignment, or clerk notice.""]",free,Use short quotations with citation; do not reproduce protected material beyond lawful fair use.,quote-with-citation,"[""MRE 401"", ""MRE 403"", ""MRE 801"", ""MRE 803"", ""MRE 901"", ""MRE 902"", ""MRE 1001"", ""MRE 404(b)"", ""MRE 801-807"", ""MRE 803A"", ""MRE 1001-1008""]","[""Old→new numbering map must be built from official restyled PDF when human can open PDFs."", ""Do not rely on pre-2024 citation numbers in L1."", ""Currency and case-specific application require confirmation.""]",high for restyle effective date; medium without official PDF text,references/michigan/mre-guide.md,"[""cheatsheet/L0-hearing-day-card.md"", ""cheatsheet/L1-pro-se-guide.md"", ""decision-trees/can-i-use-this-evidence.md"", ""decision-trees/discovery-dispute-escalation.md"", ""decision-trees/dv-disclosure-and-screening.md"", ""decision-trees/emergency-ex-parte.md"", ""decision-trees/hand-me-down-device.md"", ""decision-trees/hearsay-path.md"", ""decision-trees/object-or-let-it-go.md"", ""decision-trees/privileged-records.md"", ""decision-trees/recording-legality.md"", ""decision-trees/referee-vs-judge.md"", ""examples/annotated-bad-example.md"", ""examples/worked-chronology-excerpt.md"", ""examples/worked-deficiency-letter.md"", ""examples/worked-foundation-transcript.md"", ""examples/worked-motion-to-compel.md"", ""examples/worked-objection.md"", ""examples/worked-rfa-set.md"", ""examples/worked-rfp-set.md"", ""references/michigan/mre-guide.md"", ""templates/exhibit-list.md"", ""templates/motion-in-limine.md"", ""templates/witness-list.md""]","[""mre-consolidated"", ""mre-restyle-order-2021-10""]","family-court-source-ledger.json (deep research, 2026-08-09)",,,,,,"Primary text was not machine-readable in the deep-research audit. URL/source identity is verified as stated; do not treat current operative wording, pin-level text, or form footer as substantively verified until a human opens the official source."
michigan-ppo-and-dv-statutes,PPO and Domestic Violence Statutes,PPO and Domestic Violence Statutes,Michigan Supreme Court / State of Michigan,MCL 600.2950; MCL 600.2950a,MCL 600.2950; MCL 600.2950a,statute,binding,Michigan statewide,Educational reference; verify the cited authority and current local practice before relying on it.,https://www.legislature.mi.gov/Laws/MCL?objectName=mcl-600-2950,"[""https://www.legislature.mi.gov/Laws/MCL?objectName=MCL-600-2950a""]",,unknown — verification required,unknown — verification required,unknown — verification required,2026-08-09,2026-08-09,URL catalog; fetch blocked,Official URLs recorded; content not retrieved this run.,MCL 600 Michigan,blocked,unavailable — primary text robots-blocked or unfetched in deep-research audit,unknown,unknown — verification required,[],"[""ppo-mcl-600-2950""]",unknown,"[""Michigan Supreme Court rule order, legislation, revised form, local administrative order, judge assignment, or clerk notice.""]",free,Use short quotations with citation; do not reproduce protected material beyond lawful fair use.,quote-with-citation,"[""MCL 600.2950"", ""MCL 600.2950a""]","[""Currency and case-specific application require confirmation. URL checker could not fetch this source; verify directly from the official agency before relying on it.""]",medium URL; low text,references/michigan/ppo-and-dv-statutes.md,"[""references/michigan/ppo-and-dv-statutes.md""]","[""ppo-mcl-600-2950""]","family-court-source-ledger.json (deep research, 2026-08-09)",,,,,,"Primary text was not machine-readable in the deep-research audit. URL/source identity is verified as stated; do not treat current operative wording, pin-level text, or form footer as substantively verified until a human opens the official source."
michigan-privilege-and-confidentiality,Privilege and Confidentiality,Privilege and Confidentiality,Michigan Supreme Court / State of Michigan,MCL 600.2157; MCL 333.18237; MCL 330.1748,MCL 600.2157; MCL 333.18237; MCL 330.1748,statute,binding,Michigan statewide,Educational reference; verify the cited authority and current local practice before relying on it.,https://www.legislature.mi.gov/Laws/MCL?objectName=mcl-333-18237,"[""https://www.legislature.mi.gov/Laws/MCL?objectName=mcl-600-2157"", ""https://www.legislature.mi.gov/Laws/MCL?objectName=MCL-600-2157"", ""https://www.legislature.mi.gov/Laws/MCL?objectName=MCL-330-1748""]",,unknown — verification required,unknown — verification required,unknown — verification required,2026-08-09,2026-08-09,URL catalog; robots-blocked,Official section URLs recorded; content not fetched.,MCL Michigan,blocked,unavailable — primary text robots-blocked or unfetched in deep-research audit,unknown,unknown — verification required,[],"[""privilege-mcl-bundle"", ""42-cfr-part-2"", ""mji-privileges-table""]",unknown,"[""Michigan Supreme Court rule order, legislation, revised form, local administrative order, judge assignment, or clerk notice.""]",free,Use short quotations with citation; do not reproduce protected material beyond lawful fair use.,quote-with-citation,"[""MCL 600.2157"", ""MCL 333.18237"", ""MCL 330.1748"", ""42 CFR Part 2""]","[""Edition/revision stamp on cover not extracted this run."", ""Hash path multiplicity — prefer human navigation from MJI publications page."", ""Currency and case-specific application require confirmation. URL checker could not fetch this source; verify directly from the official agency before relying on it.""]",medium URL; low text,references/michigan/privilege-and-confidentiality.md,"[""cheatsheet/L1-pro-se-guide.md"", ""references/michigan/privilege-and-confidentiality.md"", ""templates/privilege-log.md"", ""templates/subpoena-cover.md""]","[""privilege-mcl-bundle"", ""42-cfr-part-2"", ""mji-privileges-table""]","family-court-source-ledger.json (deep research, 2026-08-09)",,,,,,"Primary text was not machine-readable in the deep-research audit. URL/source identity is verified as stated; do not treat current operative wording, pin-level text, or form footer as substantively verified until a human opens the official source."
michigan-revocation-of-paternity,Revocation of Paternity Act,Revocation of Paternity Act,Michigan Supreme Court / State of Michigan,MCL 722.1431 et seq.,MCL 722.1431 et seq.,statute,binding_if_applicable,Michigan statewide,Educational reference; verify the cited authority and current local practice before relying on it.,https://www.legislature.mi.gov/Laws/MCL?objectName=mcl-Act-159-of-2012,"[""https://www.legislature.mi.gov/Laws/MCL?objectName=mcl-722-1431""]",,unknown — verification required,unknown — verification required,unknown — verification required,2026-08-09,2026-08-09,URL catalog; blocked,Candidate act URL recorded; confirm sections on legislature site.,Michigan,blocked,unavailable — primary text robots-blocked or unfetched in deep-research audit,unknown,unknown — verification required,[],"[""ropa""]",unknown,"[""Michigan Supreme Court rule order, legislation, revised form, local administrative order, judge assignment, or clerk notice.""]",free,Use short quotations with citation; do not reproduce protected material beyond lawful fair use.,quote-with-citation,"[""MCL 722.1431 et seq.""]","[""Currency and case-specific application require confirmation. URL checker could not fetch this source; verify directly from the official agency before relying on it.""]",low-medium,references/michigan/revocation-of-paternity.md,"[""references/michigan/revocation-of-paternity.md""]","[""ropa""]","family-court-source-ledger.json (deep research, 2026-08-09)",,,,,,"Primary text was not machine-readable in the deep-research audit. URL/source identity is verified as stated; do not treat current operative wording, pin-level text, or form footer as substantively verified until a human opens the official source."
michigan-sptea,Support and Parenting Time Enforcement Act,Support and Parenting Time Enforcement Act,Michigan Supreme Court / State of Michigan,MCL 552.601 et seq.,MCL 552.601 et seq.,statute,binding,Michigan statewide,Educational reference; verify the cited authority and current local practice before relying on it.,https://www.legislature.mi.gov/Laws/MCL?objectName=mcl-Act-295-of-1982,"[""https://www.legislature.mi.gov/documents/mcl/pdf/mcl-act-295-of-1982.pdf"", ""http://www.legislature.mi.gov/documents/mcl/pdf/mcl-act-295-of-1982.pdf"", ""https://law.justia.com/codes/michigan/chapter-552/act-295-of-1982/"", ""https://codes.findlaw.com/mi/chapter-552-divorce/mi-comp-laws-552-601/""]",,unknown — verification required,unknown — verification required,unknown — verification required,2026-08-09,2026-08-09,Justia act page + FindLaw 552.601 fetch; official PDF client error / robots,Justia Act 295 of 1982 and FindLaw 552.601 fetched 2026-08-09. Official legislature PDF http_code_client_error; HTML bad_robots_code.,Michigan PA 295 of 1982,mirrors 200; official failed,not retained; run scripts/citation_url_checker.py,unknown,unknown — verification required,[],"[""sptea-1982-pa-295""]",unknown,"[""Michigan Supreme Court rule order, legislation, revised form, local administrative order, judge assignment, or clerk notice.""]",free,Use short quotations with citation; do not reproduce protected material beyond lawful fair use.,quote-with-citation,"[""MCL 552.601 et seq.""]","[""Currency and case-specific application require confirmation. URL checker could not fetch this source; verify directly from the official agency before relying on it.""]",high identity; medium mirror currency,references/michigan/sptea.md,"[""references/michigan/sptea.md""]","[""sptea-1982-pa-295""]","family-court-source-ledger.json (deep research, 2026-08-09)",,,,,,
michigan-uccjea,UCCJEA,UCCJEA,Michigan Supreme Court / State of Michigan,MCL 722.1101 et seq.,MCL 722.1101 et seq.,statute,binding,Michigan statewide,Educational reference; verify the cited authority and current local practice before relying on it.,https://www.legislature.mi.gov/Laws/MCL?objectName=mcl-act-195-of-2001,"[""https://www.legislature.mi.gov/Laws/MCL?objectName=mcl-722-1101"", ""https://www.legislature.mi.gov/documents/mcl/pdf/mcl-Act-195-of-2001.pdf"", ""https://law.justia.com/codes/michigan/chapter-722/act-195-of-2001/""]",,unknown — verification required,unknown — verification required,unknown — verification required,2026-08-09,2026-08-09,Justia UCCJEA act index fetch; official blocked,Justia act page fetched 2026-08-09 (limited depth).,Michigan PA 195 of 2001,mirror partial,not retained; run scripts/citation_url_checker.py,unknown,unknown — verification required,[],"[""uccjea-michigan""]",unknown,"[""Michigan Supreme Court rule order, legislation, revised form, local administrative order, judge assignment, or clerk notice.""]",free,Use short quotations with citation; do not reproduce protected material beyond lawful fair use.,quote-with-citation,"[""MCL 722.1101 et seq.""]","[""Currency and case-specific application require confirmation. URL checker could not fetch this source; verify directly from the official agency before relying on it.""]",medium,references/michigan/uccjea.md,"[""references/michigan/uccjea.md""]","[""uccjea-michigan""]","family-court-source-ledger.json (deep research, 2026-08-09)",,,,,,
michigan-uifsa,UIFSA,UIFSA,Michigan Supreme Court / State of Michigan,MCL 552.2101 et seq.,MCL 552.2101 et seq.,statute,binding,Michigan statewide,Educational reference; verify the cited authority and current local practice before relying on it.,https://www.legislature.mi.gov/Laws/MCL?objectName=MCL-552-2101,"[""https://www.legislature.mi.gov/Laws/MCL?objectName=mcl-552-2101"", ""https://www.legislature.mi.gov/Laws/MCL?objectName=mcl-Act-255-of-2015""]",,unknown — verification required,unknown — verification required,unknown — verification required,2026-08-09,2026-08-09,URL catalog; official robots-blocked; full text not mirrored successfully,Official objectName URLs recorded; fetch failed. Act 255 of 2015 is candidate enactment reference — CONFIRM on legislature site.,MCL 552.2101 Michigan,blocked,unavailable — primary text robots-blocked or unfetched in deep-research audit,unknown,unknown — verification required,[],"[""uifsa-michigan""]",unknown,"[""Michigan Supreme Court rule order, legislation, revised form, local administrative order, judge assignment, or clerk notice.""]",free,Use short quotations with citation; do not reproduce protected material beyond lawful fair use.,quote-with-citation,"[""MCL 552.2101 et seq.""]","[""Confirm exact PA number and current article text on legislature.mi.gov before citing article pins."", ""UNVERIFIED whether Act 255 of 2015 is the correct UIFSA vehicle — verify."", ""Currency and case-specific application require confirmation. URL checker could not fetch this source; verify directly from the official agency before relying on it.""]",low-medium,references/michigan/uifsa.md,"[""references/michigan/uifsa.md""]","[""uifsa-michigan""]","family-court-source-ledger.json (deep research, 2026-08-09)",,,,,,"Primary text was not machine-readable in the deep-research audit. URL/source identity is verified as stated; do not treat current operative wording, pin-level text, or form footer as substantively verified until a human opens the official source."
micourt-case-search,MiCOURT Case Search,MiCOURT,Michigan SCAO,,,local_practice,informational,Michigan,,https://micourt.courts.michigan.gov/case-search/,[],,,,,2026-08-09,2026-08-09,fetch attempt,Fetch returned missing_corpus 2026-08-09 — interactive app likely.,courts.michigan.gov subdomain,missing_corpus,unavailable — see audit verification method,unknown,,[],[],unknown,[],free,,quote-with-citation,[],"[""Interactive search app; not statically fetchable.""]",medium URL identity,,"[""references/audit/deep-research-source-audit-2026-08-09.md""]",,,efiling,False,deep-research audit 2026-08-09,references/audit/deep-research-source-ledger-2026-08-09.json,,
mifile-available-courts,MiFILE / TrueFiling Available Courts,MiFILE available courts,Michigan SCAO / TrueFiling,,,local_practice,informational,Michigan e-filing program,Official MiFILE availability lists. Fetched 2026-08-09: Genesee/7th Circuit/C07/Flint NOT listed. Treat Genesee domestic filings as non-MiFILE unless clerk or updated list says otherwise.,https://mifile.courts.michigan.gov/availablecourts,"[""https://info.courts.mi.gov/hubfs/mifilecourtlist.pdf"", ""https://www.courts.michigan.gov/494f83/siteassets/mifile/mifilecourtlist.pdf""]",,,,,2026-08-09,2026-08-09,direct fetch of availablecourts page + info.courts.mi.gov hubspot PDF,Fetched mifile.courts.michigan.gov/availablecourts and info.courts.mi.gov/hubfs/mifilecourtlist.pdf on 2026-08-09. Package must state Genesee status from the fetched list face with line quote.,Michigan MiFILE program,200,unavailable — see audit verification method,unknown,,[],"[""mlh-home""]",as courts onboard,"[""Genesee MiFILE expansion announcement""]",free,,quote-with-citation,[],"[""Absence from list is strong evidence Genesee is not on MiFILE for listed case types as of access date, but lists can change without notice — confirm with Genesee Circuit Court clerk/records."", ""Local document-management (OnBase/WebTCS/JIS) is separate from MiFILE — do not conflate imaging with statewide e-filing.""]",high for non-listing on fetched official lists as of 2026-08-09; medium for future status,,"[""references/genesee/filing-service-efiling.md"", ""references/audit/deep-research-source-audit-2026-08-09.md"", ""references/audit/audit-mifile-nonlisting.md"", ""cheatsheet/L0-hearing-day-card.md"", ""cheatsheet/L1-pro-se-guide.md""]",,,efiling,True,deep-research audit 2026-08-09,references/audit/deep-research-source-ledger-2026-08-09.json,,
mifpa,Michigan Indian Family Preservation Act,MIFPA,Michigan Legislature,MCL 712B.1 et seq.,"MIFPA, MCL 712B.1 et seq.",statute,binding_if_applicable,Michigan (Indian child proceedings),Trigger-based with ICWA; inquiry/notice duties attach early.,https://www.legislature.mi.gov/Laws/MCL?objectName=MCL-712B-1,"[""https://www.legislature.mi.gov/Laws/MCL?objectName=mcl-712B-3"", ""https://www.courts.michigan.gov/48e289/siteassets/bench-cards/bc_icwa_mifpa.pdf"", ""https://www.courts.michigan.gov/4a3044/siteassets/educational-materials/cws/supplemental-handouts/icwa/icwa-mifpa-compare.pdf""]",,,,,2026-08-09,2026-08-09,URL catalog; statute and MJI card robots-blocked,Statute and MJI ICWA/MIFPA educational URLs confirmed in search index; content not retrieved.,MCL 712B Michigan,blocked,unavailable — see audit verification method,unknown,,[],"[""icwa-25-usc-1901""]",unknown,[],free,,quote-with-citation,"[""MCL 712B.1 et seq."", ""25 USC 1901 et seq.""]","[""Full MIFPA text and current MJI bench card not extracted this run.""]",medium URL identity,,"[""references/michigan/icwa-mifpa.md"", ""references/audit/deep-research-source-audit-2026-08-09.md""]",,,statutes,False,deep-research audit 2026-08-09,references/audit/deep-research-source-ledger-2026-08-09.json,,
mji-civil-bb,MJI Civil Proceedings Benchbook,Civil Proceedings Benchbook,Michigan Judicial Institute,,MJI Civil Proceedings Benchbook,official_guidance,advisory_only,Michigan (judicial education; NOT law),Benchbook/QRM is NOT law. Pair with primary MCR/MRE/statutes for any procedural instruction.,https://www.courts.michigan.gov/4aef3b/siteassets/publications/benchbooks/civil/civilbb.pdf,"[""https://www.courts.michigan.gov/490820/siteassets/publications/benchbooks/civil/civilresponsivehtml5.zip/Civil/Ch_5_Discovery/Request_for_Admission.htm""]",,,,,2026-08-09,2026-08-09,URL index; robots-blocked fetch,courts.michigan.gov path confirmed in search index 2026-08-09; content.fetch returned disallow_by_robots. Multiple hash prefixes observed for some PDFs.,MJI / courts.michigan.gov,disallow_by_robots,unavailable — see audit verification method,unknown,,[],[],unknown,[],free PDF (browser),MJI publication; brief quote with citation,quote-with-citation,[],"[""Edition/revision stamp on cover not extracted this run."", ""Hash path multiplicity — prefer human navigation from MJI publications page.""]",high URL family; low edition stamp/content,,"[""references/guidance/mji-civil-proceedings-benchbook.md"", ""references/audit/deep-research-source-audit-2026-08-09.md""]",,,guidance,False,deep-research audit 2026-08-09,references/audit/deep-research-source-ledger-2026-08-09.json,,
mji-contempt-flowchart,MJI Contempt of Court Flowchart / QRM,Contempt of Court Flowchart / QRM,Michigan Judicial Institute,,MJI Contempt of Court Flowchart / QRM,official_guidance,advisory_only,Michigan (judicial education; NOT law),Benchbook/QRM is NOT law. Pair with primary MCR/MRE/statutes for any procedural instruction.,https://www.courts.michigan.gov/4aa855/siteassets/publications/benchbooks/qrms/contempt/contempt-of-court-flowchart.pdf,[],,,,,2026-08-09,2026-08-09,URL index; robots-blocked fetch,courts.michigan.gov path confirmed in search index 2026-08-09; content.fetch returned disallow_by_robots. Multiple hash prefixes observed for some PDFs.,MJI / courts.michigan.gov,disallow_by_robots,unavailable — see audit verification method,unknown,,[],[],unknown,[],free PDF (browser),MJI publication; brief quote with citation,quote-with-citation,[],"[""Edition/revision stamp on cover not extracted this run."", ""Hash path multiplicity — prefer human navigation from MJI publications page.""]",high URL family; low edition stamp/content,,"[""references/guidance/mji-contempt-resources.md"", ""references/audit/deep-research-source-audit-2026-08-09.md""]",,,guidance,False,deep-research audit 2026-08-09,references/audit/deep-research-source-ledger-2026-08-09.json,,
mji-cpp-bb,MJI Child Protective Proceedings Benchbook,Child Protective Proceedings Benchbook,Michigan Judicial Institute,,MJI Child Protective Proceedings Benchbook,official_guidance,advisory_only,Michigan (judicial education; NOT law),Benchbook/QRM is NOT law. Pair with primary MCR/MRE/statutes for any procedural instruction.,https://www.courts.michigan.gov/49bf88/siteassets/publications/benchbooks/cpp/cpp.pdf,"[""https://www.courts.michigan.gov/4aadda/siteassets/publications/benchbooks/cpp/cpp.pdf""]",,,,,2026-08-09,2026-08-09,URL index; robots-blocked fetch,courts.michigan.gov path confirmed in search index 2026-08-09; content.fetch returned disallow_by_robots. Multiple hash prefixes observed for some PDFs.,MJI / courts.michigan.gov,disallow_by_robots,unavailable — see audit verification method,unknown,,[],[],unknown,[],free PDF (browser),MJI publication; brief quote with citation,quote-with-citation,[],"[""Edition/revision stamp on cover not extracted this run."", ""Hash path multiplicity — prefer human navigation from MJI publications page.""]",high URL family; low edition stamp/content,,"[""references/guidance/mji-child-protective-proceedings-benchbook.md"", ""references/audit/deep-research-source-audit-2026-08-09.md""]",,,guidance,False,deep-research audit 2026-08-09,references/audit/deep-research-source-ledger-2026-08-09.json,,
mji-dr-qrms,MJI Domestic Relations QRMs (sample child-support checklist),Domestic Relations QRMs (sample child-support checklist),Michigan Judicial Institute,,MJI Domestic Relations QRMs (sample child-support checklist),official_guidance,advisory_only,Michigan (judicial education; NOT law),Benchbook/QRM is NOT law. Pair with primary MCR/MRE/statutes for any procedural instruction.,https://www.courts.michigan.gov/4ab386/siteassets/publications/benchbooks/qrms/family/domestic-relations/issuance-of-child-support-checklist.pdf,"[""https://www.courts.michigan.gov/4a5020/siteassets/publications/benchbooks/qrms/family/domestic-relations/det-or-mod-interstate-child-custody-dispute-(prelim-matters).pdf""]",,,,,2026-08-09,2026-08-09,URL index; robots-blocked fetch,courts.michigan.gov path confirmed in search index 2026-08-09; content.fetch returned disallow_by_robots. Multiple hash prefixes observed for some PDFs.,MJI / courts.michigan.gov,disallow_by_robots,unavailable — see audit verification method,unknown,,[],[],unknown,[],free PDF (browser),MJI publication; brief quote with citation,quote-with-citation,[],"[""Edition/revision stamp on cover not extracted this run."", ""Hash path multiplicity — prefer human navigation from MJI publications page.""]",high URL family; low edition stamp/content,,"[""references/guidance/mji-domestic-relations-quick-reference.md"", ""references/audit/deep-research-source-audit-2026-08-09.md""]",,,guidance,False,deep-research audit 2026-08-09,references/audit/deep-research-source-ledger-2026-08-09.json,,
mji-dv-bb,MJI Domestic Violence Benchbook,Domestic Violence Benchbook,Michigan Judicial Institute,,MJI Domestic Violence Benchbook,official_guidance,advisory_only,Michigan (judicial education; NOT law),Benchbook/QRM is NOT law. Pair with primary MCR/MRE/statutes for any procedural instruction.,https://www.courts.michigan.gov/499b2f/siteassets/publications/benchbooks/dvbb/dvbb.pdf,"[""https://www.courts.michigan.gov/4ac59f/siteassets/publications/benchbooks/dvbb/dvbb.pdf""]",,,,,2026-08-09,2026-08-09,URL index; robots-blocked fetch,courts.michigan.gov path confirmed in search index 2026-08-09; content.fetch returned disallow_by_robots. Multiple hash prefixes observed for some PDFs.,MJI / courts.michigan.gov,disallow_by_robots,unavailable — see audit verification method,unknown,,[],[],unknown,[],free PDF (browser),MJI publication; brief quote with citation,quote-with-citation,[],"[""Edition/revision stamp on cover not extracted this run."", ""Hash path multiplicity — prefer human navigation from MJI publications page.""]",high URL family; low edition stamp/content,,"[""references/guidance/mji-domestic-violence-benchbook.md"", ""references/audit/deep-research-source-audit-2026-08-09.md""]",,,guidance,False,deep-research audit 2026-08-09,references/audit/deep-research-source-ledger-2026-08-09.json,,
mji-evidence-bb,MJI Evidence Benchbook,Evidence Benchbook,Michigan Judicial Institute,,MJI Evidence Benchbook,official_guidance,advisory_only,Michigan (judicial education; NOT law),Benchbook/QRM is NOT law. Pair with primary MCR/MRE/statutes for any procedural instruction.,https://www.courts.michigan.gov/49dfe1/siteassets/publications/benchbooks/evidence/evidbb.pdf,"[""https://www.courts.michigan.gov/4a17ad/siteassets/publications/benchbooks/evidence/evidbb.pdf""]",,,,,2026-08-09,2026-08-09,URL index; robots-blocked fetch,courts.michigan.gov path confirmed in search index 2026-08-09; content.fetch returned disallow_by_robots. Multiple hash prefixes observed for some PDFs.,MJI / courts.michigan.gov,disallow_by_robots,unavailable — see audit verification method,unknown,,[],[],unknown,[],free PDF (browser),MJI publication; brief quote with citation,quote-with-citation,[],"[""Edition/revision stamp on cover not extracted this run."", ""Hash path multiplicity — prefer human navigation from MJI publications page.""]",high URL family; low edition stamp/content,,"[""references/guidance/mji-evidence-benchbook.md"", ""references/audit/deep-research-source-audit-2026-08-09.md""]",,,guidance,False,deep-research audit 2026-08-09,references/audit/deep-research-source-ledger-2026-08-09.json,,
mji-jj-bb,MJI Juvenile Justice Benchbook,Juvenile Justice Benchbook,Michigan Judicial Institute,,MJI Juvenile Justice Benchbook,official_guidance,advisory_only,Michigan (judicial education; NOT law),Benchbook/QRM is NOT law. Pair with primary MCR/MRE/statutes for any procedural instruction.,https://www.courts.michigan.gov/4a1362/siteassets/publications/benchbooks/jjbb/jjbb.pdf,[],,,,,2026-08-09,2026-08-09,URL index; robots-blocked fetch,courts.michigan.gov path confirmed in search index 2026-08-09; content.fetch returned disallow_by_robots. Multiple hash prefixes observed for some PDFs.,MJI / courts.michigan.gov,disallow_by_robots,unavailable — see audit verification method,unknown,,[],[],unknown,[],free PDF (browser),MJI publication; brief quote with citation,quote-with-citation,[],"[""Edition/revision stamp on cover not extracted this run."", ""Hash path multiplicity — prefer human navigation from MJI publications page.""]",high URL family; low edition stamp/content,,"[""references/guidance/mji-juvenile-and-probate-resources.md"", ""references/audit/deep-research-source-audit-2026-08-09.md""]",,,guidance,False,deep-research audit 2026-08-09,references/audit/deep-research-source-ledger-2026-08-09.json,,
mji-privileges-table,MJI Commonly-Recognized Privileges Table,Commonly-Recognized Privileges Table,Michigan Judicial Institute,,MJI Commonly-Recognized Privileges Table,official_guidance,advisory_only,Michigan (judicial education; NOT law),Benchbook/QRM is NOT law. Pair with primary MCR/MRE/statutes for any procedural instruction.,https://www.courts.michigan.gov/4aa8a4/siteassets/publications/benchbooks/qrms/evidence/commonly-recognized-privileges-table.pdf,[],,,,,2026-08-09,2026-08-09,URL index; robots-blocked fetch,courts.michigan.gov path confirmed in search index 2026-08-09; content.fetch returned disallow_by_robots. Multiple hash prefixes observed for some PDFs.,MJI / courts.michigan.gov,disallow_by_robots,unavailable — see audit verification method,unknown,,[],[],unknown,[],free PDF (browser),MJI publication; brief quote with citation,quote-with-citation,[],"[""Edition/revision stamp on cover not extracted this run."", ""Hash path multiplicity — prefer human navigation from MJI publications page.""]",high URL family; low edition stamp/content,,"[""references/michigan/privilege-and-confidentiality.md"", ""references/audit/deep-research-source-audit-2026-08-09.md""]",,,guidance,False,deep-research audit 2026-08-09,references/audit/deep-research-source-ledger-2026-08-09.json,,
mlh-home,Michigan Legal Help,MLH,Michigan Legal Help,,,self_help,informational,Michigan,,https://michiganlegalhelp.org/,"[""https://michiganlegalhelp.org/courts-and-agencies/genesee-county-friend-of-court"", ""https://michiganlegalhelp.org/resources/family/friend-of-court-overview"", ""https://michiganlegalhelp.org/resources/mifile/how-file-documents-start-new-case-mifile""]",,,,,2026-08-09,2026-08-09,direct fetches,"Home, Genesee FOC agency page, FOC overview, and MiFILE how-to fetched 2026-08-09.",michiganlegalhelp.org,200,unavailable — see audit verification method,unknown,,[],"[""genesee-foc-home"", ""mifile-available-courts""]",unknown,[],free,,quote-with-citation,[],[],high,,"[""references/genesee/legal-resource-center.md"", ""references/audit/deep-research-source-audit-2026-08-09.md""]",,,self_help,True,deep-research audit 2026-08-09,references/audit/deep-research-source-ledger-2026-08-09.json,,
mre-consolidated,Michigan Rules of Evidence (consolidated current text),MRE current,Michigan Supreme Court,MRE,"Michigan Rules of Evidence (restyled effective Jan. 1, 2024 per ADM 2021-10)",court_rule,binding,Michigan statewide,"Evidence rules including relevance 401–403, character 404, hearsay 801–807, authentication 901–902, contents of writings 1001–1008. Post-restyling numbering must be used.",https://www.courts.michigan.gov/492ca5/siteassets/rules-instructions-administrative-orders/rules-of-evidence/michigan-rules-of-evidence.pdf,"[""https://www.courts.michigan.gov/rules-administrative-orders-and-jury-instructions/michigan-rules-of-evidence/"", ""https://www.courts.michigan.gov/4a96cc/siteassets/rules-instructions-administrative-orders/proposed-and-recently-adopted-orders-on-admin-matters/adopted-orders/2021-10_2023-09-20_formor_amdmre.pdf""]",,,2024-01-01,"Restyling ADM File No. 2021-10, order dated 2023-09-20, effective 2024-01-01; subsequent amendments possible",2026-08-09,2026-08-09,official URL in index + ICLE secondary analysis fetch,"MRE PDF and ADM 2021-10 order URLs confirmed on courts.michigan.gov; fetch robots-blocked. ICLE community post on MRE amendments effective January 1, 2024 fetched as secondary confirmation.",Michigan Supreme Court ADM order path,disallow_by_robots,unavailable — see audit verification method,unknown,,[],"[""mre-restyle-order-2021-10"", ""icle-mre-amendments-blog"", ""mji-evidence-bb""]",continuous via ADM files,[],free,,quote-with-citation,"[""MRE 401"", ""MRE 403"", ""MRE 404(b)"", ""MRE 801-807"", ""MRE 803A"", ""MRE 901"", ""MRE 902"", ""MRE 1001-1008""]","[""Old→new numbering map must be built from official restyled PDF when human can open PDFs."", ""Do not rely on pre-2024 citation numbers in L1.""]",high for restyle effective date; medium without official PDF text,,"[""references/caselaw/evidence-authentication.md"", ""references/michigan/mre-guide.md"", ""references/audit/deep-research-source-audit-2026-08-09.md"", ""references/audit/audit-high-risk-gaps.md""]",,,rules,False,deep-research audit 2026-08-09,references/audit/deep-research-source-ledger-2026-08-09.json,,
mre-restyle-order-2021-10,MSC Order Amending Michigan Rules of Evidence (ADM File No. 2021-10),MRE restyle order ADM 2021-10,Michigan Supreme Court,ADM File No. 2021-10,"ADM File No. 2021-10 (order ~Sept. 20, 2023) restyling MRE effective Jan. 1, 2024",administrative_order,binding,Michigan statewide,,https://www.courts.michigan.gov/4a96cc/siteassets/rules-instructions-administrative-orders/proposed-and-recently-adopted-orders-on-admin-matters/adopted-orders/2021-10_2023-09-20_formor_amdmre.pdf,[],,2023-09-20,2024-01-01,,2026-08-09,2026-08-09,URL confirmation via search index; robots block; ICLE secondary,Filename 2021-10_2023-09-20_formor_amdmre.pdf on courts.michigan.gov; ICLE blog confirms Jan 1 2024 effective restyling.,MSC adopted-orders path,disallow_by_robots,unavailable — see audit verification method,unknown,,[],"[""mre-consolidated""]",unknown,[],free,,quote-with-citation,[],[],high,,"[""references/michigan/mre-guide.md"", ""references/audit/deep-research-source-audit-2026-08-09.md""]",,,rules,False,deep-research audit 2026-08-09,references/audit/deep-research-source-ledger-2026-08-09.json,,
ppo-mcl-600-2950,Personal Protection Orders — MCL 600.2950 / 600.2950a,PPO statutes,Michigan Legislature,"MCL 600.2950, 600.2950a",MCL 600.2950; MCL 600.2950a,statute,binding_if_applicable,Michigan statewide,Domestic and nondomestic PPOs; conduct covered relevant to DV/coercive control framing.,https://www.legislature.mi.gov/Laws/MCL?objectName=mcl-600-2950,"[""https://www.legislature.mi.gov/Laws/MCL?objectName=MCL-600-2950a""]",,,,,2026-08-09,2026-08-09,URL catalog; fetch blocked,Official URLs recorded; content not retrieved this run.,MCL 600 Michigan,blocked,unavailable — see audit verification method,unknown,,[],"[""mji-dv-bb"", ""child-custody-act-1970""]",unknown,[],free,,quote-with-citation,"[""MCL 600.2950"", ""MCL 600.2950a""]",[],medium URL; low text,,"[""references/michigan/ppo-and-dv-statutes.md"", ""references/audit/deep-research-source-audit-2026-08-09.md""]",,,statutes,False,deep-research audit 2026-08-09,references/audit/deep-research-source-ledger-2026-08-09.json,,
privilege-mcl-bundle,"Michigan privilege & confidentiality statutes (psychologist, physician, mental health)",Privilege statutes bundle,Michigan Legislature,MCL 333.18237; MCL 600.2157; MCL 330.1748,MCL 333.18237; MCL 600.2157; MCL 330.1748,statute,binding,Michigan statewide,,https://www.legislature.mi.gov/Laws/MCL?objectName=mcl-333-18237,"[""https://www.legislature.mi.gov/Laws/MCL?objectName=MCL-600-2157"", ""https://www.legislature.mi.gov/Laws/MCL?objectName=MCL-330-1748""]",,,,,2026-08-09,2026-08-09,URL catalog; robots-blocked,Official section URLs recorded; content not fetched.,MCL Michigan,blocked,unavailable — see audit verification method,unknown,,[],"[""42-cfr-part-2"", ""mji-privileges-table""]",unknown,[],free,,quote-with-citation,"[""MCL 333.18237"", ""MCL 600.2157"", ""MCL 330.1748""]",[],medium URL; low text,,"[""references/michigan/privilege-and-confidentiality.md"", ""references/audit/deep-research-source-audit-2026-08-09.md""]",,,statutes,False,deep-research audit 2026-08-09,references/audit/deep-research-source-ledger-2026-08-09.json,,
ropa,Revocation of Paternity Act,ROPA,Michigan Legislature,MCL 722.1431 et seq.,"Revocation of Paternity Act, MCL 722.1431 et seq.",statute,binding_if_applicable,Michigan (trigger-based),,https://www.legislature.mi.gov/Laws/MCL?objectName=mcl-Act-159-of-2012,[],,,,,2026-08-09,2026-08-09,URL catalog; blocked,Candidate act URL recorded; confirm sections on legislature site.,Michigan,blocked,unavailable — see audit verification method,unknown,,[],[],unknown,[],free,,quote-with-citation,[],[],low-medium,,"[""references/michigan/revocation-of-paternity.md"", ""references/audit/deep-research-source-audit-2026-08-09.md""]",,,statutes,False,deep-research audit 2026-08-09,references/audit/deep-research-source-ledger-2026-08-09.json,,
scao-lcr-circuit-courts,Local Court Rules — Circuit Courts (consolidated),SCAO LCR Circuit Courts PDF,Michigan Supreme Court / SCAO (compiled local rules),Seventh Judicial Circuit (Genesee) LCR 2.119 within consolidated PDF,"Local Court Rules, Circuit Courts (SCAO consolidated PDF); Seventh Judicial Circuit LCR 2.119",local_court_rule,binding,Michigan — Seventh Judicial Circuit (Genesee) portion only for toolkit,Contains LCR 2.119 Motion Practice for Genesee: concurrence certificate and mandatory proposed order requirements. Other circuits' LCRs in same PDF are out of scope.,https://www.courts.michigan.gov/492c71/siteassets/rules-instructions-administrative-orders/local-court-rules/local-court-rules-circuit-court.pdf,[],,,,,2026-08-09,2026-08-09,search-index snippet harvest (PDF body robots-disallowed to automated fetcher),Official URL confirmed in courts.michigan.gov search index 2026-08-09. Snippet quotes SEVENTH JUDICIAL CIRCUIT (GENESEE) Rule 2.119 Motion Practice including concurrence certification language and ascertaining opposition contents. Full PDF text not retrieved due to disallow_by_robots.,Snippet heading SEVENTH JUDICIAL CIRCUIT (GENESEE) within Michigan courts consolidated LCR PDF — not Florida.,disallow_by_robots,unavailable — see audit verification method,no,,[],"[""genesee-notice-motion-practice"", ""mcr-2-119-motion-practice""]",when MSC/SCAO approves LCR amendments,"[""LCR amendment order"", ""SCAO PDF republish""]",free (human browser); automated fetch blocked,,quote-with-citation,"[""LCR 2.119(A)"", ""LCR 2.119(B) concurrence certificate""]","[""Full current LCR 2.119 text must be human-downloaded from courts.michigan.gov PDF for L2 quote; only search snippets verified this run."", ""Confirm no post-snippet amendment.""]",high that URL and Genesee LCR 2.119 exist; medium for complete current wording without full PDF,,"[""references/genesee/lcr-2-119-concurrence.md"", ""references/audit/deep-research-source-audit-2026-08-09.md"", ""references/audit/audit-primary-text-access-limits.md""]",,,rules,False,deep-research audit 2026-08-09,references/audit/deep-research-source-ledger-2026-08-09.json,,
sptea-1982-pa-295,Support and Parenting Time Enforcement Act,SPTEA,Michigan Legislature,1982 PA 295; MCL 552.601 et seq.,"Support and Parenting Time Enforcement Act, 1982 PA 295, MCL 552.601 et seq.",statute,binding,Michigan statewide,"Support/parenting-time enforcement tools including income withholding, show cause, warrants, license suspension, surcharges, make-up parenting time.",https://www.legislature.mi.gov/Laws/MCL?objectName=mcl-Act-295-of-1982,"[""http://www.legislature.mi.gov/documents/mcl/pdf/mcl-act-295-of-1982.pdf"", ""https://law.justia.com/codes/michigan/chapter-552/act-295-of-1982/"", ""https://codes.findlaw.com/mi/chapter-552-divorce/mi-comp-laws-552-601/""]",,,,,2026-08-09,2026-08-09,Justia act page + FindLaw 552.601 fetch; official PDF client error / robots,Justia Act 295 of 1982 and FindLaw 552.601 fetched 2026-08-09. Official legislature PDF http_code_client_error; HTML bad_robots_code.,Michigan PA 295 of 1982,mirrors 200; official failed,unavailable — see audit verification method,unknown,,[],"[""foc-act-1982-pa-294"", ""mcsf-2025-manual""]",unknown,[],free,,quote-with-citation,"[""MCL 552.601 et seq.""]",[],high identity; medium mirror currency,,"[""references/michigan/sptea.md"", ""references/audit/deep-research-source-audit-2026-08-09.md""]",,,statutes,True,deep-research audit 2026-08-09,references/audit/deep-research-source-ledger-2026-08-09.json,,
sullivan-v-gray,Sullivan v Gray,Sullivan v Gray,Michigan Court of Appeals,1982 published COA,"Sullivan v Gray, 117 Mich App 476; 324 NW2d 58 (1982) — CONFIRM official reporter cite",binding_case_law,binding,Michigan,Participant construction of eavesdropping statute — recording conversation one is party to. Limitation: does not authorize directing third party/child to record. Doctrine tension with later federal AFT Michigan litigation.,,"[""https://www.courts.michigan.gov/""]",,1982,,,2026-08-09,2026-08-09,direct fetch Justia opinion page,Fetched 2026-08-09 Justia published COA page; not official MSC/COA reporter PDF.,Michigan Court of Appeals,200,unavailable — see audit verification method,unknown,,[],"[""eavesdropping-mcl-750-539"", ""aft-michigan-project-veritas""]",unknown,[],free (unofficial host),,quote-with-citation,[],"[""Obtain official reporter citation/PDF if available."", ""Doctrine unsettled overall in light of federal AFT Michigan developments."", ""No official primary deep link was verified in this audit; retained mirror is nonofficial and not a substitute for current primary text."", ""official_url is null because a current official deep link was not verified; use the listed official landing page and verify before reliance.""]",high for existence/holding core; medium for perfect Bluebook cite without official reporter,,"[""references/michigan/eavesdropping-and-recordings.md"", ""references/audit/deep-research-source-audit-2026-08-09.md"", ""references/audit/audit-recording-doctrine.md""]",,,caselaw,True,deep-research audit 2026-08-09,references/audit/deep-research-source-ledger-2026-08-09.json,"[""https://law.justia.com/cases/michigan/court-of-appeals-published/1982/57301.html""]",
templates-adjournment-stipulation,Adjournment Stipulation,Adjournment Stipulation,Michigan Supreme Court / State of Michigan,Template source note,Template source note,official_guidance,informational,Michigan statewide,Educational drafting structure; not an official court form.,https://www.courts.michigan.gov/siteassets/rules-instructions-administrative-orders/michigan-court-rules/michigan-court-rules-responsive-html5.zip/Michigan_Court_Rules/,[],,unknown — verification required,unknown — verification required,unknown — verification required,2026-08-09,2026-08-09,direct fetch and package build,Read-only URL fetch by scripts/citation_url_checker.py; title/hash captured where accessible.,"Michigan Courts domain or source text identifies Michigan; local records identify Genesee County/Flint, Michigan.",204,e3b0c44298fc1c149afbf4c8996fb92427ae41e4649b934ca495991b7852b855,unknown,unknown — verification required,[],[],continuous or ad hoc; check before use,"Michigan Supreme Court rule order, legislation, revised form, local administrative order, judge assignment, or clerk notice.",free,Use short quotations with citation; do not reproduce protected material beyond lawful fair use.,quote-with-citation,"[""Source note""]",Currency and case-specific application require confirmation.,medium — metadata verified where accessible; re-check current text.,templates/adjournment-stipulation.md,"[""templates/adjournment-stipulation.md""]",,,,,,,,
templates-affidavit,Affidavit,Affidavit,Michigan Supreme Court / State of Michigan,Template source note,Template source note,official_guidance,informational,Michigan statewide,Educational drafting structure; not an official court form.,https://www.courts.michigan.gov/siteassets/rules-instructions-administrative-orders/michigan-court-rules/michigan-court-rules-responsive-html5.zip/Michigan_Court_Rules/,[],,unknown — verification required,unknown — verification required,unknown — verification required,2026-08-09,2026-08-09,direct fetch and package build,Read-only URL fetch by scripts/citation_url_checker.py; title/hash captured where accessible.,"Michigan Courts domain or source text identifies Michigan; local records identify Genesee County/Flint, Michigan.",204,e3b0c44298fc1c149afbf4c8996fb92427ae41e4649b934ca495991b7852b855,unknown,unknown — verification required,[],[],continuous or ad hoc; check before use,"Michigan Supreme Court rule order, legislation, revised form, local administrative order, judge assignment, or clerk notice.",free,Use short quotations with citation; do not reproduce protected material beyond lawful fair use.,quote-with-citation,"[""Source note""]",Currency and case-specific application require confirmation.,medium — metadata verified where accessible; re-check current text.,templates/affidavit.md,"[""templates/affidavit.md""]",,,,,,,,
templates-brief-in-support,Brief In Support,Brief In Support,Michigan Supreme Court / State of Michigan,Template source note,Template source note,official_guidance,informational,Michigan statewide,Educational drafting structure; not an official court form.,https://www.courts.michigan.gov/siteassets/rules-instructions-administrative-orders/michigan-court-rules/michigan-court-rules-responsive-html5.zip/Michigan_Court_Rules/,[],,unknown — verification required,unknown — verification required,unknown — verification required,2026-08-09,2026-08-09,direct fetch and package build,Read-only URL fetch by scripts/citation_url_checker.py; title/hash captured where accessible.,"Michigan Courts domain or source text identifies Michigan; local records identify Genesee County/Flint, Michigan.",204,e3b0c44298fc1c149afbf4c8996fb92427ae41e4649b934ca495991b7852b855,unknown,unknown — verification required,[],[],continuous or ad hoc; check before use,"Michigan Supreme Court rule order, legislation, revised form, local administrative order, judge assignment, or clerk notice.",free,Use short quotations with citation; do not reproduce protected material beyond lawful fair use.,quote-with-citation,"[""Source note""]",Currency and case-specific application require confirmation.,medium — metadata verified where accessible; re-check current text.,templates/brief-in-support.md,"[""templates/brief-in-support.md""]",,,,,,,,
templates-chronology,Chronology,Chronology,Michigan Supreme Court / State of Michigan,Template source note,Template source note,official_guidance,informational,Michigan statewide,Educational drafting structure; not an official court form.,https://www.courts.michigan.gov/siteassets/rules-instructions-administrative-orders/michigan-court-rules/michigan-court-rules-responsive-html5.zip/Michigan_Court_Rules/,[],,unknown — verification required,unknown — verification required,unknown — verification required,2026-08-09,2026-08-09,direct fetch and package build,Read-only URL fetch by scripts/citation_url_checker.py; title/hash captured where accessible.,"Michigan Courts domain or source text identifies Michigan; local records identify Genesee County/Flint, Michigan.",204,e3b0c44298fc1c149afbf4c8996fb92427ae41e4649b934ca495991b7852b855,unknown,unknown — verification required,[],[],continuous or ad hoc; check before use,"Michigan Supreme Court rule order, legislation, revised form, local administrative order, judge assignment, or clerk notice.",free,Use short quotations with citation; do not reproduce protected material beyond lawful fair use.,quote-with-citation,"[""Source note""]",Currency and case-specific application require confirmation.,medium — metadata verified where accessible; re-check current text.,templates/chronology.md,"[""templates/chronology.md""]",,,,,,,,
templates-concurrence-certificate,Concurrence Certificate,Concurrence Certificate,Michigan Supreme Court / State of Michigan,Template source note,Template source note,official_guidance,informational,Michigan statewide,Educational drafting structure; not an official court form.,https://www.courts.michigan.gov/siteassets/rules-instructions-administrative-orders/michigan-court-rules/michigan-court-rules-responsive-html5.zip/Michigan_Court_Rules/,[],,unknown — verification required,unknown — verification required,unknown — verification required,2026-08-09,2026-08-09,direct fetch and package build,Read-only URL fetch by scripts/citation_url_checker.py; title/hash captured where accessible.,"Michigan Courts domain or source text identifies Michigan; local records identify Genesee County/Flint, Michigan.",204,e3b0c44298fc1c149afbf4c8996fb92427ae41e4649b934ca495991b7852b855,unknown,unknown — verification required,[],[],continuous or ad hoc; check before use,"Michigan Supreme Court rule order, legislation, revised form, local administrative order, judge assignment, or clerk notice.",free,Use short quotations with citation; do not reproduce protected material beyond lawful fair use.,quote-with-citation,"[""Source note""]",Currency and case-specific application require confirmation.,medium — metadata verified where accessible; re-check current text.,templates/concurrence-certificate.md,"[""templates/concurrence-certificate.md""]",,,,,,,,
templates-deficiency-letter,Deficiency Letter,Deficiency Letter,Michigan Supreme Court / State of Michigan,Template source note,Template source note,official_guidance,informational,Michigan statewide,Educational drafting structure; not an official court form.,https://www.courts.michigan.gov/siteassets/rules-instructions-administrative-orders/michigan-court-rules/michigan-court-rules-responsive-html5.zip/Michigan_Court_Rules/,[],,unknown — verification required,unknown — verification required,unknown — verification required,2026-08-09,2026-08-09,direct fetch and package build,Read-only URL fetch by scripts/citation_url_checker.py; title/hash captured where accessible.,"Michigan Courts domain or source text identifies Michigan; local records identify Genesee County/Flint, Michigan.",204,e3b0c44298fc1c149afbf4c8996fb92427ae41e4649b934ca495991b7852b855,unknown,unknown — verification required,[],[],continuous or ad hoc; check before use,"Michigan Supreme Court rule order, legislation, revised form, local administrative order, judge assignment, or clerk notice.",free,Use short quotations with citation; do not reproduce protected material beyond lawful fair use.,quote-with-citation,"[""Source note""]",Currency and case-specific application require confirmation.,medium — metadata verified where accessible; re-check current text.,templates/deficiency-letter.md,"[""templates/deficiency-letter.md""]",,,,,,,,
templates-exhibit-list,Exhibit List,Exhibit List,Michigan Supreme Court / State of Michigan,Template source note,Template source note,official_guidance,informational,Michigan statewide,Educational drafting structure; not an official court form.,https://www.courts.michigan.gov/siteassets/rules-instructions-administrative-orders/michigan-court-rules/michigan-court-rules-responsive-html5.zip/Michigan_Court_Rules/,[],,unknown — verification required,unknown — verification required,unknown — verification required,2026-08-09,2026-08-09,direct fetch and package build,Read-only URL fetch by scripts/citation_url_checker.py; title/hash captured where accessible.,"Michigan Courts domain or source text identifies Michigan; local records identify Genesee County/Flint, Michigan.",204,e3b0c44298fc1c149afbf4c8996fb92427ae41e4649b934ca495991b7852b855,unknown,unknown — verification required,[],[],continuous or ad hoc; check before use,"Michigan Supreme Court rule order, legislation, revised form, local administrative order, judge assignment, or clerk notice.",free,Use short quotations with citation; do not reproduce protected material beyond lawful fair use.,quote-with-citation,"[""Source note""]",Currency and case-specific application require confirmation.,medium — metadata verified where accessible; re-check current text.,templates/exhibit-list.md,"[""templates/exhibit-list.md""]",,,,,,,,
templates-fee-waiver-request,Fee Waiver Request,Fee Waiver Request,Michigan Supreme Court / State of Michigan,Template source note,Template source note,official_guidance,informational,Michigan statewide,Educational drafting structure; not an official court form.,https://www.courts.michigan.gov/siteassets/rules-instructions-administrative-orders/michigan-court-rules/michigan-court-rules-responsive-html5.zip/Michigan_Court_Rules/,[],,unknown — verification required,unknown — verification required,unknown — verification required,2026-08-09,2026-08-09,direct fetch and package build,Read-only URL fetch by scripts/citation_url_checker.py; title/hash captured where accessible.,"Michigan Courts domain or source text identifies Michigan; local records identify Genesee County/Flint, Michigan.",204,e3b0c44298fc1c149afbf4c8996fb92427ae41e4649b934ca495991b7852b855,unknown,unknown — verification required,[],[],continuous or ad hoc; check before use,"Michigan Supreme Court rule order, legislation, revised form, local administrative order, judge assignment, or clerk notice.",free,Use short quotations with citation; do not reproduce protected material beyond lawful fair use.,quote-with-citation,"[""Source note""]",Currency and case-specific application require confirmation.,medium — metadata verified where accessible; re-check current text.,templates/fee-waiver-request.md,"[""templates/fee-waiver-request.md""]",,,,,,,,
templates-motion,Motion,Motion,Michigan Supreme Court / State of Michigan,Template source note,Template source note,official_guidance,informational,Michigan statewide,Educational drafting structure; not an official court form.,https://www.courts.michigan.gov/siteassets/rules-instructions-administrative-orders/michigan-court-rules/michigan-court-rules-responsive-html5.zip/Michigan_Court_Rules/,[],,unknown — verification required,unknown — verification required,unknown — verification required,2026-08-09,2026-08-09,direct fetch and package build,Read-only URL fetch by scripts/citation_url_checker.py; title/hash captured where accessible.,"Michigan Courts domain or source text identifies Michigan; local records identify Genesee County/Flint, Michigan.",204,e3b0c44298fc1c149afbf4c8996fb92427ae41e4649b934ca495991b7852b855,unknown,unknown — verification required,[],[],continuous or ad hoc; check before use,"Michigan Supreme Court rule order, legislation, revised form, local administrative order, judge assignment, or clerk notice.",free,Use short quotations with citation; do not reproduce protected material beyond lawful fair use.,quote-with-citation,"[""Source note""]",Currency and case-specific application require confirmation.,medium — metadata verified where accessible; re-check current text.,templates/motion.md,"[""templates/motion.md""]",,,,,,,,
templates-motion-in-limine,Motion In Limine,Motion In Limine,Michigan Supreme Court / State of Michigan,Template source note,Template source note,official_guidance,informational,Michigan statewide,Educational drafting structure; not an official court form.,https://www.courts.michigan.gov/siteassets/rules-instructions-administrative-orders/michigan-court-rules/michigan-court-rules-responsive-html5.zip/Michigan_Court_Rules/,[],,unknown — verification required,unknown — verification required,unknown — verification required,2026-08-09,2026-08-09,direct fetch and package build,Read-only URL fetch by scripts/citation_url_checker.py; title/hash captured where accessible.,"Michigan Courts domain or source text identifies Michigan; local records identify Genesee County/Flint, Michigan.",204,e3b0c44298fc1c149afbf4c8996fb92427ae41e4649b934ca495991b7852b855,unknown,unknown — verification required,[],[],continuous or ad hoc; check before use,"Michigan Supreme Court rule order, legislation, revised form, local administrative order, judge assignment, or clerk notice.",free,Use short quotations with citation; do not reproduce protected material beyond lawful fair use.,quote-with-citation,"[""Source note""]",Currency and case-specific application require confirmation.,medium — metadata verified where accessible; re-check current text.,templates/motion-in-limine.md,"[""templates/motion-in-limine.md""]",,,,,,,,
templates-motion-to-compel,Motion To Compel,Motion To Compel,Michigan Supreme Court / State of Michigan,Template source note,Template source note,official_guidance,informational,Michigan statewide,Educational drafting structure; not an official court form.,https://www.courts.michigan.gov/siteassets/rules-instructions-administrative-orders/michigan-court-rules/michigan-court-rules-responsive-html5.zip/Michigan_Court_Rules/,[],,unknown — verification required,unknown — verification required,unknown — verification required,2026-08-09,2026-08-09,direct fetch and package build,Read-only URL fetch by scripts/citation_url_checker.py; title/hash captured where accessible.,"Michigan Courts domain or source text identifies Michigan; local records identify Genesee County/Flint, Michigan.",204,e3b0c44298fc1c149afbf4c8996fb92427ae41e4649b934ca495991b7852b855,unknown,unknown — verification required,[],[],continuous or ad hoc; check before use,"Michigan Supreme Court rule order, legislation, revised form, local administrative order, judge assignment, or clerk notice.",free,Use short quotations with citation; do not reproduce protected material beyond lawful fair use.,quote-with-citation,"[""Source note""]",Currency and case-specific application require confirmation.,medium — metadata verified where accessible; re-check current text.,templates/motion-to-compel.md,"[""templates/motion-to-compel.md""]",,,,,,,,
templates-notice-of-hearing,Notice Of Hearing,Notice Of Hearing,Michigan Supreme Court / State of Michigan,Template source note,Template source note,official_guidance,informational,Michigan statewide,Educational drafting structure; not an official court form.,https://www.courts.michigan.gov/siteassets/rules-instructions-administrative-orders/michigan-court-rules/michigan-court-rules-responsive-html5.zip/Michigan_Court_Rules/,[],,unknown — verification required,unknown — verification required,unknown — verification required,2026-08-09,2026-08-09,direct fetch and package build,Read-only URL fetch by scripts/citation_url_checker.py; title/hash captured where accessible.,"Michigan Courts domain or source text identifies Michigan; local records identify Genesee County/Flint, Michigan.",204,e3b0c44298fc1c149afbf4c8996fb92427ae41e4649b934ca495991b7852b855,unknown,unknown — verification required,[],[],continuous or ad hoc; check before use,"Michigan Supreme Court rule order, legislation, revised form, local administrative order, judge assignment, or clerk notice.",free,Use short quotations with citation; do not reproduce protected material beyond lawful fair use.,quote-with-citation,"[""Source note""]",Currency and case-specific application require confirmation.,medium — metadata verified where accessible; re-check current text.,templates/notice-of-hearing.md,"[""templates/notice-of-hearing.md""]",,,,,,,,
templates-objection-to-referee-recommendation,Objection To Referee Recommendation,Objection To Referee Recommendation,Michigan Supreme Court / State of Michigan,Template source note,Template source note,official_guidance,informational,Michigan statewide,Educational drafting structure; not an official court form.,https://www.courts.michigan.gov/siteassets/rules-instructions-administrative-orders/michigan-court-rules/michigan-court-rules-responsive-html5.zip/Michigan_Court_Rules/,[],,unknown — verification required,unknown — verification required,unknown — verification required,2026-08-09,2026-08-09,direct fetch and package build,Read-only URL fetch by scripts/citation_url_checker.py; title/hash captured where accessible.,"Michigan Courts domain or source text identifies Michigan; local records identify Genesee County/Flint, Michigan.",204,e3b0c44298fc1c149afbf4c8996fb92427ae41e4649b934ca495991b7852b855,unknown,unknown — verification required,[],[],continuous or ad hoc; check before use,"Michigan Supreme Court rule order, legislation, revised form, local administrative order, judge assignment, or clerk notice.",free,Use short quotations with citation; do not reproduce protected material beyond lawful fair use.,quote-with-citation,"[""Source note""]",Currency and case-specific application require confirmation.,medium — metadata verified where accessible; re-check current text.,templates/objection-to-referee-recommendation.md,"[""templates/objection-to-referee-recommendation.md""]",,,,,,,,
templates-preservation-letter,Preservation Letter,Preservation Letter,Michigan Supreme Court / State of Michigan,Template source note,Template source note,official_guidance,informational,Michigan statewide,Educational drafting structure; not an official court form.,https://www.courts.michigan.gov/siteassets/rules-instructions-administrative-orders/michigan-court-rules/michigan-court-rules-responsive-html5.zip/Michigan_Court_Rules/,[],,unknown — verification required,unknown — verification required,unknown — verification required,2026-08-09,2026-08-09,direct fetch and package build,Read-only URL fetch by scripts/citation_url_checker.py; title/hash captured where accessible.,"Michigan Courts domain or source text identifies Michigan; local records identify Genesee County/Flint, Michigan.",204,e3b0c44298fc1c149afbf4c8996fb92427ae41e4649b934ca495991b7852b855,unknown,unknown — verification required,[],[],continuous or ad hoc; check before use,"Michigan Supreme Court rule order, legislation, revised form, local administrative order, judge assignment, or clerk notice.",free,Use short quotations with citation; do not reproduce protected material beyond lawful fair use.,quote-with-citation,"[""Source note""]",Currency and case-specific application require confirmation.,medium — metadata verified where accessible; re-check current text.,templates/preservation-letter.md,"[""templates/preservation-letter.md""]",,,,,,,,
templates-privilege-log,Privilege Log,Privilege Log,Michigan Supreme Court / State of Michigan,Template source note,Template source note,official_guidance,informational,Michigan statewide,Educational drafting structure; not an official court form.,https://www.courts.michigan.gov/siteassets/rules-instructions-administrative-orders/michigan-court-rules/michigan-court-rules-responsive-html5.zip/Michigan_Court_Rules/,[],,unknown — verification required,unknown — verification required,unknown — verification required,2026-08-09,2026-08-09,direct fetch and package build,Read-only URL fetch by scripts/citation_url_checker.py; title/hash captured where accessible.,"Michigan Courts domain or source text identifies Michigan; local records identify Genesee County/Flint, Michigan.",204,e3b0c44298fc1c149afbf4c8996fb92427ae41e4649b934ca495991b7852b855,unknown,unknown — verification required,[],[],continuous or ad hoc; check before use,"Michigan Supreme Court rule order, legislation, revised form, local administrative order, judge assignment, or clerk notice.",free,Use short quotations with citation; do not reproduce protected material beyond lawful fair use.,quote-with-citation,"[""Source note""]",Currency and case-specific application require confirmation.,medium — metadata verified where accessible; re-check current text.,templates/privilege-log.md,"[""templates/privilege-log.md""]",,,,,,,,
templates-proof-of-service,Proof Of Service,Proof Of Service,Michigan Supreme Court / State of Michigan,Template source note,Template source note,official_guidance,informational,Michigan statewide,Educational drafting structure; not an official court form.,https://www.courts.michigan.gov/siteassets/rules-instructions-administrative-orders/michigan-court-rules/michigan-court-rules-responsive-html5.zip/Michigan_Court_Rules/,[],,unknown — verification required,unknown — verification required,unknown — verification required,2026-08-09,2026-08-09,direct fetch and package build,Read-only URL fetch by scripts/citation_url_checker.py; title/hash captured where accessible.,"Michigan Courts domain or source text identifies Michigan; local records identify Genesee County/Flint, Michigan.",204,e3b0c44298fc1c149afbf4c8996fb92427ae41e4649b934ca495991b7852b855,unknown,unknown — verification required,[],[],continuous or ad hoc; check before use,"Michigan Supreme Court rule order, legislation, revised form, local administrative order, judge assignment, or clerk notice.",free,Use short quotations with citation; do not reproduce protected material beyond lawful fair use.,quote-with-citation,"[""Source note""]",Currency and case-specific application require confirmation.,medium — metadata verified where accessible; re-check current text.,templates/proof-of-service.md,"[""templates/proof-of-service.md""]",,,,,,,,
templates-proposed-order,Proposed Order,Proposed Order,Michigan Supreme Court / State of Michigan,Template source note,Template source note,official_guidance,informational,Michigan statewide,Educational drafting structure; not an official court form.,https://www.courts.michigan.gov/siteassets/rules-instructions-administrative-orders/michigan-court-rules/michigan-court-rules-responsive-html5.zip/Michigan_Court_Rules/,[],,unknown — verification required,unknown — verification required,unknown — verification required,2026-08-09,2026-08-09,direct fetch and package build,Read-only URL fetch by scripts/citation_url_checker.py; title/hash captured where accessible.,"Michigan Courts domain or source text identifies Michigan; local records identify Genesee County/Flint, Michigan.",204,e3b0c44298fc1c149afbf4c8996fb92427ae41e4649b934ca495991b7852b855,unknown,unknown — verification required,[],[],continuous or ad hoc; check before use,"Michigan Supreme Court rule order, legislation, revised form, local administrative order, judge assignment, or clerk notice.",free,Use short quotations with citation; do not reproduce protected material beyond lawful fair use.,quote-with-citation,"[""Source note""]",Currency and case-specific application require confirmation.,medium — metadata verified where accessible; re-check current text.,templates/proposed-order.md,"[""templates/proposed-order.md""]",,,,,,,,
templates-reply,Reply,Reply,Michigan Supreme Court / State of Michigan,Template source note,Template source note,official_guidance,informational,Michigan statewide,Educational drafting structure; not an official court form.,https://www.courts.michigan.gov/siteassets/rules-instructions-administrative-orders/michigan-court-rules/michigan-court-rules-responsive-html5.zip/Michigan_Court_Rules/,[],,unknown — verification required,unknown — verification required,unknown — verification required,2026-08-09,2026-08-09,direct fetch and package build,Read-only URL fetch by scripts/citation_url_checker.py; title/hash captured where accessible.,"Michigan Courts domain or source text identifies Michigan; local records identify Genesee County/Flint, Michigan.",204,e3b0c44298fc1c149afbf4c8996fb92427ae41e4649b934ca495991b7852b855,unknown,unknown — verification required,[],[],continuous or ad hoc; check before use,"Michigan Supreme Court rule order, legislation, revised form, local administrative order, judge assignment, or clerk notice.",free,Use short quotations with citation; do not reproduce protected material beyond lawful fair use.,quote-with-citation,"[""Source note""]",Currency and case-specific application require confirmation.,medium — metadata verified where accessible; re-check current text.,templates/reply.md,"[""templates/reply.md""]",,,,,,,,
templates-requests-for-admission,Requests For Admission,Requests For Admission,Michigan Supreme Court / State of Michigan,Template source note,Template source note,official_guidance,informational,Michigan statewide,Educational drafting structure; not an official court form.,https://www.courts.michigan.gov/siteassets/rules-instructions-administrative-orders/michigan-court-rules/michigan-court-rules-responsive-html5.zip/Michigan_Court_Rules/,[],,unknown — verification required,unknown — verification required,unknown — verification required,2026-08-09,2026-08-09,direct fetch and package build,Read-only URL fetch by scripts/citation_url_checker.py; title/hash captured where accessible.,"Michigan Courts domain or source text identifies Michigan; local records identify Genesee County/Flint, Michigan.",204,e3b0c44298fc1c149afbf4c8996fb92427ae41e4649b934ca495991b7852b855,unknown,unknown — verification required,[],[],continuous or ad hoc; check before use,"Michigan Supreme Court rule order, legislation, revised form, local administrative order, judge assignment, or clerk notice.",free,Use short quotations with citation; do not reproduce protected material beyond lawful fair use.,quote-with-citation,"[""Source note""]",Currency and case-specific application require confirmation.,medium — metadata verified where accessible; re-check current text.,templates/requests-for-admission.md,"[""templates/requests-for-admission.md""]",,,,,,,,
templates-requests-for-production,Requests For Production,Requests For Production,Michigan Supreme Court / State of Michigan,Template source note,Template source note,official_guidance,informational,Michigan statewide,Educational drafting structure; not an official court form.,https://www.courts.michigan.gov/siteassets/rules-instructions-administrative-orders/michigan-court-rules/michigan-court-rules-responsive-html5.zip/Michigan_Court_Rules/,[],,unknown — verification required,unknown — verification required,unknown — verification required,2026-08-09,2026-08-09,direct fetch and package build,Read-only URL fetch by scripts/citation_url_checker.py; title/hash captured where accessible.,"Michigan Courts domain or source text identifies Michigan; local records identify Genesee County/Flint, Michigan.",204,e3b0c44298fc1c149afbf4c8996fb92427ae41e4649b934ca495991b7852b855,unknown,unknown — verification required,[],[],continuous or ad hoc; check before use,"Michigan Supreme Court rule order, legislation, revised form, local administrative order, judge assignment, or clerk notice.",free,Use short quotations with citation; do not reproduce protected material beyond lawful fair use.,quote-with-citation,"[""Source note""]",Currency and case-specific application require confirmation.,medium — metadata verified where accessible; re-check current text.,templates/requests-for-production.md,"[""templates/requests-for-production.md""]",,,,,,,,
templates-response,Response,Response,Michigan Supreme Court / State of Michigan,Template source note,Template source note,official_guidance,informational,Michigan statewide,Educational drafting structure; not an official court form.,https://www.courts.michigan.gov/siteassets/rules-instructions-administrative-orders/michigan-court-rules/michigan-court-rules-responsive-html5.zip/Michigan_Court_Rules/,[],,unknown — verification required,unknown — verification required,unknown — verification required,2026-08-09,2026-08-09,direct fetch and package build,Read-only URL fetch by scripts/citation_url_checker.py; title/hash captured where accessible.,"Michigan Courts domain or source text identifies Michigan; local records identify Genesee County/Flint, Michigan.",204,e3b0c44298fc1c149afbf4c8996fb92427ae41e4649b934ca495991b7852b855,unknown,unknown — verification required,[],[],continuous or ad hoc; check before use,"Michigan Supreme Court rule order, legislation, revised form, local administrative order, judge assignment, or clerk notice.",free,Use short quotations with citation; do not reproduce protected material beyond lawful fair use.,quote-with-citation,"[""Source note""]",Currency and case-specific application require confirmation.,medium — metadata verified where accessible; re-check current text.,templates/response.md,"[""templates/response.md""]",,,,,,,,
templates-responses-and-objections,Responses And Objections,Responses And Objections,Michigan Supreme Court / State of Michigan,Template source note,Template source note,official_guidance,informational,Michigan statewide,Educational drafting structure; not an official court form.,https://www.courts.michigan.gov/siteassets/rules-instructions-administrative-orders/michigan-court-rules/michigan-court-rules-responsive-html5.zip/Michigan_Court_Rules/,[],,unknown — verification required,unknown — verification required,unknown — verification required,2026-08-09,2026-08-09,direct fetch and package build,Read-only URL fetch by scripts/citation_url_checker.py; title/hash captured where accessible.,"Michigan Courts domain or source text identifies Michigan; local records identify Genesee County/Flint, Michigan.",204,e3b0c44298fc1c149afbf4c8996fb92427ae41e4649b934ca495991b7852b855,unknown,unknown — verification required,[],[],continuous or ad hoc; check before use,"Michigan Supreme Court rule order, legislation, revised form, local administrative order, judge assignment, or clerk notice.",free,Use short quotations with citation; do not reproduce protected material beyond lawful fair use.,quote-with-citation,"[""Source note""]",Currency and case-specific application require confirmation.,medium — metadata verified where accessible; re-check current text.,templates/responses-and-objections.md,"[""templates/responses-and-objections.md""]",,,,,,,,
templates-subpoena-cover,Subpoena Cover,Subpoena Cover,Michigan Supreme Court / State of Michigan,Template source note,Template source note,official_guidance,informational,Michigan statewide,Educational drafting structure; not an official court form.,https://www.courts.michigan.gov/siteassets/rules-instructions-administrative-orders/michigan-court-rules/michigan-court-rules-responsive-html5.zip/Michigan_Court_Rules/,[],,unknown — verification required,unknown — verification required,unknown — verification required,2026-08-09,2026-08-09,direct fetch and package build,Read-only URL fetch by scripts/citation_url_checker.py; title/hash captured where accessible.,"Michigan Courts domain or source text identifies Michigan; local records identify Genesee County/Flint, Michigan.",204,e3b0c44298fc1c149afbf4c8996fb92427ae41e4649b934ca495991b7852b855,unknown,unknown — verification required,[],[],continuous or ad hoc; check before use,"Michigan Supreme Court rule order, legislation, revised form, local administrative order, judge assignment, or clerk notice.",free,Use short quotations with citation; do not reproduce protected material beyond lawful fair use.,quote-with-citation,"[""Source note""]",Currency and case-specific application require confirmation.,medium — metadata verified where accessible; re-check current text.,templates/subpoena-cover.md,"[""templates/subpoena-cover.md""]",,,,,,,,
templates-witness-list,Witness List,Witness List,Michigan Supreme Court / State of Michigan,Template source note,Template source note,official_guidance,informational,Michigan statewide,Educational drafting structure; not an official court form.,https://www.courts.michigan.gov/siteassets/rules-instructions-administrative-orders/michigan-court-rules/michigan-court-rules-responsive-html5.zip/Michigan_Court_Rules/,[],,unknown — verification required,unknown — verification required,unknown — verification required,2026-08-09,2026-08-09,direct fetch and package build,Read-only URL fetch by scripts/citation_url_checker.py; title/hash captured where accessible.,"Michigan Courts domain or source text identifies Michigan; local records identify Genesee County/Flint, Michigan.",204,e3b0c44298fc1c149afbf4c8996fb92427ae41e4649b934ca495991b7852b855,unknown,unknown — verification required,[],[],continuous or ad hoc; check before use,"Michigan Supreme Court rule order, legislation, revised form, local administrative order, judge assignment, or clerk notice.",free,Use short quotations with citation; do not reproduce protected material beyond lawful fair use.,quote-with-citation,"[""Source note""]",Currency and case-specific application require confirmation.,medium — metadata verified where accessible; re-check current text.,templates/witness-list.md,"[""templates/witness-list.md""]",,,,,,,,
title-iv-d-federal,Social Security Act Title IV-D — Child Support and Establishment of Paternity,Title IV-D,United States Congress,42 USC 651 et seq.,42 U.S.C. §§ 651 et seq. (Title IV-D),statute,binding,federal,Federal IV-D program authorization implemented via 45 CFR 301–310 and state IV-D plan.,https://uscode.house.gov/view.xhtml?path=/prelim@title42/chapter7/subchapter4/partD&edition=prelim,"[""https://www.law.cornell.edu/uscode/text/42/651""]",,,,,2026-08-09,2026-08-09,direct fetch House OLRC view + LII 651,Fetched uscode.house.gov Part D view and Cornell 42 USC 651 on 2026-08-09.,U.S. Code,200,unavailable — see audit verification method,unknown,,[],"[""cfr-45-301-310"", ""mdhhs-ocs-policy-landing""]",unknown,[],free,,quote-with-citation,"[""42 USC 651 et seq.""]",[],high,,"[""references/guidance/title-iv-d-federal.md"", ""references/audit/deep-research-source-audit-2026-08-09.md""]",,,federal,True,deep-research audit 2026-08-09,references/audit/deep-research-source-ledger-2026-08-09.json,,
trap-florida-circuit7,Seventh Judicial Circuit of Florida (wrong-jurisdiction control),Florida circuit7.org TRAP,Seventh Judicial Circuit of Florida,,,local_practice,informational,Florida (Volusia/Flagler/Putnam/St. Johns) — NOT Michigan,Control source documenting wrong-jurisdiction trap. Must never be cited as Genesee authority.,https://circuit7.org/,[],,,,,2026-08-09,2026-08-09,direct fetch,Fetched 2026-08-09; page content identifies Florida Seventh Judicial Circuit.,Explicit Florida circuit identity on fetched page; contrasted with 7thcircuitcourt.com Genesee materials.,200,unavailable — see audit verification method,no,,[],[],unknown,[],free,,cite-only,[],[],high,,"[""references/audit/deep-research-source-audit-2026-08-09.md""]",,,trap,True,deep-research audit 2026-08-09,references/audit/deep-research-source-ledger-2026-08-09.json,,
uccjea-michigan,Uniform Child-Custody Jurisdiction and Enforcement Act (Michigan),UCCJEA,Michigan Legislature,2001 PA 195; MCL 722.1101 et seq.,"UCCJEA, 2001 PA 195, MCL 722.1101 et seq.",statute,binding_if_applicable,Michigan (interstate/home-state/emergency jurisdiction triggers),Trigger-based: interstate custody jurisdiction and enforcement.,https://www.legislature.mi.gov/Laws/MCL?objectName=mcl-act-195-of-2001,"[""https://www.legislature.mi.gov/documents/mcl/pdf/mcl-Act-195-of-2001.pdf"", ""https://law.justia.com/codes/michigan/chapter-722/act-195-of-2001/""]",,,,,2026-08-09,2026-08-09,Justia UCCJEA act index fetch; official blocked,Justia act page fetched 2026-08-09 (limited depth).,Michigan PA 195 of 2001,mirror partial,unavailable — see audit verification method,unknown,,[],[],unknown,[],free,,quote-with-citation,"[""MCL 722.1101 et seq.""]",[],medium,,"[""references/michigan/uccjea.md"", ""references/audit/deep-research-source-audit-2026-08-09.md""]",,,statutes,True,deep-research audit 2026-08-09,references/audit/deep-research-source-ledger-2026-08-09.json,,
uifsa-michigan,Uniform Interstate Family Support Act (Michigan),UIFSA,Michigan Legislature,MCL 552.2101 et seq.,"UIFSA, MCL 552.2101 et seq.",statute,binding_if_applicable,Michigan (interstate support triggers),Trigger-based interstate support jurisdiction and controlling-order rules.,https://www.legislature.mi.gov/Laws/MCL?objectName=MCL-552-2101,"[""https://www.legislature.mi.gov/Laws/MCL?objectName=mcl-Act-255-of-2015""]",,,,,2026-08-09,2026-08-09,URL catalog; official robots-blocked; full text not mirrored successfully,Official objectName URLs recorded; fetch failed. Act 255 of 2015 is candidate enactment reference — CONFIRM on legislature site.,MCL 552.2101 Michigan,blocked,unavailable — see audit verification method,unknown,,[],[],unknown,[],free,,quote-with-citation,[],"[""Confirm exact PA number and current article text on legislature.mi.gov before citing article pins."", ""UNVERIFIED whether Act 255 of 2015 is the correct UIFSA vehicle — verify.""]",low-medium,,"[""references/michigan/uifsa.md"", ""references/audit/deep-research-source-audit-2026-08-09.md""]",,,statutes,False,deep-research audit 2026-08-09,references/audit/deep-research-source-ledger-2026-08-09.json,,
